shape_id,shape_pt_lat,shape_pt_lon,shape_pt_sequence
102-TUR,45.413335,28.012518,1
102-TUR,45.413400,28.012287,2
102-TUR,45.413388,28.012262,3
102-TUR,45.413356,28.012207,4
102-TUR,45.413340,28.012178,5
102-TUR,45.413164,28.011852,6
102-TUR,45.413287,28.011721,7
102-TUR,45.413696,28.011287,8
102-TUR,45.414078,28.010910,9
102-TUR,45.414657,28.010328,10
102-TUR,45.415222,28.009758,11
102-TUR,45.415329,28.009651,12
102-TUR,45.415466,28.009918,13
102-TUR,45.415498,28.009981,14
102-TUR,45.415588,28.010158,15
102-TUR,45.415760,28.010494,16
102-TUR,45.416539,28.012015,17
102-TUR,45.416744,28.012417,18
102-TUR,45.416790,28.012503,19
102-TUR,45.417033,28.012978,20
102-TUR,45.417058,28.013030,21
102-TUR,45.417097,28.013106,22
102-TUR,45.417150,28.013206,23
102-TUR,45.417187,28.013282,24
102-TUR,45.418311,28.015480,25
102-TUR,45.418391,28.015636,26
102-TUR,45.418459,28.015768,27
102-TUR,45.419052,28.016929,28
102-TUR,45.419110,28.017042,29
102-TUR,45.419241,28.017298,30
102-TUR,45.419316,28.017443,31
102-TUR,45.419386,28.017581,32
102-TUR,45.419441,28.017689,33
102-TUR,45.419655,28.018106,34
102-TUR,45.419740,28.018272,35
102-TUR,45.420038,28.018856,36
102-TUR,45.420531,28.019807,37
102-TUR,45.420612,28.019975,38
102-TUR,45.420648,28.020050,39
102-TUR,45.420676,28.020108,40
102-TUR,45.420699,28.020155,41
102-TUR,45.420744,28.020239,42
102-TUR,45.420750,28.020252,43
102-TUR,45.420910,28.020575,44
102-TUR,45.420939,28.020638,45
102-TUR,45.421045,28.020829,46
102-TUR,45.421156,28.021020,47
102-TUR,45.421263,28.021181,48
102-TUR,45.421366,28.021315,49
102-TUR,45.421583,28.021515,50
102-TUR,45.421848,28.021716,51
102-TUR,45.422031,28.021822,52
102-TUR,45.422262,28.021913,53
102-TUR,45.422612,28.022020,54
102-TUR,45.423920,28.022422,55
102-TUR,45.424555,28.022613,56
102-TUR,45.424982,28.022749,57
102-TUR,45.425215,28.022823,58
102-TUR,45.425370,28.022879,59
102-TUR,45.425606,28.022962,60
102-TUR,45.425757,28.023023,61
102-TUR,45.425995,28.023159,62
102-TUR,45.426172,28.023294,63
102-TUR,45.426224,28.023329,64
102-TUR,45.426389,28.023455,65
102-TUR,45.426544,28.023587,66
102-TUR,45.426849,28.023833,67
102-TUR,45.426882,28.023909,68
102-TUR,45.426921,28.024000,69
102-TUR,45.426958,28.024094,70
102-TUR,45.427019,28.024248,71
102-TUR,45.427011,28.024279,72
102-TUR,45.427004,28.024469,73
102-TUR,45.427035,28.024643,74
102-TUR,45.427114,28.024798,75
102-TUR,45.427208,28.024913,76
102-TUR,45.427356,28.025170,77
102-TUR,45.427396,28.025267,78
102-TUR,45.427440,28.025382,79
102-TUR,45.427479,28.025536,80
102-TUR,45.427571,28.026576,81
102-TUR,45.427613,28.027036,82
102-TUR,45.427706,28.028100,83
102-TUR,45.427739,28.028467,84
102-TUR,45.427777,28.028884,85
102-TUR,45.427784,28.028954,86
102-TUR,45.427791,28.029033,87
102-TUR,45.427815,28.029298,88
102-TUR,45.427968,28.030961,89
102-TUR,45.427993,28.031182,90
102-TUR,45.428017,28.031455,91
102-TUR,45.428346,28.035314,92
102-TUR,45.428487,28.036910,93
102-TUR,45.428512,28.037151,94
102-TUR,45.428536,28.037375,95
102-TUR,45.428548,28.037512,96
102-TUR,45.428585,28.037940,97
102-TUR,45.428658,28.038709,98
102-TUR,45.428701,28.039097,99
102-TUR,45.428770,28.039599,100
102-TUR,45.428875,28.040306,101
102-TUR,45.428935,28.040712,102
102-TUR,45.428965,28.040878,103
102-TUR,45.429072,28.041473,104
102-TUR,45.429170,28.041927,105
102-TUR,45.429297,28.042392,106
102-TUR,45.429400,28.042735,107
102-TUR,45.429503,28.043055,108
102-TUR,45.430201,28.045163,109
102-TUR,45.430266,28.045340,110
102-TUR,45.430315,28.045468,111
102-TUR,45.430374,28.045619,112
102-TUR,45.430431,28.045744,113
102-TUR,45.430608,28.046139,114
102-TUR,45.430744,28.046429,115
102-TUR,45.431064,28.047029,116
102-TUR,45.431102,28.047097,117
102-TUR,45.431992,28.048595,118
102-TUR,45.432123,28.048825,119
102-TUR,45.432297,28.049132,120
102-TUR,45.432424,28.049378,121
102-TUR,45.432539,28.049628,122
102-TUR,45.432823,28.050366,123
102-TUR,45.432898,28.050555,124
102-TUR,45.433081,28.050969,125
102-TUR,45.433108,28.051051,126
102-TUR,45.433270,28.051554,127
102-TUR,45.433309,28.051676,128
102-TUR,45.433389,28.051907,129
102-TUR,45.433426,28.052022,130
102-TUR,45.433442,28.052070,131
102-TUR,45.433484,28.052201,132
102-TUR,45.433539,28.052346,133
102-TUR,45.433705,28.052865,134
102-TUR,45.433733,28.052982,135
102-TUR,45.433756,28.053134,136
102-TUR,45.433770,28.053298,137
102-TUR,45.433778,28.053555,138
102-TUR,45.433777,28.053709,139
102-TUR,45.433761,28.054011,140
102-TUR,45.433751,28.054116,141
102-TUR,45.433722,28.054312,142
102-TUR,45.433663,28.054776,143
102-TUR,45.433631,28.055045,144
102-TUR,45.433621,28.055256,145
102-TUR,45.433916,28.055294,146
102-TUR,45.434914,28.055507,147
102-TUR,45.435444,28.055629,148
102-TUR,45.435502,28.055643,149
102-TUR,45.435735,28.055695,150
102-TUR,45.435991,28.055768,151
102-TUR,45.436144,28.055809,152
102-TUR,45.436374,28.055878,153
102-TUR,45.436448,28.055899,154
102-TUR,45.436684,28.055965,155
102-TUR,45.437166,28.056089,156
102-TUR,45.437331,28.056130,157
102-TUR,45.437952,28.056246,158
102-TUR,45.438627,28.056374,159
102-TUR,45.438699,28.056386,160
102-TUR,45.438977,28.056433,161
102-TUR,45.439265,28.056456,162
102-TUR,45.439313,28.056454,163
102-TUR,45.439378,28.056450,164
102-TUR,45.439478,28.056445,165
102-TUR,45.439688,28.056431,166
102-TUR,45.439862,28.056410,167
102-TUR,45.440442,28.056361,168
102-TUR,45.440612,28.056344,169
102-TUR,45.440657,28.056339,170
102-TUR,45.440842,28.056310,171
102-TUR,45.440871,28.056304,172
102-TUR,45.441162,28.056238,173
102-TUR,45.441329,28.056185,174
102-TUR,45.441346,28.056180,175
102-TUR,45.441978,28.056013,176
102-TUR,45.442238,28.055934,177
102-TUR,45.442352,28.055911,178
102-TUR,45.442457,28.055889,179
102-TUR,45.442548,28.055865,180
102-TUR,45.442660,28.055837,181
102-TUR,45.442723,28.055819,182
102-TUR,45.442990,28.055737,183
102-TUR,45.443245,28.055646,184
102-TUR,45.443556,28.055549,185
102-TUR,45.443858,28.055454,186
102-TUR,45.443922,28.055430,187
102-TUR,45.444146,28.055329,188
102-TUR,45.444702,28.055073,189
102-TUR,45.444776,28.055042,190
102-TUR,45.445123,28.054897,191
102-TUR,45.445264,28.054846,192
102-TUR,45.445394,28.054794,193
102-TUR,45.445904,28.054568,194
102-TUR,45.445914,28.054563,195
102-TUR,45.445928,28.054555,196
102-TUR,45.446733,28.054079,197
102-TUR,45.447630,28.053530,198
102-TUR,45.448096,28.053249,199
102-TUR,45.448186,28.053194,200
102-TUR,45.448396,28.053066,201
102-TUR,45.448528,28.052987,202
102-TUR,45.448787,28.052833,203
102-TUR,45.449009,28.052696,204
102-TUR,45.449553,28.052369,205
102-TUR,45.449874,28.052179,206
102-TUR,45.449977,28.052119,207
102-TUR,45.450039,28.052082,208
102-TUR,45.450353,28.051881,209
102-TUR,45.450743,28.051645,210
102-TUR,45.451218,28.051370,211
102-TUR,45.451301,28.051344,212
102-TUR,45.451478,28.051294,213
102-TUR,45.451535,28.051277,214
102-TUR,45.451575,28.051254,215
102-TUR,45.451614,28.051224,216
102-TUR,45.451665,28.051181,217
102-TUR,45.451744,28.051102,218
102-TUR,45.451800,28.051034,219
102-TUR,45.452238,28.050764,220
102-TUR,45.452683,28.050494,221
102-TUR,45.452938,28.050336,222
102-TUR,45.453216,28.050168,223
102-TUR,45.453477,28.050016,224
102-TUR,45.453708,28.049874,225
102-TUR,45.453817,28.049808,226
102-TUR,45.454005,28.049691,227
102-TUR,45.454240,28.049545,228
102-TUR,45.454353,28.049475,229
102-TUR,45.454420,28.049433,230
102-TUR,45.454917,28.049114,231
102-TUR,45.456032,28.048419,232
102-TUR,45.456648,28.048029,233
102-TUR,45.456777,28.047950,234
102-TUR,45.456939,28.047856,235
102-TUR,45.456997,28.047818,236
102-TUR,45.457266,28.047655,237
102-TUR,45.457621,28.047449,238
102-TUR,45.458031,28.047210,239
102-TUR,45.458112,28.047161,240
102-TUR,45.458567,28.046888,241
102-TUR,45.458796,28.046751,242
102-TUR,45.458947,28.046660,243
102-TUR,45.459258,28.046480,244
102-TUR,45.459907,28.046112,245
102-TUR,45.460393,28.045847,246
102-TUR,45.460876,28.045593,247
102-TUR,45.461288,28.045372,248
102-TUR,45.461583,28.045217,249
102-TUR,45.461678,28.045168,250
102-TUR,45.462036,28.044979,251
102-TUR,45.462392,28.044796,252
102-TUR,45.462634,28.044674,253
102-TUR,45.462768,28.044587,254
102-TUR,45.462848,28.044514,255
102-TUR,45.462931,28.044425,256
102-TUR,45.462985,28.044343,257
102-TUR,45.463040,28.044243,258
102-TUR,45.463090,28.044139,259
102-TUR,45.463150,28.044015,260
102-TUR,45.463279,28.043735,261
102-TUR,45.463354,28.043574,262
102-TUR,45.463885,28.042413,263
102-TUR,45.463921,28.042283,264
102-TUR,45.463937,28.042155,265
102-TUR,45.463935,28.042050,266
102-TUR,45.463915,28.041906,267
102-TUR,45.463881,28.041787,268
102-TUR,45.463575,28.040790,269
102-TUR,45.463045,28.039007,270
102-TUR,45.462583,28.037426,271
102-TUR,45.462548,28.037307,272
102-TUR,45.462512,28.037182,273
102-TUR,45.462688,28.037085,274
102-TUR,45.463020,28.036900,275
102-TUR,45.463036,28.036892,276
102-TUR,45.464539,28.036105,277
102-TUR,45.464665,28.036039,278
102-TUR,45.464727,28.036207,279
102-TUR,45.464791,28.036302,280
102-TUR,45.464849,28.036355,281
102-TUR,45.464906,28.036383,282
102-TUR,45.464969,28.036395,283
102-TUR,45.465026,28.036394,284
102-TUR,45.465092,28.036376,285
102-TUR,45.465155,28.036330,286
102-TUR,45.465201,28.036259,287
102-TUR,45.465238,28.036181,288
102-RETUR,45.465238,28.036181,1
102-RETUR,45.465260,28.036093,2
102-RETUR,45.465265,28.036031,3
102-RETUR,45.465263,28.035929,4
102-RETUR,45.465261,28.035865,5
102-RETUR,45.465292,28.035866,6
102-RETUR,45.465324,28.035861,7
102-RETUR,45.465350,28.035843,8
102-RETUR,45.465373,28.035825,9
102-RETUR,45.465394,28.035794,10
102-RETUR,45.465408,28.035765,11
102-RETUR,45.465419,28.035730,12
102-RETUR,45.465425,28.035663,13
102-RETUR,45.465415,28.035598,14
102-RETUR,45.465390,28.035541,15
102-RETUR,45.465363,28.035507,16
102-RETUR,45.465331,28.035485,17
102-RETUR,45.465296,28.035475,18
102-RETUR,45.465260,28.035478,19
102-RETUR,45.465226,28.035495,20
102-RETUR,45.465196,28.035524,21
102-RETUR,45.465172,28.035563,22
102-RETUR,45.465154,28.035620,23
102-RETUR,45.465149,28.035682,24
102-RETUR,45.465059,28.035761,25
102-RETUR,45.464882,28.035889,26
102-RETUR,45.464736,28.036000,27
102-RETUR,45.464701,28.036019,28
102-RETUR,45.464665,28.036039,29
102-RETUR,45.464539,28.036105,30
102-RETUR,45.463036,28.036892,31
102-RETUR,45.463020,28.036900,32
102-RETUR,45.462688,28.037085,33
102-RETUR,45.462512,28.037182,34
102-RETUR,45.462548,28.037307,35
102-RETUR,45.462583,28.037426,36
102-RETUR,45.463045,28.039007,37
102-RETUR,45.463575,28.040790,38
102-RETUR,45.463881,28.041787,39
102-RETUR,45.463915,28.041906,40
102-RETUR,45.463935,28.042050,41
102-RETUR,45.463937,28.042155,42
102-RETUR,45.463921,28.042283,43
102-RETUR,45.463885,28.042413,44
102-RETUR,45.463354,28.043574,45
102-RETUR,45.463279,28.043735,46
102-RETUR,45.463150,28.044015,47
102-RETUR,45.463090,28.044139,48
102-RETUR,45.463040,28.044243,49
102-RETUR,45.462985,28.044343,50
102-RETUR,45.462931,28.044425,51
102-RETUR,45.462848,28.044514,52
102-RETUR,45.462768,28.044587,53
102-RETUR,45.462634,28.044674,54
102-RETUR,45.462392,28.044796,55
102-RETUR,45.462036,28.044979,56
102-RETUR,45.461678,28.045168,57
102-RETUR,45.461583,28.045217,58
102-RETUR,45.461288,28.045372,59
102-RETUR,45.460876,28.045593,60
102-RETUR,45.460393,28.045847,61
102-RETUR,45.459907,28.046112,62
102-RETUR,45.459258,28.046480,63
102-RETUR,45.458947,28.046660,64
102-RETUR,45.458796,28.046751,65
102-RETUR,45.458567,28.046888,66
102-RETUR,45.458112,28.047161,67
102-RETUR,45.458031,28.047210,68
102-RETUR,45.457621,28.047449,69
102-RETUR,45.457266,28.047655,70
102-RETUR,45.456997,28.047818,71
102-RETUR,45.456939,28.047856,72
102-RETUR,45.456777,28.047950,73
102-RETUR,45.456648,28.048029,74
102-RETUR,45.456032,28.048419,75
102-RETUR,45.454917,28.049114,76
102-RETUR,45.454420,28.049433,77
102-RETUR,45.454353,28.049475,78
102-RETUR,45.454240,28.049545,79
102-RETUR,45.454005,28.049691,80
102-RETUR,45.453817,28.049808,81
102-RETUR,45.453708,28.049874,82
102-RETUR,45.453477,28.050016,83
102-RETUR,45.453216,28.050168,84
102-RETUR,45.452938,28.050336,85
102-RETUR,45.452683,28.050494,86
102-RETUR,45.452238,28.050764,87
102-RETUR,45.451800,28.051034,88
102-RETUR,45.451705,28.051037,89
102-RETUR,45.451625,28.051045,90
102-RETUR,45.451567,28.051057,91
102-RETUR,45.451503,28.051088,92
102-RETUR,45.451430,28.051154,93
102-RETUR,45.451292,28.051301,94
102-RETUR,45.451218,28.051370,95
102-RETUR,45.450743,28.051645,96
102-RETUR,45.450353,28.051881,97
102-RETUR,45.450039,28.052082,98
102-RETUR,45.449977,28.052119,99
102-RETUR,45.449874,28.052179,100
102-RETUR,45.449553,28.052369,101
102-RETUR,45.449009,28.052696,102
102-RETUR,45.448787,28.052833,103
102-RETUR,45.448528,28.052987,104
102-RETUR,45.448396,28.053066,105
102-RETUR,45.448186,28.053194,106
102-RETUR,45.448096,28.053249,107
102-RETUR,45.447630,28.053530,108
102-RETUR,45.446733,28.054079,109
102-RETUR,45.445928,28.054555,110
102-RETUR,45.445914,28.054563,111
102-RETUR,45.445904,28.054568,112
102-RETUR,45.445394,28.054794,113
102-RETUR,45.445264,28.054846,114
102-RETUR,45.445123,28.054897,115
102-RETUR,45.444776,28.055042,116
102-RETUR,45.444702,28.055073,117
102-RETUR,45.444146,28.055329,118
102-RETUR,45.443922,28.055430,119
102-RETUR,45.443858,28.055454,120
102-RETUR,45.443556,28.055549,121
102-RETUR,45.443245,28.055646,122
102-RETUR,45.442990,28.055737,123
102-RETUR,45.442723,28.055819,124
102-RETUR,45.442660,28.055837,125
102-RETUR,45.442548,28.055865,126
102-RETUR,45.442457,28.055889,127
102-RETUR,45.442352,28.055911,128
102-RETUR,45.442238,28.055934,129
102-RETUR,45.441978,28.056013,130
102-RETUR,45.441346,28.056180,131
102-RETUR,45.441329,28.056185,132
102-RETUR,45.441162,28.056238,133
102-RETUR,45.440871,28.056304,134
102-RETUR,45.440842,28.056310,135
102-RETUR,45.440657,28.056339,136
102-RETUR,45.440612,28.056344,137
102-RETUR,45.440442,28.056361,138
102-RETUR,45.439862,28.056410,139
102-RETUR,45.439688,28.056431,140
102-RETUR,45.439478,28.056445,141
102-RETUR,45.439378,28.056450,142
102-RETUR,45.439313,28.056454,143
102-RETUR,45.439265,28.056456,144
102-RETUR,45.438977,28.056433,145
102-RETUR,45.438699,28.056386,146
102-RETUR,45.438627,28.056374,147
102-RETUR,45.437952,28.056246,148
102-RETUR,45.437331,28.056130,149
102-RETUR,45.437166,28.056089,150
102-RETUR,45.436684,28.055965,151
102-RETUR,45.436448,28.055899,152
102-RETUR,45.436374,28.055878,153
102-RETUR,45.436144,28.055809,154
102-RETUR,45.435991,28.055768,155
102-RETUR,45.435735,28.055695,156
102-RETUR,45.435502,28.055643,157
102-RETUR,45.435444,28.055629,158
102-RETUR,45.434914,28.055507,159
102-RETUR,45.434964,28.055084,160
102-RETUR,45.434979,28.054884,161
102-RETUR,45.434939,28.054619,162
102-RETUR,45.434883,28.054433,163
102-RETUR,45.434825,28.054310,164
102-RETUR,45.434749,28.054184,165
102-RETUR,45.434698,28.054102,166
102-RETUR,45.434620,28.054000,167
102-RETUR,45.434500,28.054057,168
102-RETUR,45.434402,28.054068,169
102-RETUR,45.434211,28.054051,170
102-RETUR,45.433928,28.054029,171
102-RETUR,45.433761,28.054011,172
102-RETUR,45.433777,28.053709,173
102-RETUR,45.433778,28.053555,174
102-RETUR,45.433770,28.053298,175
102-RETUR,45.433756,28.053134,176
102-RETUR,45.433733,28.052982,177
102-RETUR,45.433705,28.052865,178
102-RETUR,45.433539,28.052346,179
102-RETUR,45.433484,28.052201,180
102-RETUR,45.433442,28.052070,181
102-RETUR,45.433426,28.052022,182
102-RETUR,45.433389,28.051907,183
102-RETUR,45.433309,28.051676,184
102-RETUR,45.433270,28.051554,185
102-RETUR,45.433108,28.051051,186
102-RETUR,45.433081,28.050969,187
102-RETUR,45.432965,28.050469,188
102-RETUR,45.432833,28.049988,189
102-RETUR,45.432746,28.049707,190
102-RETUR,45.432678,28.049504,191
102-RETUR,45.432552,28.049230,192
102-RETUR,45.432372,28.048893,193
102-RETUR,45.432245,28.048684,194
102-RETUR,45.431223,28.046978,195
102-RETUR,45.431186,28.046912,196
102-RETUR,45.431041,28.046640,197
102-RETUR,45.430757,28.046073,198
102-RETUR,45.430575,28.045673,199
102-RETUR,45.430512,28.045513,200
102-RETUR,45.430454,28.045355,201
102-RETUR,45.430408,28.045234,202
102-RETUR,45.430354,28.045067,203
102-RETUR,45.429529,28.042542,204
102-RETUR,45.429344,28.041886,205
102-RETUR,45.429236,28.041434,206
102-RETUR,45.429120,28.040858,207
102-RETUR,45.429082,28.040666,208
102-RETUR,45.429002,28.040194,209
102-RETUR,45.428911,28.039562,210
102-RETUR,45.428848,28.039082,211
102-RETUR,45.428713,28.037895,212
102-RETUR,45.428670,28.037456,213
102-RETUR,45.428658,28.037307,214
102-RETUR,45.428641,28.037125,215
102-RETUR,45.428612,28.036770,216
102-RETUR,45.428556,28.036076,217
102-RETUR,45.428522,28.035563,218
102-RETUR,45.428383,28.033978,219
102-RETUR,45.428336,28.033446,220
102-RETUR,45.428231,28.032193,221
102-RETUR,45.428168,28.031442,222
102-RETUR,45.428145,28.031151,223
102-RETUR,45.428046,28.030009,224
102-RETUR,45.427976,28.029267,225
102-RETUR,45.427952,28.029021,226
102-RETUR,45.427946,28.028954,227
102-RETUR,45.427943,28.028921,228
102-RETUR,45.427868,28.028030,229
102-RETUR,45.427840,28.027738,230
102-RETUR,45.427780,28.027047,231
102-RETUR,45.427715,28.026260,232
102-RETUR,45.427664,28.025655,233
102-RETUR,45.427654,28.025555,234
102-RETUR,45.427646,28.025472,235
102-RETUR,45.427639,28.025337,236
102-RETUR,45.427642,28.025231,237
102-RETUR,45.427653,28.025110,238
102-RETUR,45.427661,28.025029,239
102-RETUR,45.427685,28.024815,240
102-RETUR,45.427724,28.024751,241
102-RETUR,45.427772,28.024627,242
102-RETUR,45.427799,28.024469,243
102-RETUR,45.427794,28.024306,244
102-RETUR,45.427756,28.024152,245
102-RETUR,45.427722,28.024075,246
102-RETUR,45.427639,28.023960,247
102-RETUR,45.427581,28.023909,248
102-RETUR,45.427511,28.023870,249
102-RETUR,45.427435,28.023853,250
102-RETUR,45.427361,28.023851,251
102-RETUR,45.427277,28.023872,252
102-RETUR,45.427234,28.023897,253
102-RETUR,45.427116,28.023921,254
102-RETUR,45.427003,28.023909,255
102-RETUR,45.426908,28.023862,256
102-RETUR,45.426849,28.023833,257
102-RETUR,45.426544,28.023587,258
102-RETUR,45.426389,28.023455,259
102-RETUR,45.426224,28.023329,260
102-RETUR,45.426172,28.023294,261
102-RETUR,45.425995,28.023159,262
102-RETUR,45.425757,28.023023,263
102-RETUR,45.425606,28.022962,264
102-RETUR,45.425370,28.022879,265
102-RETUR,45.425215,28.022823,266
102-RETUR,45.424982,28.022749,267
102-RETUR,45.424555,28.022613,268
102-RETUR,45.423920,28.022422,269
102-RETUR,45.422612,28.022020,270
102-RETUR,45.422262,28.021913,271
102-RETUR,45.422031,28.021822,272
102-RETUR,45.421848,28.021716,273
102-RETUR,45.421583,28.021515,274
102-RETUR,45.421366,28.021315,275
102-RETUR,45.421263,28.021181,276
102-RETUR,45.421156,28.021020,277
102-RETUR,45.421045,28.020829,278
102-RETUR,45.420939,28.020638,279
102-RETUR,45.420910,28.020575,280
102-RETUR,45.420750,28.020252,281
102-RETUR,45.420744,28.020239,282
102-RETUR,45.420699,28.020155,283
102-RETUR,45.420676,28.020108,284
102-RETUR,45.420648,28.020050,285
102-RETUR,45.420612,28.019975,286
102-RETUR,45.420531,28.019807,287
102-RETUR,45.420038,28.018856,288
102-RETUR,45.419740,28.018272,289
102-RETUR,45.419655,28.018106,290
102-RETUR,45.419441,28.017689,291
102-RETUR,45.419386,28.017581,292
102-RETUR,45.419316,28.017443,293
102-RETUR,45.419241,28.017298,294
102-RETUR,45.419110,28.017042,295
102-RETUR,45.419052,28.016929,296
102-RETUR,45.418459,28.015768,297
102-RETUR,45.418391,28.015636,298
102-RETUR,45.418311,28.015480,299
102-RETUR,45.417187,28.013282,300
102-RETUR,45.417150,28.013206,301
102-RETUR,45.417097,28.013106,302
102-RETUR,45.417058,28.013030,303
102-RETUR,45.417033,28.012978,304
102-RETUR,45.416790,28.012503,305
102-RETUR,45.416744,28.012417,306
102-RETUR,45.416539,28.012015,307
102-RETUR,45.415760,28.010494,308
102-RETUR,45.415588,28.010158,309
102-RETUR,45.415498,28.009981,310
102-RETUR,45.415466,28.009918,311
102-RETUR,45.415329,28.009651,312
102-RETUR,45.415261,28.009517,313
102-RETUR,45.415151,28.009626,314
102-RETUR,45.414917,28.009859,315
102-RETUR,45.414614,28.010160,316
102-RETUR,45.414015,28.010788,317
102-RETUR,45.413502,28.011325,318
102-RETUR,45.413232,28.011603,319
102-RETUR,45.413098,28.011750,320
102-RETUR,45.412945,28.011925,321
102-RETUR,45.412825,28.012091,322
102-RETUR,45.412894,28.012211,323
102-RETUR,45.413073,28.012523,324
102-RETUR,45.413132,28.012625,325
102-RETUR,45.413199,28.012731,326
102-RETUR,45.413251,28.012823,327
102-RETUR,45.413335,28.012518,328
106-TUR,45.413335,28.012518,1
106-TUR,45.413400,28.012287,2
106-TUR,45.413388,28.012262,3
106-TUR,45.413356,28.012207,4
106-TUR,45.413340,28.012178,5
106-TUR,45.413164,28.011852,6
106-TUR,45.413098,28.011750,7
106-TUR,45.412945,28.011925,8
106-TUR,45.412825,28.012091,9
106-TUR,45.412795,28.012146,10
106-TUR,45.412703,28.012370,11
106-TUR,45.412441,28.013007,12
106-TUR,45.412153,28.013687,13
106-TUR,45.412058,28.013900,14
106-TUR,45.412039,28.013936,15
106-TUR,45.412022,28.013968,16
106-TUR,45.411930,28.014102,17
106-TUR,45.411784,28.014256,18
106-TUR,45.411745,28.014302,19
106-TUR,45.411713,28.014359,20
106-TUR,45.411509,28.014541,21
106-TUR,45.411393,28.014632,22
106-TUR,45.411273,28.014702,23
106-TUR,45.410983,28.014807,24
106-TUR,45.410889,28.014825,25
106-TUR,45.410876,28.014826,26
106-TUR,45.410818,28.014838,27
106-TUR,45.410674,28.014865,28
106-TUR,45.410574,28.014886,29
106-TUR,45.410442,28.014914,30
106-TUR,45.410382,28.014922,31
106-TUR,45.410368,28.014916,32
106-TUR,45.410247,28.014916,33
106-TUR,45.410007,28.014907,34
106-TUR,45.409664,28.014908,35
106-TUR,45.409645,28.014882,36
106-TUR,45.409535,28.014475,37
106-TUR,45.409483,28.014281,38
106-TUR,45.409429,28.013646,39
106-TUR,45.409420,28.013535,40
106-TUR,45.409414,28.013468,41
106-TUR,45.409386,28.013154,42
106-TUR,45.409352,28.012769,43
106-TUR,45.409337,28.012606,44
106-TUR,45.409324,28.012457,45
106-TUR,45.409292,28.012080,46
106-TUR,45.409251,28.011608,47
106-TUR,45.409241,28.011453,48
106-TUR,45.409238,28.011301,49
106-TUR,45.409240,28.011126,50
106-TUR,45.409258,28.010930,51
106-TUR,45.409286,28.010734,52
106-TUR,45.409330,28.010551,53
106-TUR,45.409382,28.010424,54
106-TUR,45.409466,28.010251,55
106-TUR,45.409541,28.010131,56
106-TUR,45.409635,28.010011,57
106-TUR,45.409742,28.009890,58
106-TUR,45.409814,28.009808,59
106-TUR,45.409836,28.009784,60
106-TUR,45.409895,28.009717,61
106-TUR,45.410109,28.009497,62
106-TUR,45.410204,28.009398,63
106-TUR,45.410391,28.009208,64
106-TUR,45.410608,28.008986,65
106-TUR,45.410755,28.008838,66
106-TUR,45.410833,28.008760,67
106-TUR,45.410980,28.008610,68
106-TUR,45.411073,28.008513,69
106-TUR,45.411181,28.008405,70
106-TUR,45.411353,28.008233,71
106-TUR,45.411402,28.008179,72
106-TUR,45.411471,28.008099,73
106-TUR,45.411606,28.007966,74
106-TUR,45.411818,28.007745,75
106-TUR,45.412130,28.007408,76
106-TUR,45.412233,28.007306,77
106-TUR,45.412679,28.006850,78
106-TUR,45.412725,28.006800,79
106-TUR,45.412853,28.006661,80
106-TUR,45.412920,28.006592,81
106-TUR,45.412983,28.006526,82
106-TUR,45.413051,28.006455,83
106-TUR,45.413060,28.006446,84
106-TUR,45.413075,28.006431,85
106-TUR,45.413135,28.006368,86
106-TUR,45.413278,28.006223,87
106-TUR,45.413428,28.006184,88
106-TUR,45.413496,28.006166,89
106-TUR,45.413517,28.006168,90
106-TUR,45.413699,28.006362,91
106-TUR,45.413897,28.006763,92
106-TUR,45.413996,28.006963,93
106-TUR,45.414162,28.007285,94
106-TUR,45.414175,28.007315,95
106-TUR,45.414336,28.007647,96
106-TUR,45.414426,28.007828,97
106-TUR,45.414897,28.008775,98
106-TUR,45.414998,28.008979,99
106-TUR,45.415261,28.009517,100
106-TUR,45.415329,28.009651,101
106-TUR,45.415466,28.009918,102
106-TUR,45.415498,28.009981,103
106-TUR,45.415588,28.010158,104
106-TUR,45.415760,28.010494,105
106-TUR,45.416539,28.012015,106
106-TUR,45.416744,28.012417,107
106-TUR,45.416790,28.012503,108
106-TUR,45.417033,28.012978,109
106-TUR,45.417058,28.013030,110
106-TUR,45.417097,28.013106,111
106-TUR,45.417150,28.013206,112
106-TUR,45.417187,28.013282,113
106-TUR,45.418311,28.015480,114
106-TUR,45.418391,28.015636,115
106-TUR,45.418459,28.015768,116
106-TUR,45.419052,28.016929,117
106-TUR,45.419110,28.017042,118
106-TUR,45.419241,28.017298,119
106-TUR,45.419316,28.017443,120
106-TUR,45.419386,28.017581,121
106-TUR,45.419441,28.017689,122
106-TUR,45.419655,28.018106,123
106-TUR,45.419740,28.018272,124
106-TUR,45.420038,28.018856,125
106-TUR,45.420531,28.019807,126
106-TUR,45.420612,28.019975,127
106-TUR,45.420648,28.020050,128
106-TUR,45.420676,28.020108,129
106-TUR,45.420699,28.020155,130
106-TUR,45.420744,28.020239,131
106-TUR,45.420750,28.020252,132
106-TUR,45.420910,28.020575,133
106-TUR,45.420939,28.020638,134
106-TUR,45.421045,28.020829,135
106-TUR,45.421156,28.021020,136
106-TUR,45.421263,28.021181,137
106-TUR,45.421366,28.021315,138
106-TUR,45.421583,28.021515,139
106-TUR,45.421848,28.021716,140
106-TUR,45.422031,28.021822,141
106-TUR,45.422262,28.021913,142
106-TUR,45.422612,28.022020,143
106-TUR,45.423920,28.022422,144
106-TUR,45.424555,28.022613,145
106-TUR,45.424982,28.022749,146
106-TUR,45.425215,28.022823,147
106-TUR,45.425370,28.022879,148
106-TUR,45.425606,28.022962,149
106-TUR,45.425757,28.023023,150
106-TUR,45.425995,28.023159,151
106-TUR,45.426172,28.023294,152
106-TUR,45.426224,28.023329,153
106-TUR,45.426389,28.023455,154
106-TUR,45.426544,28.023587,155
106-TUR,45.426849,28.023833,156
106-TUR,45.426882,28.023909,157
106-TUR,45.426921,28.024000,158
106-TUR,45.426958,28.024094,159
106-TUR,45.427019,28.024248,160
106-TUR,45.427011,28.024279,161
106-TUR,45.427004,28.024469,162
106-TUR,45.427035,28.024643,163
106-TUR,45.427114,28.024798,164
106-TUR,45.427208,28.024913,165
106-TUR,45.427356,28.025170,166
106-TUR,45.427396,28.025267,167
106-TUR,45.427440,28.025382,168
106-TUR,45.427479,28.025536,169
106-TUR,45.427571,28.026576,170
106-TUR,45.427613,28.027036,171
106-TUR,45.427706,28.028100,172
106-TUR,45.427739,28.028467,173
106-TUR,45.427777,28.028884,174
106-TUR,45.427784,28.028954,175
106-TUR,45.427791,28.029033,176
106-TUR,45.427815,28.029298,177
106-TUR,45.427968,28.030961,178
106-TUR,45.427993,28.031182,179
106-TUR,45.428017,28.031455,180
106-TUR,45.428346,28.035314,181
106-TUR,45.428487,28.036910,182
106-TUR,45.428512,28.037151,183
106-TUR,45.428536,28.037375,184
106-TUR,45.428548,28.037512,185
106-TUR,45.428585,28.037940,186
106-TUR,45.428658,28.038709,187
106-TUR,45.428701,28.039097,188
106-TUR,45.428770,28.039599,189
106-TUR,45.428875,28.040306,190
106-TUR,45.428935,28.040712,191
106-TUR,45.428965,28.040878,192
106-TUR,45.429072,28.041473,193
106-TUR,45.429170,28.041927,194
106-TUR,45.429297,28.042392,195
106-TUR,45.429400,28.042735,196
106-TUR,45.429503,28.043055,197
106-TUR,45.430201,28.045163,198
106-TUR,45.430266,28.045340,199
106-TUR,45.430315,28.045468,200
106-TUR,45.430374,28.045619,201
106-TUR,45.430431,28.045744,202
106-TUR,45.430608,28.046139,203
106-TUR,45.430744,28.046429,204
106-TUR,45.431064,28.047029,205
106-TUR,45.431102,28.047097,206
106-TUR,45.431992,28.048595,207
106-TUR,45.432123,28.048825,208
106-TUR,45.432297,28.049132,209
106-TUR,45.432424,28.049378,210
106-TUR,45.432539,28.049628,211
106-TUR,45.432823,28.050366,212
106-TUR,45.432898,28.050555,213
106-TUR,45.433081,28.050969,214
106-TUR,45.433108,28.051051,215
106-TUR,45.433270,28.051554,216
106-TUR,45.433309,28.051676,217
106-TUR,45.433389,28.051907,218
106-TUR,45.433426,28.052022,219
106-TUR,45.433442,28.052070,220
106-TUR,45.433484,28.052201,221
106-TUR,45.433539,28.052346,222
106-TUR,45.433705,28.052865,223
106-TUR,45.433733,28.052982,224
106-TUR,45.433756,28.053134,225
106-TUR,45.433770,28.053298,226
106-TUR,45.433778,28.053555,227
106-TUR,45.433777,28.053709,228
106-TUR,45.433761,28.054011,229
106-TUR,45.433751,28.054116,230
106-TUR,45.433722,28.054312,231
106-TUR,45.433663,28.054776,232
106-TUR,45.433631,28.055045,233
106-TUR,45.433621,28.055256,234
106-TUR,45.433916,28.055294,235
106-TUR,45.434914,28.055507,236
106-TUR,45.435444,28.055629,237
106-TUR,45.435502,28.055643,238
106-TUR,45.435735,28.055695,239
106-TUR,45.435991,28.055768,240
106-TUR,45.436144,28.055809,241
106-TUR,45.436374,28.055878,242
106-TUR,45.436448,28.055899,243
106-TUR,45.436684,28.055965,244
106-TUR,45.437166,28.056089,245
106-TUR,45.437331,28.056130,246
106-TUR,45.437952,28.056246,247
106-TUR,45.438627,28.056374,248
106-TUR,45.438699,28.056386,249
106-TUR,45.438977,28.056433,250
106-TUR,45.439265,28.056456,251
106-TUR,45.439313,28.056454,252
106-TUR,45.439378,28.056450,253
106-TUR,45.439478,28.056445,254
106-TUR,45.439688,28.056431,255
106-TUR,45.439862,28.056410,256
106-TUR,45.440442,28.056361,257
106-TUR,45.440612,28.056344,258
106-TUR,45.440657,28.056339,259
106-TUR,45.440842,28.056310,260
106-TUR,45.440871,28.056304,261
106-TUR,45.441162,28.056238,262
106-TUR,45.441329,28.056185,263
106-TUR,45.441346,28.056180,264
106-TUR,45.441978,28.056013,265
106-TUR,45.442238,28.055934,266
106-TUR,45.442352,28.055911,267
106-TUR,45.442457,28.055889,268
106-TUR,45.442548,28.055865,269
106-TUR,45.442660,28.055837,270
106-TUR,45.442723,28.055819,271
106-TUR,45.442990,28.055737,272
106-TUR,45.443245,28.055646,273
106-TUR,45.443556,28.055549,274
106-TUR,45.443709,28.055560,275
106-TUR,45.443795,28.055601,276
106-TUR,45.443869,28.055662,277
106-TUR,45.443962,28.055776,278
106-TUR,45.443995,28.056271,279
106-TUR,45.444008,28.056431,280
106-TUR,45.444016,28.056563,281
106-TUR,45.444017,28.056574,282
106-TUR,45.443937,28.056605,283
106-TUR,45.443864,28.056646,284
106-TUR,45.443486,28.056862,285
106-TUR,45.443345,28.056954,286
106-TUR,45.443319,28.056971,287
106-TUR,45.443310,28.057048,288
106-TUR,45.443303,28.057106,289
106-TUR,45.443297,28.057236,290
106-TUR,45.443281,28.057675,291
106-TUR,45.443279,28.058034,292
106-TUR,45.443274,28.058600,293
106-TUR,45.443275,28.058675,294
106-TUR,45.443275,28.058803,295
106-TUR,45.443278,28.058945,296
106-TUR,45.443282,28.058976,297
106-TUR,45.443283,28.059014,298
106-TUR,45.443292,28.059105,299
106-TUR,45.443320,28.059206,300
106-TUR,45.443399,28.059401,301
106-TUR,45.443439,28.059479,302
106-TUR,45.443489,28.059576,303
106-TUR,45.443723,28.060042,304
106-TUR,45.443791,28.060144,305
106-TUR,45.443897,28.060199,306
106-TUR,45.444123,28.060070,307
106-TUR,45.444496,28.059945,308
106-RETUR,45.444496,28.059945,1
106-RETUR,45.444774,28.059852,2
106-RETUR,45.444911,28.059805,3
106-RETUR,45.444864,28.059428,4
106-RETUR,45.444767,28.059427,5
106-RETUR,45.444595,28.059385,6
106-RETUR,45.444054,28.059189,7
106-RETUR,45.443756,28.059109,8
106-RETUR,45.443630,28.059096,9
106-RETUR,45.443545,28.059040,10
106-RETUR,45.443410,28.059009,11
106-RETUR,45.443354,28.058991,12
106-RETUR,45.443333,28.058983,13
106-RETUR,45.443311,28.058968,14
106-RETUR,45.443278,28.058945,15
106-RETUR,45.443275,28.058803,16
106-RETUR,45.443275,28.058675,17
106-RETUR,45.443274,28.058600,18
106-RETUR,45.443279,28.058034,19
106-RETUR,45.443281,28.057675,20
106-RETUR,45.443297,28.057236,21
106-RETUR,45.443303,28.057106,22
106-RETUR,45.443310,28.057048,23
106-RETUR,45.443319,28.056971,24
106-RETUR,45.443345,28.056954,25
106-RETUR,45.443486,28.056862,26
106-RETUR,45.443864,28.056646,27
106-RETUR,45.443937,28.056605,28
106-RETUR,45.444017,28.056574,29
106-RETUR,45.444016,28.056563,30
106-RETUR,45.444008,28.056431,31
106-RETUR,45.443995,28.056271,32
106-RETUR,45.443962,28.055776,33
106-RETUR,45.443940,28.055572,34
106-RETUR,45.443922,28.055430,35
106-RETUR,45.443901,28.055201,36
106-RETUR,45.443883,28.054792,37
106-RETUR,45.443811,28.053734,38
106-RETUR,45.443791,28.053419,39
106-RETUR,45.443657,28.051661,40
106-RETUR,45.443561,28.051712,41
106-RETUR,45.443461,28.051752,42
106-RETUR,45.443377,28.051782,43
106-RETUR,45.443250,28.051815,44
106-RETUR,45.443148,28.051837,45
106-RETUR,45.442537,28.051917,46
106-RETUR,45.442208,28.051966,47
106-RETUR,45.441564,28.052055,48
106-RETUR,45.441257,28.052095,49
106-RETUR,45.441225,28.052103,50
106-RETUR,45.440677,28.052179,51
106-RETUR,45.440056,28.052255,52
106-RETUR,45.439955,28.052267,53
106-RETUR,45.439677,28.052304,54
106-RETUR,45.439076,28.052398,55
106-RETUR,45.438663,28.052453,56
106-RETUR,45.438488,28.052474,57
106-RETUR,45.437720,28.052582,58
106-RETUR,45.437170,28.052656,59
106-RETUR,45.437017,28.052679,60
106-RETUR,45.436958,28.052687,61
106-RETUR,45.436823,28.052700,62
106-RETUR,45.436704,28.052715,63
106-RETUR,45.436593,28.052752,64
106-RETUR,45.436437,28.052827,65
106-RETUR,45.436244,28.052950,66
106-RETUR,45.435806,28.053204,67
106-RETUR,45.435677,28.053272,68
106-RETUR,45.435246,28.053502,69
106-RETUR,45.434922,28.053757,70
106-RETUR,45.434783,28.053871,71
106-RETUR,45.434620,28.054000,72
106-RETUR,45.434500,28.054057,73
106-RETUR,45.434402,28.054068,74
106-RETUR,45.434211,28.054051,75
106-RETUR,45.433928,28.054029,76
106-RETUR,45.433761,28.054011,77
106-RETUR,45.433777,28.053709,78
106-RETUR,45.433778,28.053555,79
106-RETUR,45.433770,28.053298,80
106-RETUR,45.433756,28.053134,81
106-RETUR,45.433733,28.052982,82
106-RETUR,45.433705,28.052865,83
106-RETUR,45.433539,28.052346,84
106-RETUR,45.433484,28.052201,85
106-RETUR,45.433442,28.052070,86
106-RETUR,45.433426,28.052022,87
106-RETUR,45.433389,28.051907,88
106-RETUR,45.433309,28.051676,89
106-RETUR,45.433270,28.051554,90
106-RETUR,45.433108,28.051051,91
106-RETUR,45.433081,28.050969,92
106-RETUR,45.432965,28.050469,93
106-RETUR,45.432833,28.049988,94
106-RETUR,45.432746,28.049707,95
106-RETUR,45.432678,28.049504,96
106-RETUR,45.432552,28.049230,97
106-RETUR,45.432372,28.048893,98
106-RETUR,45.432245,28.048684,99
106-RETUR,45.431223,28.046978,100
106-RETUR,45.431186,28.046912,101
106-RETUR,45.431041,28.046640,102
106-RETUR,45.430757,28.046073,103
106-RETUR,45.430575,28.045673,104
106-RETUR,45.430512,28.045513,105
106-RETUR,45.430454,28.045355,106
106-RETUR,45.430408,28.045234,107
106-RETUR,45.430354,28.045067,108
106-RETUR,45.429529,28.042542,109
106-RETUR,45.429344,28.041886,110
106-RETUR,45.429236,28.041434,111
106-RETUR,45.429120,28.040858,112
106-RETUR,45.429082,28.040666,113
106-RETUR,45.429002,28.040194,114
106-RETUR,45.428911,28.039562,115
106-RETUR,45.428848,28.039082,116
106-RETUR,45.428713,28.037895,117
106-RETUR,45.428670,28.037456,118
106-RETUR,45.428658,28.037307,119
106-RETUR,45.428641,28.037125,120
106-RETUR,45.428612,28.036770,121
106-RETUR,45.428556,28.036076,122
106-RETUR,45.428522,28.035563,123
106-RETUR,45.428383,28.033978,124
106-RETUR,45.428336,28.033446,125
106-RETUR,45.428231,28.032193,126
106-RETUR,45.428168,28.031442,127
106-RETUR,45.428145,28.031151,128
106-RETUR,45.428046,28.030009,129
106-RETUR,45.427976,28.029267,130
106-RETUR,45.427952,28.029021,131
106-RETUR,45.427946,28.028954,132
106-RETUR,45.427943,28.028921,133
106-RETUR,45.427868,28.028030,134
106-RETUR,45.427840,28.027738,135
106-RETUR,45.427780,28.027047,136
106-RETUR,45.427715,28.026260,137
106-RETUR,45.427664,28.025655,138
106-RETUR,45.427654,28.025555,139
106-RETUR,45.427646,28.025472,140
106-RETUR,45.427639,28.025337,141
106-RETUR,45.427642,28.025231,142
106-RETUR,45.427653,28.025110,143
106-RETUR,45.427661,28.025029,144
106-RETUR,45.427685,28.024815,145
106-RETUR,45.427724,28.024751,146
106-RETUR,45.427772,28.024627,147
106-RETUR,45.427799,28.024469,148
106-RETUR,45.427794,28.024306,149
106-RETUR,45.427756,28.024152,150
106-RETUR,45.427722,28.024075,151
106-RETUR,45.427639,28.023960,152
106-RETUR,45.427581,28.023909,153
106-RETUR,45.427511,28.023870,154
106-RETUR,45.427435,28.023853,155
106-RETUR,45.427361,28.023851,156
106-RETUR,45.427277,28.023872,157
106-RETUR,45.427234,28.023897,158
106-RETUR,45.427116,28.023921,159
106-RETUR,45.427003,28.023909,160
106-RETUR,45.426908,28.023862,161
106-RETUR,45.426849,28.023833,162
106-RETUR,45.426544,28.023587,163
106-RETUR,45.426389,28.023455,164
106-RETUR,45.426224,28.023329,165
106-RETUR,45.426172,28.023294,166
106-RETUR,45.425995,28.023159,167
106-RETUR,45.425757,28.023023,168
106-RETUR,45.425606,28.022962,169
106-RETUR,45.425370,28.022879,170
106-RETUR,45.425215,28.022823,171
106-RETUR,45.424982,28.022749,172
106-RETUR,45.424555,28.022613,173
106-RETUR,45.423920,28.022422,174
106-RETUR,45.422612,28.022020,175
106-RETUR,45.422262,28.021913,176
106-RETUR,45.422031,28.021822,177
106-RETUR,45.421848,28.021716,178
106-RETUR,45.421583,28.021515,179
106-RETUR,45.421366,28.021315,180
106-RETUR,45.421263,28.021181,181
106-RETUR,45.421156,28.021020,182
106-RETUR,45.421045,28.020829,183
106-RETUR,45.420939,28.020638,184
106-RETUR,45.420910,28.020575,185
106-RETUR,45.420750,28.020252,186
106-RETUR,45.420744,28.020239,187
106-RETUR,45.420699,28.020155,188
106-RETUR,45.420676,28.020108,189
106-RETUR,45.420648,28.020050,190
106-RETUR,45.420612,28.019975,191
106-RETUR,45.420531,28.019807,192
106-RETUR,45.420038,28.018856,193
106-RETUR,45.419740,28.018272,194
106-RETUR,45.419655,28.018106,195
106-RETUR,45.419441,28.017689,196
106-RETUR,45.419386,28.017581,197
106-RETUR,45.419316,28.017443,198
106-RETUR,45.419241,28.017298,199
106-RETUR,45.419110,28.017042,200
106-RETUR,45.419052,28.016929,201
106-RETUR,45.418459,28.015768,202
106-RETUR,45.418391,28.015636,203
106-RETUR,45.418311,28.015480,204
106-RETUR,45.417187,28.013282,205
106-RETUR,45.417150,28.013206,206
106-RETUR,45.417097,28.013106,207
106-RETUR,45.417058,28.013030,208
106-RETUR,45.417033,28.012978,209
106-RETUR,45.416790,28.012503,210
106-RETUR,45.416744,28.012417,211
106-RETUR,45.416539,28.012015,212
106-RETUR,45.415760,28.010494,213
106-RETUR,45.415588,28.010158,214
106-RETUR,45.415498,28.009981,215
106-RETUR,45.415466,28.009918,216
106-RETUR,45.415329,28.009651,217
106-RETUR,45.415261,28.009517,218
106-RETUR,45.414998,28.008979,219
106-RETUR,45.414897,28.008775,220
106-RETUR,45.414426,28.007828,221
106-RETUR,45.414336,28.007647,222
106-RETUR,45.414175,28.007315,223
106-RETUR,45.414162,28.007285,224
106-RETUR,45.413996,28.006963,225
106-RETUR,45.413897,28.006763,226
106-RETUR,45.413699,28.006362,227
106-RETUR,45.413637,28.006156,228
106-RETUR,45.413614,28.006082,229
106-RETUR,45.413629,28.006002,230
106-RETUR,45.413617,28.005930,231
106-RETUR,45.413584,28.005874,232
106-RETUR,45.413537,28.005842,233
106-RETUR,45.413500,28.005840,234
106-RETUR,45.413465,28.005854,235
106-RETUR,45.413434,28.005883,236
106-RETUR,45.413411,28.005924,237
106-RETUR,45.413399,28.005974,238
106-RETUR,45.413398,28.006016,239
106-RETUR,45.413278,28.006223,240
106-RETUR,45.413135,28.006368,241
106-RETUR,45.413075,28.006431,242
106-RETUR,45.413060,28.006446,243
106-RETUR,45.413051,28.006455,244
106-RETUR,45.412983,28.006526,245
106-RETUR,45.412920,28.006592,246
106-RETUR,45.412853,28.006661,247
106-RETUR,45.412725,28.006800,248
106-RETUR,45.412679,28.006850,249
106-RETUR,45.412233,28.007306,250
106-RETUR,45.412130,28.007408,251
106-RETUR,45.411818,28.007745,252
106-RETUR,45.411606,28.007966,253
106-RETUR,45.411471,28.008099,254
106-RETUR,45.411402,28.008179,255
106-RETUR,45.411353,28.008233,256
106-RETUR,45.411181,28.008405,257
106-RETUR,45.411073,28.008513,258
106-RETUR,45.410980,28.008610,259
106-RETUR,45.410833,28.008760,260
106-RETUR,45.410755,28.008838,261
106-RETUR,45.410608,28.008986,262
106-RETUR,45.410391,28.009208,263
106-RETUR,45.410204,28.009398,264
106-RETUR,45.410109,28.009497,265
106-RETUR,45.409895,28.009717,266
106-RETUR,45.409836,28.009784,267
106-RETUR,45.409814,28.009808,268
106-RETUR,45.409742,28.009890,269
106-RETUR,45.409635,28.010011,270
106-RETUR,45.409541,28.010131,271
106-RETUR,45.409466,28.010251,272
106-RETUR,45.409382,28.010424,273
106-RETUR,45.409330,28.010551,274
106-RETUR,45.409286,28.010734,275
106-RETUR,45.409258,28.010930,276
106-RETUR,45.409240,28.011126,277
106-RETUR,45.409238,28.011301,278
106-RETUR,45.409241,28.011453,279
106-RETUR,45.409251,28.011608,280
106-RETUR,45.409292,28.012080,281
106-RETUR,45.409324,28.012457,282
106-RETUR,45.409337,28.012606,283
106-RETUR,45.409352,28.012769,284
106-RETUR,45.409386,28.013154,285
106-RETUR,45.409414,28.013468,286
106-RETUR,45.409420,28.013535,287
106-RETUR,45.409429,28.013646,288
106-RETUR,45.409483,28.014281,289
106-RETUR,45.409470,28.014487,290
106-RETUR,45.409452,28.014904,291
106-RETUR,45.409435,28.014935,292
106-RETUR,45.409422,28.014971,293
106-RETUR,45.409413,28.015033,294
106-RETUR,45.409417,28.015096,295
106-RETUR,45.409435,28.015155,296
106-RETUR,45.409464,28.015203,297
106-RETUR,45.409497,28.015232,298
106-RETUR,45.409542,28.015250,299
106-RETUR,45.409588,28.015246,300
106-RETUR,45.409631,28.015222,301
106-RETUR,45.409667,28.015179,302
106-RETUR,45.409682,28.015148,303
106-RETUR,45.409917,28.015067,304
106-RETUR,45.410106,28.015008,305
106-RETUR,45.410245,28.014965,306
106-RETUR,45.410371,28.014935,307
106-RETUR,45.410382,28.014922,308
106-RETUR,45.410442,28.014914,309
106-RETUR,45.410574,28.014886,310
106-RETUR,45.410674,28.014865,311
106-RETUR,45.410818,28.014838,312
106-RETUR,45.410876,28.014826,313
106-RETUR,45.410889,28.014825,314
106-RETUR,45.410983,28.014807,315
106-RETUR,45.411072,28.014807,316
106-RETUR,45.411249,28.014798,317
106-RETUR,45.411493,28.014788,318
106-RETUR,45.411631,28.014806,319
106-RETUR,45.411809,28.014842,320
106-RETUR,45.411863,28.014869,321
106-RETUR,45.411917,28.014874,322
106-RETUR,45.411949,28.014865,323
106-RETUR,45.412001,28.014852,324
106-RETUR,45.412070,28.014790,325
106-RETUR,45.412121,28.014698,326
106-RETUR,45.412134,28.014642,327
106-RETUR,45.412146,28.014587,328
106-RETUR,45.412146,28.014500,329
106-RETUR,45.412146,28.014452,330
106-RETUR,45.412127,28.014399,331
106-RETUR,45.412100,28.014334,332
106-RETUR,45.412112,28.014197,333
106-RETUR,45.412138,28.014093,334
106-RETUR,45.412167,28.013994,335
106-RETUR,45.412237,28.013792,336
106-RETUR,45.412794,28.012453,337
106-RETUR,45.412894,28.012211,338
106-RETUR,45.413073,28.012523,339
106-RETUR,45.413132,28.012625,340
106-RETUR,45.413199,28.012731,341
106-RETUR,45.413251,28.012823,342
106-RETUR,45.413335,28.012518,343
105-TUR,45.413335,28.012518,1
105-TUR,45.413400,28.012287,2
105-TUR,45.413388,28.012262,3
105-TUR,45.413356,28.012207,4
105-TUR,45.413340,28.012178,5
105-TUR,45.413164,28.011852,6
105-TUR,45.413098,28.011750,7
105-TUR,45.412945,28.011925,8
105-TUR,45.412825,28.012091,9
105-TUR,45.412795,28.012146,10
105-TUR,45.412703,28.012370,11
105-TUR,45.412441,28.013007,12
105-TUR,45.412153,28.013687,13
105-TUR,45.412058,28.013900,14
105-TUR,45.412039,28.013936,15
105-TUR,45.412022,28.013968,16
105-TUR,45.411930,28.014102,17
105-TUR,45.411784,28.014256,18
105-TUR,45.411745,28.014302,19
105-TUR,45.411713,28.014359,20
105-TUR,45.411509,28.014541,21
105-TUR,45.411393,28.014632,22
105-TUR,45.411273,28.014702,23
105-TUR,45.410983,28.014807,24
105-TUR,45.410889,28.014825,25
105-TUR,45.410876,28.014826,26
105-TUR,45.410818,28.014838,27
105-TUR,45.410674,28.014865,28
105-TUR,45.410574,28.014886,29
105-TUR,45.410442,28.014914,30
105-TUR,45.410382,28.014922,31
105-TUR,45.410368,28.014916,32
105-TUR,45.410247,28.014916,33
105-TUR,45.410007,28.014907,34
105-TUR,45.409664,28.014908,35
105-TUR,45.409645,28.014882,36
105-TUR,45.409535,28.014475,37
105-TUR,45.409483,28.014281,38
105-TUR,45.409429,28.013646,39
105-TUR,45.409420,28.013535,40
105-TUR,45.409414,28.013468,41
105-TUR,45.409386,28.013154,42
105-TUR,45.409352,28.012769,43
105-TUR,45.409337,28.012606,44
105-TUR,45.409324,28.012457,45
105-TUR,45.409292,28.012080,46
105-TUR,45.409251,28.011608,47
105-TUR,45.409241,28.011453,48
105-TUR,45.409238,28.011301,49
105-TUR,45.409240,28.011126,50
105-TUR,45.409258,28.010930,51
105-TUR,45.409286,28.010734,52
105-TUR,45.409330,28.010551,53
105-TUR,45.409382,28.010424,54
105-TUR,45.409466,28.010251,55
105-TUR,45.409541,28.010131,56
105-TUR,45.409635,28.010011,57
105-TUR,45.409742,28.009890,58
105-TUR,45.409814,28.009808,59
105-TUR,45.409836,28.009784,60
105-TUR,45.409895,28.009717,61
105-TUR,45.410109,28.009497,62
105-TUR,45.410204,28.009398,63
105-TUR,45.410391,28.009208,64
105-TUR,45.410608,28.008986,65
105-TUR,45.410755,28.008838,66
105-TUR,45.410833,28.008760,67
105-TUR,45.410980,28.008610,68
105-TUR,45.411073,28.008513,69
105-TUR,45.411181,28.008405,70
105-TUR,45.411353,28.008233,71
105-TUR,45.411402,28.008179,72
105-TUR,45.411471,28.008099,73
105-TUR,45.411606,28.007966,74
105-TUR,45.411818,28.007745,75
105-TUR,45.412130,28.007408,76
105-TUR,45.412233,28.007306,77
105-TUR,45.412679,28.006850,78
105-TUR,45.412725,28.006800,79
105-TUR,45.412853,28.006661,80
105-TUR,45.412920,28.006592,81
105-TUR,45.412983,28.006526,82
105-TUR,45.413051,28.006455,83
105-TUR,45.413060,28.006446,84
105-TUR,45.413075,28.006431,85
105-TUR,45.413135,28.006368,86
105-TUR,45.413278,28.006223,87
105-TUR,45.413428,28.006184,88
105-TUR,45.413496,28.006166,89
105-TUR,45.413517,28.006168,90
105-TUR,45.413699,28.006362,91
105-TUR,45.413897,28.006763,92
105-TUR,45.413996,28.006963,93
105-TUR,45.414162,28.007285,94
105-TUR,45.414175,28.007315,95
105-TUR,45.414336,28.007647,96
105-TUR,45.414426,28.007828,97
105-TUR,45.414897,28.008775,98
105-TUR,45.414998,28.008979,99
105-TUR,45.415261,28.009517,100
105-TUR,45.415329,28.009651,101
105-TUR,45.415466,28.009918,102
105-TUR,45.415498,28.009981,103
105-TUR,45.415588,28.010158,104
105-TUR,45.415760,28.010494,105
105-TUR,45.416539,28.012015,106
105-TUR,45.416744,28.012417,107
105-TUR,45.416790,28.012503,108
105-TUR,45.417033,28.012978,109
105-TUR,45.417058,28.013030,110
105-TUR,45.417097,28.013106,111
105-TUR,45.417150,28.013206,112
105-TUR,45.417187,28.013282,113
105-TUR,45.418311,28.015480,114
105-TUR,45.418391,28.015636,115
105-TUR,45.418459,28.015768,116
105-TUR,45.419052,28.016929,117
105-TUR,45.419110,28.017042,118
105-TUR,45.419241,28.017298,119
105-TUR,45.419316,28.017443,120
105-TUR,45.419386,28.017581,121
105-TUR,45.419441,28.017689,122
105-TUR,45.419655,28.018106,123
105-TUR,45.419740,28.018272,124
105-TUR,45.420038,28.018856,125
105-TUR,45.420531,28.019807,126
105-TUR,45.420612,28.019975,127
105-TUR,45.420648,28.020050,128
105-TUR,45.420676,28.020108,129
105-TUR,45.420699,28.020155,130
105-TUR,45.420744,28.020239,131
105-TUR,45.420750,28.020252,132
105-TUR,45.420910,28.020575,133
105-TUR,45.420939,28.020638,134
105-TUR,45.421045,28.020829,135
105-TUR,45.421156,28.021020,136
105-TUR,45.421263,28.021181,137
105-TUR,45.421366,28.021315,138
105-TUR,45.421583,28.021515,139
105-TUR,45.421848,28.021716,140
105-TUR,45.422031,28.021822,141
105-TUR,45.422262,28.021913,142
105-TUR,45.422612,28.022020,143
105-TUR,45.423920,28.022422,144
105-TUR,45.424555,28.022613,145
105-TUR,45.424982,28.022749,146
105-TUR,45.425215,28.022823,147
105-TUR,45.425370,28.022879,148
105-TUR,45.425606,28.022962,149
105-TUR,45.425757,28.023023,150
105-TUR,45.425995,28.023159,151
105-TUR,45.426172,28.023294,152
105-TUR,45.426224,28.023329,153
105-TUR,45.426389,28.023455,154
105-TUR,45.426544,28.023587,155
105-TUR,45.426849,28.023833,156
105-TUR,45.426882,28.023909,157
105-TUR,45.426921,28.024000,158
105-TUR,45.426958,28.024094,159
105-TUR,45.427019,28.024248,160
105-TUR,45.427011,28.024279,161
105-TUR,45.427004,28.024469,162
105-TUR,45.427035,28.024643,163
105-TUR,45.427114,28.024798,164
105-TUR,45.427208,28.024913,165
105-TUR,45.427356,28.025170,166
105-TUR,45.427396,28.025267,167
105-TUR,45.427440,28.025382,168
105-TUR,45.427479,28.025536,169
105-TUR,45.427571,28.026576,170
105-TUR,45.427613,28.027036,171
105-TUR,45.427706,28.028100,172
105-TUR,45.427739,28.028467,173
105-TUR,45.427777,28.028884,174
105-TUR,45.427784,28.028954,175
105-TUR,45.427791,28.029033,176
105-TUR,45.427815,28.029298,177
105-TUR,45.427968,28.030961,178
105-TUR,45.427993,28.031182,179
105-TUR,45.428017,28.031455,180
105-TUR,45.428346,28.035314,181
105-TUR,45.428487,28.036910,182
105-TUR,45.428512,28.037151,183
105-TUR,45.428536,28.037375,184
105-TUR,45.428548,28.037512,185
105-TUR,45.428585,28.037940,186
105-TUR,45.428658,28.038709,187
105-TUR,45.428701,28.039097,188
105-TUR,45.428770,28.039599,189
105-TUR,45.428875,28.040306,190
105-TUR,45.428935,28.040712,191
105-TUR,45.428965,28.040878,192
105-TUR,45.429072,28.041473,193
105-TUR,45.429170,28.041927,194
105-TUR,45.429297,28.042392,195
105-TUR,45.429400,28.042735,196
105-TUR,45.429503,28.043055,197
105-TUR,45.430201,28.045163,198
105-TUR,45.430266,28.045340,199
105-TUR,45.430315,28.045468,200
105-TUR,45.430374,28.045619,201
105-TUR,45.430431,28.045744,202
105-TUR,45.430608,28.046139,203
105-TUR,45.430744,28.046429,204
105-TUR,45.431064,28.047029,205
105-TUR,45.431102,28.047097,206
105-TUR,45.431992,28.048595,207
105-TUR,45.432123,28.048825,208
105-TUR,45.432297,28.049132,209
105-TUR,45.432424,28.049378,210
105-TUR,45.432539,28.049628,211
105-TUR,45.432823,28.050366,212
105-TUR,45.432898,28.050555,213
105-TUR,45.433081,28.050969,214
105-TUR,45.433108,28.051051,215
105-TUR,45.433270,28.051554,216
105-TUR,45.433309,28.051676,217
105-TUR,45.433389,28.051907,218
105-TUR,45.433426,28.052022,219
105-TUR,45.433442,28.052070,220
105-TUR,45.433484,28.052201,221
105-TUR,45.433539,28.052346,222
105-TUR,45.433705,28.052865,223
105-TUR,45.433733,28.052982,224
105-TUR,45.433756,28.053134,225
105-TUR,45.433770,28.053298,226
105-TUR,45.433778,28.053555,227
105-TUR,45.433777,28.053709,228
105-TUR,45.433761,28.054011,229
105-TUR,45.433751,28.054116,230
105-TUR,45.433722,28.054312,231
105-TUR,45.433663,28.054776,232
105-TUR,45.433631,28.055045,233
105-TUR,45.433621,28.055256,234
105-TUR,45.433916,28.055294,235
105-TUR,45.434914,28.055507,236
105-TUR,45.435444,28.055629,237
105-TUR,45.435502,28.055643,238
105-TUR,45.435735,28.055695,239
105-TUR,45.435991,28.055768,240
105-TUR,45.436144,28.055809,241
105-TUR,45.436374,28.055878,242
105-TUR,45.436448,28.055899,243
105-TUR,45.436684,28.055965,244
105-TUR,45.437166,28.056089,245
105-TUR,45.437331,28.056130,246
105-TUR,45.437952,28.056246,247
105-TUR,45.438627,28.056374,248
105-TUR,45.438699,28.056386,249
105-TUR,45.438977,28.056433,250
105-TUR,45.439265,28.056456,251
105-TUR,45.439313,28.056454,252
105-TUR,45.439378,28.056450,253
105-TUR,45.439478,28.056445,254
105-TUR,45.439688,28.056431,255
105-TUR,45.439862,28.056410,256
105-TUR,45.440442,28.056361,257
105-TUR,45.440612,28.056344,258
105-TUR,45.440657,28.056339,259
105-TUR,45.440842,28.056310,260
105-TUR,45.440871,28.056304,261
105-TUR,45.441162,28.056238,262
105-TUR,45.441329,28.056185,263
105-TUR,45.441346,28.056180,264
105-TUR,45.441978,28.056013,265
105-TUR,45.442238,28.055934,266
105-TUR,45.442352,28.055911,267
105-TUR,45.442457,28.055889,268
105-TUR,45.442548,28.055865,269
105-TUR,45.442660,28.055837,270
105-TUR,45.442723,28.055819,271
105-TUR,45.442990,28.055737,272
105-TUR,45.443245,28.055646,273
105-TUR,45.443556,28.055549,274
105-TUR,45.443858,28.055454,275
105-TUR,45.443922,28.055430,276
105-TUR,45.444146,28.055329,277
105-TUR,45.444702,28.055073,278
105-TUR,45.444776,28.055042,279
105-TUR,45.445123,28.054897,280
105-TUR,45.445264,28.054846,281
105-TUR,45.445394,28.054794,282
105-TUR,45.445904,28.054568,283
105-TUR,45.445914,28.054563,284
105-TUR,45.445928,28.054555,285
105-TUR,45.446733,28.054079,286
105-TUR,45.447630,28.053530,287
105-TUR,45.448096,28.053249,288
105-TUR,45.448186,28.053194,289
105-TUR,45.448396,28.053066,290
105-TUR,45.448528,28.052987,291
105-TUR,45.448787,28.052833,292
105-TUR,45.449009,28.052696,293
105-TUR,45.449553,28.052369,294
105-TUR,45.449874,28.052179,295
105-TUR,45.449977,28.052119,296
105-TUR,45.450039,28.052082,297
105-TUR,45.450353,28.051881,298
105-TUR,45.450743,28.051645,299
105-TUR,45.451218,28.051370,300
105-TUR,45.451301,28.051344,301
105-TUR,45.451478,28.051294,302
105-TUR,45.451535,28.051277,303
105-TUR,45.451575,28.051254,304
105-TUR,45.451614,28.051224,305
105-RETUR,45.451430,28.051154,1
105-RETUR,45.451432,28.051077,2
105-RETUR,45.451445,28.050862,3
105-RETUR,45.451430,28.051154,4
105-RETUR,45.451292,28.051301,5
105-RETUR,45.451218,28.051370,6
105-RETUR,45.450743,28.051645,7
105-RETUR,45.450353,28.051881,8
105-RETUR,45.450039,28.052082,9
105-RETUR,45.449977,28.052119,10
105-RETUR,45.449874,28.052179,11
105-RETUR,45.449553,28.052369,12
105-RETUR,45.449009,28.052696,13
105-RETUR,45.448787,28.052833,14
105-RETUR,45.448528,28.052987,15
105-RETUR,45.448396,28.053066,16
105-RETUR,45.448186,28.053194,17
105-RETUR,45.448096,28.053249,18
105-RETUR,45.447630,28.053530,19
105-RETUR,45.446733,28.054079,20
105-RETUR,45.445928,28.054555,21
105-RETUR,45.445914,28.054563,22
105-RETUR,45.445904,28.054568,23
105-RETUR,45.445394,28.054794,24
105-RETUR,45.445264,28.054846,25
105-RETUR,45.445123,28.054897,26
105-RETUR,45.444776,28.055042,27
105-RETUR,45.444702,28.055073,28
105-RETUR,45.444146,28.055329,29
105-RETUR,45.443922,28.055430,30
105-RETUR,45.443901,28.055201,31
105-RETUR,45.443883,28.054792,32
105-RETUR,45.443811,28.053734,33
105-RETUR,45.443791,28.053419,34
105-RETUR,45.443657,28.051661,35
105-RETUR,45.443561,28.051712,36
105-RETUR,45.443461,28.051752,37
105-RETUR,45.443377,28.051782,38
105-RETUR,45.443250,28.051815,39
105-RETUR,45.443148,28.051837,40
105-RETUR,45.442537,28.051917,41
105-RETUR,45.442208,28.051966,42
105-RETUR,45.441564,28.052055,43
105-RETUR,45.441257,28.052095,44
105-RETUR,45.441225,28.052103,45
105-RETUR,45.440677,28.052179,46
105-RETUR,45.440056,28.052255,47
105-RETUR,45.439955,28.052267,48
105-RETUR,45.439677,28.052304,49
105-RETUR,45.439076,28.052398,50
105-RETUR,45.438663,28.052453,51
105-RETUR,45.438488,28.052474,52
105-RETUR,45.437720,28.052582,53
105-RETUR,45.437170,28.052656,54
105-RETUR,45.437017,28.052679,55
105-RETUR,45.436958,28.052687,56
105-RETUR,45.436823,28.052700,57
105-RETUR,45.436704,28.052715,58
105-RETUR,45.436593,28.052752,59
105-RETUR,45.436437,28.052827,60
105-RETUR,45.436244,28.052950,61
105-RETUR,45.435806,28.053204,62
105-RETUR,45.435677,28.053272,63
105-RETUR,45.435246,28.053502,64
105-RETUR,45.434922,28.053757,65
105-RETUR,45.434783,28.053871,66
105-RETUR,45.434620,28.054000,67
105-RETUR,45.434500,28.054057,68
105-RETUR,45.434402,28.054068,69
105-RETUR,45.434211,28.054051,70
105-RETUR,45.433928,28.054029,71
105-RETUR,45.433761,28.054011,72
105-RETUR,45.433777,28.053709,73
105-RETUR,45.433778,28.053555,74
105-RETUR,45.433770,28.053298,75
105-RETUR,45.433756,28.053134,76
105-RETUR,45.433733,28.052982,77
105-RETUR,45.433705,28.052865,78
105-RETUR,45.433539,28.052346,79
105-RETUR,45.433484,28.052201,80
105-RETUR,45.433442,28.052070,81
105-RETUR,45.433426,28.052022,82
105-RETUR,45.433389,28.051907,83
105-RETUR,45.433309,28.051676,84
105-RETUR,45.433270,28.051554,85
105-RETUR,45.433108,28.051051,86
105-RETUR,45.433081,28.050969,87
105-RETUR,45.432965,28.050469,88
105-RETUR,45.432833,28.049988,89
105-RETUR,45.432746,28.049707,90
105-RETUR,45.432678,28.049504,91
105-RETUR,45.432552,28.049230,92
105-RETUR,45.432372,28.048893,93
105-RETUR,45.432245,28.048684,94
105-RETUR,45.431223,28.046978,95
105-RETUR,45.431186,28.046912,96
105-RETUR,45.431041,28.046640,97
105-RETUR,45.430757,28.046073,98
105-RETUR,45.430575,28.045673,99
105-RETUR,45.430512,28.045513,100
105-RETUR,45.430454,28.045355,101
105-RETUR,45.430408,28.045234,102
105-RETUR,45.430354,28.045067,103
105-RETUR,45.429529,28.042542,104
105-RETUR,45.429344,28.041886,105
105-RETUR,45.429236,28.041434,106
105-RETUR,45.429120,28.040858,107
105-RETUR,45.429082,28.040666,108
105-RETUR,45.429002,28.040194,109
105-RETUR,45.428911,28.039562,110
105-RETUR,45.428848,28.039082,111
105-RETUR,45.428713,28.037895,112
105-RETUR,45.428670,28.037456,113
105-RETUR,45.428658,28.037307,114
105-RETUR,45.428641,28.037125,115
105-RETUR,45.428612,28.036770,116
105-RETUR,45.428556,28.036076,117
105-RETUR,45.428522,28.035563,118
105-RETUR,45.428383,28.033978,119
105-RETUR,45.428336,28.033446,120
105-RETUR,45.428231,28.032193,121
105-RETUR,45.428168,28.031442,122
105-RETUR,45.428145,28.031151,123
105-RETUR,45.428046,28.030009,124
105-RETUR,45.427976,28.029267,125
105-RETUR,45.427952,28.029021,126
105-RETUR,45.427946,28.028954,127
105-RETUR,45.427943,28.028921,128
105-RETUR,45.427868,28.028030,129
105-RETUR,45.427840,28.027738,130
105-RETUR,45.427780,28.027047,131
105-RETUR,45.427715,28.026260,132
105-RETUR,45.427664,28.025655,133
105-RETUR,45.427654,28.025555,134
105-RETUR,45.427646,28.025472,135
105-RETUR,45.427639,28.025337,136
105-RETUR,45.427642,28.025231,137
105-RETUR,45.427653,28.025110,138
105-RETUR,45.427661,28.025029,139
105-RETUR,45.427685,28.024815,140
105-RETUR,45.427724,28.024751,141
105-RETUR,45.427772,28.024627,142
105-RETUR,45.427799,28.024469,143
105-RETUR,45.427794,28.024306,144
105-RETUR,45.427756,28.024152,145
105-RETUR,45.427722,28.024075,146
105-RETUR,45.427639,28.023960,147
105-RETUR,45.427581,28.023909,148
105-RETUR,45.427511,28.023870,149
105-RETUR,45.427435,28.023853,150
105-RETUR,45.427361,28.023851,151
105-RETUR,45.427277,28.023872,152
105-RETUR,45.427234,28.023897,153
105-RETUR,45.427116,28.023921,154
105-RETUR,45.427003,28.023909,155
105-RETUR,45.426908,28.023862,156
105-RETUR,45.426849,28.023833,157
105-RETUR,45.426544,28.023587,158
105-RETUR,45.426389,28.023455,159
105-RETUR,45.426224,28.023329,160
105-RETUR,45.426172,28.023294,161
105-RETUR,45.425995,28.023159,162
105-RETUR,45.425757,28.023023,163
105-RETUR,45.425606,28.022962,164
105-RETUR,45.425370,28.022879,165
105-RETUR,45.425215,28.022823,166
105-RETUR,45.424982,28.022749,167
105-RETUR,45.424555,28.022613,168
105-RETUR,45.423920,28.022422,169
105-RETUR,45.422612,28.022020,170
105-RETUR,45.422262,28.021913,171
105-RETUR,45.422031,28.021822,172
105-RETUR,45.421848,28.021716,173
105-RETUR,45.421583,28.021515,174
105-RETUR,45.421366,28.021315,175
105-RETUR,45.421263,28.021181,176
105-RETUR,45.421156,28.021020,177
105-RETUR,45.421045,28.020829,178
105-RETUR,45.420939,28.020638,179
105-RETUR,45.420910,28.020575,180
105-RETUR,45.420750,28.020252,181
105-RETUR,45.420744,28.020239,182
105-RETUR,45.420699,28.020155,183
105-RETUR,45.420676,28.020108,184
105-RETUR,45.420648,28.020050,185
105-RETUR,45.420612,28.019975,186
105-RETUR,45.420531,28.019807,187
105-RETUR,45.420038,28.018856,188
105-RETUR,45.419740,28.018272,189
105-RETUR,45.419655,28.018106,190
105-RETUR,45.419441,28.017689,191
105-RETUR,45.419386,28.017581,192
105-RETUR,45.419316,28.017443,193
105-RETUR,45.419241,28.017298,194
105-RETUR,45.419110,28.017042,195
105-RETUR,45.419052,28.016929,196
105-RETUR,45.418459,28.015768,197
105-RETUR,45.418391,28.015636,198
105-RETUR,45.418311,28.015480,199
105-RETUR,45.417187,28.013282,200
105-RETUR,45.417150,28.013206,201
105-RETUR,45.417097,28.013106,202
105-RETUR,45.417058,28.013030,203
105-RETUR,45.417033,28.012978,204
105-RETUR,45.416790,28.012503,205
105-RETUR,45.416744,28.012417,206
105-RETUR,45.416539,28.012015,207
105-RETUR,45.415760,28.010494,208
105-RETUR,45.415588,28.010158,209
105-RETUR,45.415498,28.009981,210
105-RETUR,45.415466,28.009918,211
105-RETUR,45.415329,28.009651,212
105-RETUR,45.415261,28.009517,213
105-RETUR,45.414998,28.008979,214
105-RETUR,45.414897,28.008775,215
105-RETUR,45.414426,28.007828,216
105-RETUR,45.414336,28.007647,217
105-RETUR,45.414175,28.007315,218
105-RETUR,45.414162,28.007285,219
105-RETUR,45.413996,28.006963,220
105-RETUR,45.413897,28.006763,221
105-RETUR,45.413699,28.006362,222
105-RETUR,45.413637,28.006156,223
105-RETUR,45.413614,28.006082,224
105-RETUR,45.413629,28.006002,225
105-RETUR,45.413617,28.005930,226
105-RETUR,45.413584,28.005874,227
105-RETUR,45.413537,28.005842,228
105-RETUR,45.413500,28.005840,229
105-RETUR,45.413465,28.005854,230
105-RETUR,45.413434,28.005883,231
105-RETUR,45.413411,28.005924,232
105-RETUR,45.413399,28.005974,233
105-RETUR,45.413398,28.006016,234
105-RETUR,45.413278,28.006223,235
105-RETUR,45.413135,28.006368,236
105-RETUR,45.413075,28.006431,237
105-RETUR,45.413060,28.006446,238
105-RETUR,45.413051,28.006455,239
105-RETUR,45.412983,28.006526,240
105-RETUR,45.412920,28.006592,241
105-RETUR,45.412853,28.006661,242
105-RETUR,45.412725,28.006800,243
105-RETUR,45.412679,28.006850,244
105-RETUR,45.412233,28.007306,245
105-RETUR,45.412130,28.007408,246
105-RETUR,45.411818,28.007745,247
105-RETUR,45.411606,28.007966,248
105-RETUR,45.411471,28.008099,249
105-RETUR,45.411402,28.008179,250
105-RETUR,45.411353,28.008233,251
105-RETUR,45.411181,28.008405,252
105-RETUR,45.411073,28.008513,253
105-RETUR,45.410980,28.008610,254
105-RETUR,45.410833,28.008760,255
105-RETUR,45.410755,28.008838,256
105-RETUR,45.410608,28.008986,257
105-RETUR,45.410391,28.009208,258
105-RETUR,45.410204,28.009398,259
105-RETUR,45.410109,28.009497,260
105-RETUR,45.409895,28.009717,261
105-RETUR,45.409836,28.009784,262
105-RETUR,45.409814,28.009808,263
105-RETUR,45.409742,28.009890,264
105-RETUR,45.409635,28.010011,265
105-RETUR,45.409541,28.010131,266
105-RETUR,45.409466,28.010251,267
105-RETUR,45.409382,28.010424,268
105-RETUR,45.409330,28.010551,269
105-RETUR,45.409286,28.010734,270
105-RETUR,45.409258,28.010930,271
105-RETUR,45.409240,28.011126,272
105-RETUR,45.409238,28.011301,273
105-RETUR,45.409241,28.011453,274
105-RETUR,45.409251,28.011608,275
105-RETUR,45.409292,28.012080,276
105-RETUR,45.409324,28.012457,277
105-RETUR,45.409337,28.012606,278
105-RETUR,45.409352,28.012769,279
105-RETUR,45.409386,28.013154,280
105-RETUR,45.409414,28.013468,281
105-RETUR,45.409420,28.013535,282
105-RETUR,45.409429,28.013646,283
105-RETUR,45.409483,28.014281,284
105-RETUR,45.409470,28.014487,285
105-RETUR,45.409452,28.014904,286
105-RETUR,45.409435,28.014935,287
105-RETUR,45.409422,28.014971,288
105-RETUR,45.409413,28.015033,289
105-RETUR,45.409417,28.015096,290
105-RETUR,45.409435,28.015155,291
105-RETUR,45.409464,28.015203,292
105-RETUR,45.409497,28.015232,293
105-RETUR,45.409542,28.015250,294
105-RETUR,45.409588,28.015246,295
105-RETUR,45.409631,28.015222,296
105-RETUR,45.409667,28.015179,297
105-RETUR,45.409682,28.015148,298
105-RETUR,45.409917,28.015067,299
105-RETUR,45.410106,28.015008,300
105-RETUR,45.410245,28.014965,301
105-RETUR,45.410371,28.014935,302
105-RETUR,45.410382,28.014922,303
105-RETUR,45.410442,28.014914,304
105-RETUR,45.410574,28.014886,305
105-RETUR,45.410674,28.014865,306
105-RETUR,45.410818,28.014838,307
105-RETUR,45.410876,28.014826,308
105-RETUR,45.410889,28.014825,309
105-RETUR,45.410983,28.014807,310
105-RETUR,45.411072,28.014807,311
105-RETUR,45.411249,28.014798,312
105-RETUR,45.411493,28.014788,313
105-RETUR,45.411631,28.014806,314
105-RETUR,45.411809,28.014842,315
105-RETUR,45.411863,28.014869,316
105-RETUR,45.411917,28.014874,317
105-RETUR,45.411949,28.014865,318
105-RETUR,45.412001,28.014852,319
105-RETUR,45.412070,28.014790,320
105-RETUR,45.412121,28.014698,321
105-RETUR,45.412134,28.014642,322
105-RETUR,45.412146,28.014587,323
105-RETUR,45.412146,28.014500,324
105-RETUR,45.412146,28.014452,325
105-RETUR,45.412127,28.014399,326
105-RETUR,45.412100,28.014334,327
105-RETUR,45.412112,28.014197,328
105-RETUR,45.412138,28.014093,329
105-RETUR,45.412167,28.013994,330
105-RETUR,45.412237,28.013792,331
105-RETUR,45.412794,28.012453,332
105-RETUR,45.412894,28.012211,333
105-RETUR,45.413073,28.012523,334
105-RETUR,45.413132,28.012625,335
105-RETUR,45.413199,28.012731,336
105-RETUR,45.413251,28.012823,337
105-RETUR,45.413335,28.012518,338
43-TUR,45.441969,28.013450,1
43-TUR,45.441970,28.013388,2
43-TUR,45.441973,28.013337,3
43-TUR,45.441981,28.013251,4
43-TUR,45.442025,28.013082,5
43-TUR,45.442128,28.012812,6
43-TUR,45.442178,28.012683,7
43-TUR,45.442190,28.012620,8
43-TUR,45.442205,28.012535,9
43-TUR,45.442274,28.011149,10
43-TUR,45.442275,28.011065,11
43-TUR,45.442268,28.010952,12
43-TUR,45.442063,28.010873,13
43-TUR,45.441893,28.010813,14
43-TUR,45.441562,28.010694,15
43-TUR,45.441316,28.010616,16
43-TUR,45.441217,28.010595,17
43-TUR,45.441018,28.010581,18
43-TUR,45.440915,28.010578,19
43-TUR,45.440757,28.010579,20
43-TUR,45.440508,28.010575,21
43-TUR,45.440494,28.010575,22
43-TUR,45.440477,28.011320,23
43-TUR,45.440462,28.012042,24
43-TUR,45.440418,28.013492,25
43-TUR,45.440394,28.014962,26
43-TUR,45.440375,28.015724,27
43-TUR,45.440370,28.015857,28
43-TUR,45.440362,28.016068,29
43-TUR,45.440358,28.016182,30
43-TUR,45.440355,28.016281,31
43-TUR,45.440352,28.016360,32
43-TUR,45.440345,28.016773,33
43-TUR,45.440340,28.017137,34
43-TUR,45.440333,28.017556,35
43-TUR,45.440318,28.018190,36
43-TUR,45.440309,28.018576,37
43-TUR,45.440303,28.018778,38
43-TUR,45.440286,28.018877,39
43-TUR,45.440256,28.019049,40
43-TUR,45.440224,28.019725,41
43-TUR,45.440207,28.019922,42
43-TUR,45.440201,28.019990,43
43-TUR,45.440169,28.020187,44
43-TUR,45.440149,28.020272,45
43-TUR,45.440128,28.020360,46
43-TUR,45.440030,28.020453,47
43-TUR,45.439956,28.020583,48
43-RETUR,45.439956,28.020583,1
43-RETUR,45.439920,28.020702,2
43-RETUR,45.439904,28.020829,3
43-RETUR,45.439909,28.020958,4
43-RETUR,45.439938,28.021082,5
43-RETUR,45.439976,28.021180,6
43-RETUR,45.440033,28.021271,7
43-RETUR,45.440102,28.021341,8
43-RETUR,45.440182,28.021388,9
43-RETUR,45.440260,28.021408,10
43-RETUR,45.440349,28.021403,11
43-RETUR,45.440422,28.021376,12
43-RETUR,45.440493,28.021327,13
43-RETUR,45.440555,28.021259,14
43-RETUR,45.440606,28.021174,15
43-RETUR,45.440644,28.021076,16
43-RETUR,45.440667,28.020969,17
43-RETUR,45.440675,28.020868,18
43-RETUR,45.440673,28.020831,19
43-RETUR,45.440669,28.020767,20
43-RETUR,45.440651,28.020669,21
43-RETUR,45.440620,28.020577,22
43-RETUR,45.440578,28.020495,23
43-RETUR,45.440501,28.020400,24
43-RETUR,45.440434,28.020243,25
43-RETUR,45.440378,28.020043,26
43-RETUR,45.440355,28.019934,27
43-RETUR,45.440350,28.019739,28
43-RETUR,45.440355,28.019060,29
43-RETUR,45.440317,28.018858,30
43-RETUR,45.440303,28.018778,31
43-RETUR,45.440309,28.018576,32
43-RETUR,45.440318,28.018190,33
43-RETUR,45.440333,28.017556,34
43-RETUR,45.440340,28.017137,35
43-RETUR,45.440345,28.016773,36
43-RETUR,45.440352,28.016360,37
43-RETUR,45.440355,28.016281,38
43-RETUR,45.440358,28.016182,39
43-RETUR,45.440362,28.016068,40
43-RETUR,45.440370,28.015857,41
43-RETUR,45.440375,28.015724,42
43-RETUR,45.440394,28.014962,43
43-RETUR,45.440418,28.013492,44
43-RETUR,45.440462,28.012042,45
43-RETUR,45.440477,28.011320,46
43-RETUR,45.440494,28.010575,47
43-RETUR,45.440508,28.010575,48
43-RETUR,45.440757,28.010579,49
43-RETUR,45.440915,28.010578,50
43-RETUR,45.441018,28.010581,51
43-RETUR,45.441217,28.010595,52
43-RETUR,45.441316,28.010616,53
43-RETUR,45.441562,28.010694,54
43-RETUR,45.441893,28.010813,55
43-RETUR,45.442063,28.010873,56
43-RETUR,45.442268,28.010952,57
43-RETUR,45.442275,28.011065,58
43-RETUR,45.442274,28.011149,59
43-RETUR,45.442205,28.012535,60
43-RETUR,45.442190,28.012620,61
43-RETUR,45.442178,28.012683,62
43-RETUR,45.442128,28.012812,63
43-RETUR,45.442025,28.013082,64
43-RETUR,45.441981,28.013251,65
43-RETUR,45.441973,28.013337,66
43-RETUR,45.441970,28.013388,67
43-RETUR,45.441969,28.013450,68
41-TUR,45.388019,28.009956,1
41-TUR,45.388100,28.009909,2
41-TUR,45.388279,28.009817,3
41-TUR,45.388385,28.010165,4
41-TUR,45.388427,28.010333,5
41-TUR,45.388471,28.010505,6
41-TUR,45.388503,28.010635,7
41-TUR,45.388530,28.010769,8
41-TUR,45.388571,28.011031,9
41-TUR,45.388612,28.011306,10
41-TUR,45.388619,28.011583,11
41-TUR,45.388622,28.011683,12
41-TUR,45.388621,28.011953,13
41-TUR,45.388617,28.012091,14
41-TUR,45.388609,28.012244,15
41-TUR,45.388589,28.012428,16
41-TUR,45.388570,28.012537,17
41-TUR,45.388544,28.012680,18
41-TUR,45.388384,28.013333,19
41-TUR,45.388294,28.013676,20
41-TUR,45.388244,28.013858,21
41-TUR,45.388200,28.013997,22
41-TUR,45.388098,28.014315,23
41-TUR,45.388067,28.014409,24
41-TUR,45.388044,28.014501,25
41-TUR,45.388039,28.014600,26
41-TUR,45.388042,28.014696,27
41-TUR,45.388129,28.015459,28
41-TUR,45.388185,28.015648,29
41-TUR,45.388339,28.015654,30
41-TUR,45.388374,28.015655,31
41-TUR,45.388480,28.015660,32
41-TUR,45.388967,28.015697,33
41-TUR,45.390873,28.015765,34
41-TUR,45.391956,28.015799,35
41-TUR,45.392640,28.015836,36
41-TUR,45.394703,28.016041,37
41-TUR,45.394986,28.016067,38
41-TUR,45.395364,28.016054,39
41-TUR,45.395735,28.016004,40
41-TUR,45.396194,28.015943,41
41-TUR,45.397578,28.015808,42
41-TUR,45.398376,28.015702,43
41-TUR,45.398734,28.015659,44
41-TUR,45.398866,28.015634,45
41-TUR,45.399657,28.015526,46
41-TUR,45.399857,28.015556,47
41-TUR,45.399930,28.015549,48
41-TUR,45.402952,28.015178,49
41-TUR,45.403290,28.015176,50
41-TUR,45.403472,28.015166,51
41-TUR,45.403689,28.015170,52
41-TUR,45.403812,28.015180,53
41-TUR,45.404019,28.015203,54
41-TUR,45.404128,28.015255,55
41-TUR,45.404199,28.015317,56
41-TUR,45.404247,28.015383,57
41-TUR,45.404275,28.015472,58
41-TUR,45.404284,28.015585,59
41-TUR,45.404281,28.015716,60
41-TUR,45.404249,28.015759,61
41-TUR,45.404231,28.015814,62
41-TUR,45.404231,28.015889,63
41-TUR,45.404254,28.015956,64
41-TUR,45.404296,28.016001,65
41-TUR,45.404332,28.016013,66
41-TUR,45.404368,28.016009,67
41-TUR,45.404402,28.015988,68
41-TUR,45.404450,28.016126,69
41-TUR,45.404669,28.016801,70
41-TUR,45.404767,28.017106,71
41-TUR,45.404940,28.017647,72
41-TUR,45.405014,28.017765,73
41-TUR,45.405072,28.017808,74
41-TUR,45.405177,28.017822,75
41-TUR,45.405415,28.017848,76
41-TUR,45.405407,28.017964,77
41-TUR,45.405389,28.018010,78
41-TUR,45.405034,28.018523,79
41-TUR,45.405027,28.018598,80
41-TUR,45.405037,28.018709,81
41-TUR,45.405110,28.018827,82
41-TUR,45.405187,28.018952,83
41-TUR,45.405268,28.019082,84
41-TUR,45.405689,28.018508,85
41-TUR,45.406111,28.017936,86
41-TUR,45.405989,28.017862,87
41-TUR,45.405847,28.017861,88
41-TUR,45.405788,28.017860,89
41-TUR,45.405625,28.017856,90
41-TUR,45.405589,28.017855,91
41-TUR,45.405415,28.017848,92
41-TUR,45.405177,28.017822,93
41-TUR,45.405072,28.017808,94
41-TUR,45.405014,28.017765,95
41-TUR,45.404940,28.017647,96
41-TUR,45.404921,28.018009,97
41-TUR,45.404884,28.018556,98
41-TUR,45.404889,28.018706,99
41-TUR,45.404918,28.018846,100
41-TUR,45.405217,28.019363,101
41-TUR,45.405623,28.020078,102
41-TUR,45.406388,28.021211,103
41-TUR,45.406391,28.021278,104
41-TUR,45.406388,28.021287,105
41-TUR,45.406364,28.021346,106
41-TUR,45.405576,28.022185,107
41-TUR,45.405160,28.022619,108
41-TUR,45.404929,28.022200,109
41-TUR,45.404362,28.021192,110
41-TUR,45.404503,28.020981,111
41-TUR,45.403922,28.020080,112
41-TUR,45.403915,28.020066,113
41-TUR,45.403908,28.020051,114
41-TUR,45.403818,28.019826,115
41-TUR,45.403748,28.019510,116
41-TUR,45.403674,28.019179,117
41-TUR,45.403629,28.018904,118
41-TUR,45.403550,28.018559,119
41-TUR,45.403472,28.018229,120
41-TUR,45.403414,28.017949,121
41-TUR,45.403360,28.017635,122
41-TUR,45.403329,28.017415,123
41-TUR,45.403160,28.016199,124
41-TUR,45.403795,28.016040,125
41-TUR,45.403843,28.016029,126
41-TUR,45.403937,28.016007,127
41-TUR,45.404025,28.015987,128
41-TUR,45.404296,28.016001,129
41-TUR,45.404332,28.016013,130
41-TUR,45.404368,28.016009,131
41-TUR,45.404402,28.015988,132
41-TUR,45.404434,28.015944,133
41-TUR,45.404451,28.015886,134
41-TUR,45.404452,28.015823,135
41-TUR,45.404435,28.015764,136
41-TUR,45.404404,28.015719,137
41-TUR,45.404404,28.015615,138
41-TUR,45.404408,28.015496,139
41-TUR,45.404434,28.015407,140
41-TUR,45.404486,28.015324,141
41-TUR,45.404585,28.015260,142
41-TUR,45.404736,28.015214,143
41-TUR,45.404914,28.015216,144
41-TUR,45.405926,28.015230,145
41-TUR,45.407260,28.015219,146
41-TUR,45.407855,28.015217,147
41-TUR,45.408508,28.015240,148
41-TUR,45.408719,28.015247,149
41-TUR,45.408980,28.015237,150
41-TUR,45.409089,28.015235,151
41-TUR,45.409464,28.015203,152
41-TUR,45.409497,28.015232,153
41-TUR,45.409542,28.015250,154
41-TUR,45.409588,28.015246,155
41-TUR,45.409631,28.015222,156
41-TUR,45.409667,28.015179,157
41-TUR,45.409682,28.015148,158
41-TUR,45.409917,28.015067,159
41-TUR,45.410106,28.015008,160
41-TUR,45.410245,28.014965,161
41-TUR,45.410371,28.014935,162
41-TUR,45.410382,28.014922,163
41-TUR,45.410442,28.014914,164
41-TUR,45.410574,28.014886,165
41-TUR,45.410674,28.014865,166
41-TUR,45.410818,28.014838,167
41-TUR,45.410876,28.014826,168
41-TUR,45.410889,28.014825,169
41-TUR,45.410983,28.014807,170
41-TUR,45.411072,28.014807,171
41-TUR,45.411249,28.014798,172
41-TUR,45.411493,28.014788,173
41-TUR,45.411631,28.014806,174
41-TUR,45.411809,28.014842,175
41-TUR,45.411863,28.014869,176
41-TUR,45.411917,28.014874,177
41-TUR,45.411949,28.014865,178
41-TUR,45.412001,28.014852,179
41-TUR,45.412070,28.014790,180
41-TUR,45.412121,28.014698,181
41-TUR,45.412134,28.014642,182
41-TUR,45.412146,28.014587,183
41-TUR,45.412146,28.014500,184
41-TUR,45.412146,28.014452,185
41-TUR,45.412127,28.014399,186
41-TUR,45.412100,28.014334,187
41-TUR,45.412112,28.014197,188
41-TUR,45.412138,28.014093,189
41-TUR,45.412167,28.013994,190
41-TUR,45.412237,28.013792,191
41-TUR,45.412794,28.012453,192
41-TUR,45.412894,28.012211,193
41-TUR,45.413073,28.012523,194
41-TUR,45.413132,28.012625,195
41-TUR,45.413199,28.012731,196
41-TUR,45.413284,28.012454,197
41-RETUR,45.413284,28.012454,1
41-RETUR,45.413356,28.012207,2
41-RETUR,45.413340,28.012178,3
41-RETUR,45.413164,28.011852,4
41-RETUR,45.413098,28.011750,5
41-RETUR,45.412945,28.011925,6
41-RETUR,45.412825,28.012091,7
41-RETUR,45.412795,28.012146,8
41-RETUR,45.412703,28.012370,9
41-RETUR,45.412441,28.013007,10
41-RETUR,45.412153,28.013687,11
41-RETUR,45.412058,28.013900,12
41-RETUR,45.412039,28.013936,13
41-RETUR,45.412022,28.013968,14
41-RETUR,45.411930,28.014102,15
41-RETUR,45.411784,28.014256,16
41-RETUR,45.411745,28.014302,17
41-RETUR,45.411713,28.014359,18
41-RETUR,45.411509,28.014541,19
41-RETUR,45.411393,28.014632,20
41-RETUR,45.411273,28.014702,21
41-RETUR,45.410983,28.014807,22
41-RETUR,45.410889,28.014825,23
41-RETUR,45.410876,28.014826,24
41-RETUR,45.410818,28.014838,25
41-RETUR,45.410674,28.014865,26
41-RETUR,45.410574,28.014886,27
41-RETUR,45.410442,28.014914,28
41-RETUR,45.410382,28.014922,29
41-RETUR,45.410368,28.014916,30
41-RETUR,45.410247,28.014916,31
41-RETUR,45.410007,28.014907,32
41-RETUR,45.409664,28.014908,33
41-RETUR,45.409645,28.014882,34
41-RETUR,45.409608,28.014853,35
41-RETUR,45.409567,28.014840,36
41-RETUR,45.409525,28.014845,37
41-RETUR,45.409486,28.014867,38
41-RETUR,45.409452,28.014904,39
41-RETUR,45.409435,28.014935,40
41-RETUR,45.409422,28.014971,41
41-RETUR,45.409277,28.014996,42
41-RETUR,45.409147,28.015011,43
41-RETUR,45.409062,28.015017,44
41-RETUR,45.408685,28.015047,45
41-RETUR,45.408562,28.015049,46
41-RETUR,45.408179,28.015049,47
41-RETUR,45.407851,28.015043,48
41-RETUR,45.407761,28.015037,49
41-RETUR,45.405936,28.015030,50
41-RETUR,45.404629,28.015086,51
41-RETUR,45.404406,28.014881,52
41-RETUR,45.404346,28.014867,53
41-RETUR,45.403704,28.014584,54
41-RETUR,45.403314,28.014445,55
41-RETUR,45.403186,28.014407,56
41-RETUR,45.403099,28.014390,57
41-RETUR,45.403030,28.014399,58
41-RETUR,45.402963,28.014429,59
41-RETUR,45.402917,28.014457,60
41-RETUR,45.402862,28.014512,61
41-RETUR,45.402816,28.014581,62
41-RETUR,45.402778,28.014672,63
41-RETUR,45.402750,28.014781,64
41-RETUR,45.402731,28.014897,65
41-RETUR,45.402726,28.015041,66
41-RETUR,45.402735,28.015407,67
41-RETUR,45.402744,28.015570,68
41-RETUR,45.402757,28.015693,69
41-RETUR,45.402773,28.015789,70
41-RETUR,45.402792,28.015875,71
41-RETUR,45.402811,28.015942,72
41-RETUR,45.402836,28.016001,73
41-RETUR,45.402867,28.016048,74
41-RETUR,45.402905,28.016087,75
41-RETUR,45.402948,28.016124,76
41-RETUR,45.403001,28.016154,77
41-RETUR,45.403056,28.016181,78
41-RETUR,45.403104,28.016196,79
41-RETUR,45.403160,28.016199,80
41-RETUR,45.403795,28.016040,81
41-RETUR,45.403843,28.016029,82
41-RETUR,45.403937,28.016007,83
41-RETUR,45.404025,28.015987,84
41-RETUR,45.404296,28.016001,85
41-RETUR,45.404332,28.016013,86
41-RETUR,45.404368,28.016009,87
41-RETUR,45.404402,28.015988,88
41-RETUR,45.404450,28.016126,89
41-RETUR,45.404669,28.016801,90
41-RETUR,45.404767,28.017106,91
41-RETUR,45.404940,28.017647,92
41-RETUR,45.405014,28.017765,93
41-RETUR,45.405072,28.017808,94
41-RETUR,45.405177,28.017822,95
41-RETUR,45.405415,28.017848,96
41-RETUR,45.405407,28.017964,97
41-RETUR,45.405389,28.018010,98
41-RETUR,45.405034,28.018523,99
41-RETUR,45.405027,28.018598,100
41-RETUR,45.405037,28.018709,101
41-RETUR,45.405110,28.018827,102
41-RETUR,45.405187,28.018952,103
41-RETUR,45.405268,28.019082,104
41-RETUR,45.405689,28.018508,105
41-RETUR,45.406111,28.017936,106
41-RETUR,45.405989,28.017862,107
41-RETUR,45.405847,28.017861,108
41-RETUR,45.405788,28.017860,109
41-RETUR,45.405625,28.017856,110
41-RETUR,45.405589,28.017855,111
41-RETUR,45.405415,28.017848,112
41-RETUR,45.405177,28.017822,113
41-RETUR,45.405072,28.017808,114
41-RETUR,45.405014,28.017765,115
41-RETUR,45.404940,28.017647,116
41-RETUR,45.404921,28.018009,117
41-RETUR,45.404884,28.018556,118
41-RETUR,45.404889,28.018706,119
41-RETUR,45.404918,28.018846,120
41-RETUR,45.405217,28.019363,121
41-RETUR,45.405623,28.020078,122
41-RETUR,45.406388,28.021211,123
41-RETUR,45.406391,28.021278,124
41-RETUR,45.406388,28.021287,125
41-RETUR,45.406364,28.021346,126
41-RETUR,45.405576,28.022185,127
41-RETUR,45.405160,28.022619,128
41-RETUR,45.404929,28.022200,129
41-RETUR,45.404362,28.021192,130
41-RETUR,45.404503,28.020981,131
41-RETUR,45.403922,28.020080,132
41-RETUR,45.403915,28.020066,133
41-RETUR,45.403908,28.020051,134
41-RETUR,45.403818,28.019826,135
41-RETUR,45.403748,28.019510,136
41-RETUR,45.403674,28.019179,137
41-RETUR,45.403629,28.018904,138
41-RETUR,45.403550,28.018559,139
41-RETUR,45.403472,28.018229,140
41-RETUR,45.403414,28.017949,141
41-RETUR,45.403360,28.017635,142
41-RETUR,45.403329,28.017415,143
41-RETUR,45.403160,28.016199,144
41-RETUR,45.403104,28.016196,145
41-RETUR,45.403056,28.016181,146
41-RETUR,45.403001,28.016154,147
41-RETUR,45.402948,28.016124,148
41-RETUR,45.402905,28.016087,149
41-RETUR,45.402867,28.016048,150
41-RETUR,45.402836,28.016001,151
41-RETUR,45.402811,28.015942,152
41-RETUR,45.402792,28.015875,153
41-RETUR,45.402773,28.015789,154
41-RETUR,45.402757,28.015693,155
41-RETUR,45.402744,28.015570,156
41-RETUR,45.402735,28.015407,157
41-RETUR,45.402726,28.015041,158
41-RETUR,45.402731,28.014897,159
41-RETUR,45.402750,28.014781,160
41-RETUR,45.402778,28.014672,161
41-RETUR,45.402816,28.014581,162
41-RETUR,45.402862,28.014512,163
41-RETUR,45.402917,28.014457,164
41-RETUR,45.402963,28.014429,165
41-RETUR,45.403030,28.014399,166
41-RETUR,45.403099,28.014390,167
41-RETUR,45.403186,28.014407,168
41-RETUR,45.403314,28.014445,169
41-RETUR,45.403704,28.014584,170
41-RETUR,45.404346,28.014867,171
41-RETUR,45.404330,28.014914,172
41-RETUR,45.404262,28.014989,173
41-RETUR,45.404210,28.015014,174
41-RETUR,45.404016,28.015050,175
41-RETUR,45.403844,28.015055,176
41-RETUR,45.403692,28.015048,177
41-RETUR,45.403470,28.015044,178
41-RETUR,45.403292,28.015045,179
41-RETUR,45.402945,28.015060,180
41-RETUR,45.399923,28.015429,181
41-RETUR,45.399868,28.015437,182
41-RETUR,45.399657,28.015526,183
41-RETUR,45.398866,28.015634,184
41-RETUR,45.398734,28.015659,185
41-RETUR,45.398376,28.015702,186
41-RETUR,45.397578,28.015808,187
41-RETUR,45.396194,28.015943,188
41-RETUR,45.395735,28.016004,189
41-RETUR,45.395364,28.016054,190
41-RETUR,45.394986,28.016067,191
41-RETUR,45.394703,28.016041,192
41-RETUR,45.392640,28.015836,193
41-RETUR,45.391956,28.015799,194
41-RETUR,45.390873,28.015765,195
41-RETUR,45.388967,28.015697,196
41-RETUR,45.388480,28.015660,197
41-RETUR,45.388374,28.015655,198
41-RETUR,45.388339,28.015654,199
41-RETUR,45.388185,28.015648,200
41-RETUR,45.388129,28.015459,201
41-RETUR,45.388042,28.014696,202
41-RETUR,45.388039,28.014600,203
41-RETUR,45.388044,28.014501,204
41-RETUR,45.388067,28.014409,205
41-RETUR,45.388098,28.014315,206
41-RETUR,45.388200,28.013997,207
41-RETUR,45.388244,28.013858,208
41-RETUR,45.388294,28.013676,209
41-RETUR,45.388384,28.013333,210
41-RETUR,45.388544,28.012680,211
41-RETUR,45.388570,28.012537,212
41-RETUR,45.388589,28.012428,213
41-RETUR,45.388609,28.012244,214
41-RETUR,45.388617,28.012091,215
41-RETUR,45.388621,28.011953,216
41-RETUR,45.388622,28.011683,217
41-RETUR,45.388619,28.011583,218
41-RETUR,45.388612,28.011306,219
41-RETUR,45.388571,28.011031,220
41-RETUR,45.388530,28.010769,221
41-RETUR,45.388503,28.010635,222
41-RETUR,45.388471,28.010505,223
41-RETUR,45.388427,28.010333,224
41-RETUR,45.388385,28.010165,225
41-RETUR,45.388279,28.009817,226
41-RETUR,45.388100,28.009909,227
41-RETUR,45.388019,28.009956,228
38-TUR,45.413284,28.012454,1
38-TUR,45.413356,28.012207,2
38-TUR,45.413340,28.012178,3
38-TUR,45.413164,28.011852,4
38-TUR,45.413287,28.011721,5
38-TUR,45.413696,28.011287,6
38-TUR,45.414078,28.010910,7
38-TUR,45.414657,28.010328,8
38-TUR,45.415222,28.009758,9
38-TUR,45.415329,28.009651,10
38-TUR,45.415261,28.009517,11
38-TUR,45.414998,28.008979,12
38-TUR,45.415205,28.008757,13
38-TUR,45.415323,28.008630,14
38-TUR,45.415380,28.008585,15
38-TUR,45.415440,28.008565,16
38-TUR,45.415495,28.008545,17
38-TUR,45.415556,28.008509,18
38-TUR,45.415809,28.008276,19
38-TUR,45.415831,28.008256,20
38-TUR,45.416010,28.008091,21
38-TUR,45.416045,28.008059,22
38-TUR,45.416135,28.007976,23
38-TUR,45.416271,28.007852,24
38-TUR,45.416305,28.007932,25
38-TUR,45.416362,28.008045,26
38-TUR,45.416812,28.008944,27
38-TUR,45.416993,28.009302,28
38-TUR,45.417024,28.009363,29
38-TUR,45.417378,28.010076,30
38-TUR,45.417598,28.010523,31
38-TUR,45.417712,28.010753,32
38-TUR,45.417980,28.010745,33
38-TUR,45.418149,28.010741,34
38-TUR,45.418436,28.010733,35
38-TUR,45.418550,28.010732,36
38-TUR,45.418628,28.010732,37
38-TUR,45.419378,28.010736,38
38-TUR,45.420391,28.010750,39
38-TUR,45.420733,28.010742,40
38-TUR,45.421729,28.010723,41
38-TUR,45.421772,28.010724,42
38-TUR,45.421822,28.010730,43
38-TUR,45.421828,28.010622,44
38-TUR,45.421824,28.010475,45
38-TUR,45.421798,28.009694,46
38-TUR,45.421782,28.009190,47
38-TUR,45.421776,28.008693,48
38-TUR,45.421771,28.008233,49
38-TUR,45.421766,28.007821,50
38-TUR,45.421764,28.007456,51
38-TUR,45.421962,28.007474,52
38-TUR,45.422365,28.007566,53
38-TUR,45.422538,28.007583,54
38-TUR,45.423013,28.007619,55
38-TUR,45.423006,28.007213,56
38-TUR,45.422970,28.004871,57
38-TUR,45.423822,28.004967,58
38-TUR,45.424057,28.004999,59
38-TUR,45.424325,28.005036,60
38-TUR,45.424474,28.005056,61
38-TUR,45.425340,28.005174,62
38-TUR,45.425757,28.005252,63
38-TUR,45.425945,28.005382,64
38-TUR,45.426001,28.005421,65
38-TUR,45.426020,28.005458,66
38-TUR,45.426020,28.005629,67
38-TUR,45.426024,28.005771,68
38-TUR,45.426056,28.006428,69
38-TUR,45.426063,28.006610,70
38-TUR,45.426067,28.006830,71
38-TUR,45.426092,28.007609,72
38-TUR,45.426113,28.008011,73
38-TUR,45.426146,28.008418,74
38-TUR,45.426179,28.008857,75
38-TUR,45.426191,28.009139,76
38-TUR,45.426185,28.009234,77
38-TUR,45.426172,28.009291,78
38-TUR,45.426153,28.009352,79
38-TUR,45.426130,28.009400,80
38-TUR,45.426093,28.009466,81
38-TUR,45.426046,28.009504,82
38-TUR,45.426011,28.009566,83
38-TUR,45.425995,28.009642,84
38-TUR,45.425999,28.009721,85
38-TUR,45.426021,28.009787,86
38-TUR,45.426049,28.009829,87
38-TUR,45.426084,28.009858,88
38-TUR,45.426123,28.009873,89
38-TUR,45.426192,28.009965,90
38-TUR,45.426232,28.010041,91
38-TUR,45.426252,28.010097,92
38-TUR,45.426265,28.010139,93
38-TUR,45.426311,28.010348,94
38-TUR,45.426356,28.010966,95
38-TUR,45.426402,28.011561,96
38-TUR,45.426418,28.011757,97
38-TUR,45.426428,28.011879,98
38-TUR,45.426367,28.011890,99
38-TUR,45.426301,28.011966,100
38-TUR,45.426286,28.012155,101
38-TUR,45.426327,28.012315,102
38-TUR,45.426400,28.012407,103
38-TUR,45.426476,28.012420,104
38-TUR,45.426560,28.013363,105
38-TUR,45.425927,28.013479,106
38-TUR,45.425395,28.013575,107
38-TUR,45.424737,28.013713,108
38-TUR,45.424692,28.013546,109
38-TUR,45.424637,28.013435,110
38-TUR,45.424600,28.013391,111
38-TUR,45.424509,28.013357,112
38-TUR,45.424397,28.013342,113
38-TUR,45.424000,28.013276,114
38-TUR,45.423864,28.013259,115
38-TUR,45.423744,28.013254,116
38-TUR,45.423592,28.013258,117
38-TUR,45.423353,28.013267,118
38-TUR,45.422619,28.013317,119
38-TUR,45.422214,28.013345,120
38-TUR,45.422080,28.013352,121
38-TUR,45.421670,28.013373,122
38-TUR,45.421399,28.013389,123
38-TUR,45.421312,28.013395,124
38-TUR,45.420756,28.013418,125
38-TUR,45.420684,28.013424,126
38-TUR,45.420616,28.013443,127
38-TUR,45.420551,28.013480,128
38-TUR,45.420472,28.013536,129
38-TUR,45.420362,28.013640,130
38-TUR,45.420243,28.013776,131
38-TUR,45.419892,28.014177,132
38-TUR,45.419734,28.014355,133
38-TUR,45.419625,28.014472,134
38-TUR,45.419424,28.014079,135
38-TUR,45.419380,28.013999,136
38-TUR,45.419329,28.013895,137
38-TUR,45.419144,28.013526,138
38-TUR,45.418959,28.013169,139
38-TUR,45.418632,28.012527,140
38-TUR,45.418228,28.011781,141
38-TUR,45.417712,28.010753,142
38-TUR,45.417598,28.010523,143
38-TUR,45.417378,28.010076,144
38-TUR,45.417024,28.009363,145
38-TUR,45.416993,28.009302,146
38-TUR,45.416812,28.008944,147
38-TUR,45.416362,28.008045,148
38-TUR,45.416305,28.007932,149
38-TUR,45.416271,28.007852,150
38-TUR,45.416135,28.007976,151
38-TUR,45.416045,28.008059,152
38-TUR,45.416010,28.008091,153
38-TUR,45.415831,28.008256,154
38-TUR,45.415809,28.008276,155
38-TUR,45.415556,28.008509,156
38-TUR,45.415495,28.008545,157
38-TUR,45.415440,28.008565,158
38-TUR,45.415380,28.008585,159
38-TUR,45.415323,28.008630,160
38-TUR,45.415205,28.008757,161
38-TUR,45.414998,28.008979,162
38-TUR,45.414897,28.008775,163
38-TUR,45.414426,28.007828,164
38-TUR,45.414336,28.007647,165
38-TUR,45.414175,28.007315,166
38-TUR,45.414162,28.007285,167
38-TUR,45.413996,28.006963,168
38-TUR,45.413897,28.006763,169
38-TUR,45.413699,28.006362,170
38-TUR,45.413637,28.006156,171
38-TUR,45.413614,28.006082,172
38-TUR,45.413629,28.006002,173
38-TUR,45.413617,28.005930,174
38-TUR,45.413584,28.005874,175
38-TUR,45.413537,28.005842,176
38-TUR,45.413500,28.005840,177
38-TUR,45.413465,28.005854,178
38-TUR,45.413434,28.005883,179
38-TUR,45.413411,28.005924,180
38-TUR,45.413399,28.005974,181
38-TUR,45.413398,28.006016,182
38-TUR,45.413407,28.006070,183
38-TUR,45.413428,28.006116,184
38-TUR,45.413459,28.006149,185
38-TUR,45.413496,28.006166,186
38-TUR,45.413517,28.006168,187
38-TUR,45.413699,28.006362,188
38-TUR,45.413897,28.006763,189
38-TUR,45.413996,28.006963,190
38-TUR,45.414162,28.007285,191
38-TUR,45.414175,28.007315,192
38-TUR,45.414336,28.007647,193
38-TUR,45.414426,28.007828,194
38-TUR,45.414897,28.008775,195
38-TUR,45.414998,28.008979,196
38-TUR,45.415261,28.009517,197
38-TUR,45.415151,28.009626,198
38-TUR,45.414917,28.009859,199
38-TUR,45.414614,28.010160,200
38-TUR,45.414015,28.010788,201
38-TUR,45.413502,28.011325,202
38-TUR,45.413232,28.011603,203
38-TUR,45.413098,28.011750,204
38-TUR,45.412945,28.011925,205
38-TUR,45.412825,28.012091,206
38-TUR,45.412894,28.012211,207
38-TUR,45.413073,28.012523,208
38-TUR,45.413132,28.012625,209
38-TUR,45.413199,28.012731,210
38-TUR,45.413284,28.012454,211
37-TUR,45.434920,28.014749,1
37-TUR,45.434915,28.014688,2
37-TUR,45.434910,28.014631,3
37-TUR,45.434964,28.014240,4
37-TUR,45.434269,28.013895,5
37-TUR,45.433826,28.013675,6
37-TUR,45.433647,28.013590,7
37-TUR,45.433388,28.013479,8
37-TUR,45.433008,28.013364,9
37-TUR,45.431793,28.013092,10
37-TUR,45.431732,28.013078,11
37-TUR,45.431634,28.013050,12
37-TUR,45.430798,28.012863,13
37-TUR,45.430079,28.012690,14
37-TUR,45.428501,28.012331,15
37-TUR,45.427910,28.012205,16
37-TUR,45.427563,28.012058,17
37-TUR,45.427614,28.011786,18
37-TUR,45.427420,28.011737,19
37-TUR,45.427405,28.011733,20
37-TUR,45.427036,28.011639,21
37-TUR,45.427005,28.011796,22
37-TUR,45.426526,28.011581,23
37-TUR,45.426402,28.011561,24
37-TUR,45.426418,28.011757,25
37-TUR,45.426428,28.011879,26
37-TUR,45.426459,28.012225,27
37-TUR,45.426476,28.012420,28
37-TUR,45.426560,28.013363,29
37-TUR,45.426593,28.013728,30
37-TUR,45.426600,28.013814,31
37-TUR,45.426648,28.014345,32
37-TUR,45.426836,28.016451,33
37-TUR,45.426840,28.016496,34
37-TUR,45.426885,28.016999,35
37-TUR,45.426903,28.017199,36
37-TUR,45.426911,28.017291,37
37-TUR,45.427004,28.018320,38
37-TUR,45.427023,28.018531,39
37-TUR,45.427054,28.018876,40
37-TUR,45.427059,28.018928,41
37-TUR,45.427063,28.018974,42
37-TUR,45.427083,28.019202,43
37-TUR,45.427164,28.020113,44
37-TUR,45.427231,28.020873,45
37-TUR,45.427273,28.021356,46
37-TUR,45.427277,28.021402,47
37-TUR,45.427330,28.021996,48
37-TUR,45.427332,28.022024,49
37-TUR,45.427319,28.022198,50
37-TUR,45.427314,28.022266,51
37-TUR,45.427298,28.022295,52
37-TUR,45.427287,28.022330,53
37-TUR,45.427282,28.022366,54
37-TUR,45.427285,28.022414,55
37-TUR,45.427298,28.022459,56
37-TUR,45.427315,28.022490,57
37-TUR,45.427338,28.022514,58
37-TUR,45.427388,28.022744,59
37-TUR,45.427388,28.022769,60
37-TUR,45.427423,28.023277,61
37-TUR,45.427411,28.023508,62
37-TUR,45.427387,28.023614,63
37-TUR,45.427350,28.023718,64
37-TUR,45.427322,28.023776,65
37-TUR,45.427277,28.023872,66
37-TUR,45.427234,28.023897,67
37-TUR,45.427140,28.023983,68
37-TUR,45.427090,28.024060,69
37-TUR,45.427041,28.024163,70
37-TUR,45.427019,28.024248,71
37-TUR,45.427011,28.024279,72
37-TUR,45.427004,28.024469,73
37-TUR,45.427035,28.024643,74
37-TUR,45.427114,28.024798,75
37-TUR,45.427208,28.024913,76
37-TUR,45.427356,28.025170,77
37-TUR,45.427396,28.025267,78
37-TUR,45.427440,28.025382,79
37-TUR,45.427479,28.025536,80
37-TUR,45.427571,28.026576,81
37-TUR,45.427613,28.027036,82
37-TUR,45.427706,28.028100,83
37-TUR,45.427739,28.028467,84
37-TUR,45.427777,28.028884,85
37-TUR,45.427784,28.028954,86
37-TUR,45.427791,28.029033,87
37-TUR,45.427815,28.029298,88
37-TUR,45.427733,28.029314,89
37-TUR,45.427426,28.029375,90
37-TUR,45.427382,28.029384,91
37-TUR,45.427292,28.029400,92
37-TUR,45.426844,28.029465,93
37-TUR,45.426606,28.029480,94
37-TUR,45.425979,28.029414,95
37-TUR,45.425879,28.029404,96
37-TUR,45.425547,28.029353,97
37-TUR,45.425474,28.029342,98
37-TUR,45.425337,28.029321,99
37-TUR,45.425306,28.029317,100
37-TUR,45.424987,28.029268,101
37-TUR,45.424954,28.029266,102
37-TUR,45.424521,28.029206,103
37-TUR,45.424312,28.029168,104
37-TUR,45.423803,28.029075,105
37-TUR,45.423035,28.028931,106
37-TUR,45.422749,28.028890,107
37-TUR,45.422324,28.028818,108
37-TUR,45.422285,28.028817,109
37-TUR,45.422259,28.028815,110
37-TUR,45.422066,28.028808,111
37-TUR,45.421580,28.028791,112
37-TUR,45.421197,28.028777,113
37-TUR,45.421083,28.028775,114
37-TUR,45.420800,28.028784,115
37-TUR,45.420703,28.028717,116
37-TUR,45.420640,28.028647,117
37-TUR,45.420612,28.028490,118
37-TUR,45.420595,28.028345,119
37-TUR,45.420587,28.028193,120
37-TUR,45.420356,28.028363,121
37-TUR,45.419516,28.028804,122
37-TUR,45.419297,28.028924,123
37-TUR,45.419065,28.028964,124
37-TUR,45.418964,28.028981,125
37-TUR,45.418911,28.028990,126
37-TUR,45.418872,28.028987,127
37-TUR,45.418836,28.029001,128
37-TUR,45.418804,28.029028,129
37-TUR,45.418780,28.029068,130
37-TUR,45.418766,28.029116,131
37-TUR,45.418762,28.029168,132
37-TUR,45.418768,28.029216,133
37-TUR,45.418783,28.029260,134
37-TUR,45.418751,28.029582,135
37-TUR,45.418601,28.029898,136
37-TUR,45.418429,28.030082,137
37-TUR,45.418338,28.030163,138
37-TUR,45.418265,28.030244,139
37-TUR,45.418239,28.030269,140
37-TUR,45.417952,28.030600,141
37-TUR,45.417191,28.031548,142
37-TUR,45.417111,28.031656,143
37-TUR,45.417045,28.031777,144
37-TUR,45.417003,28.031883,145
37-TUR,45.416983,28.031933,146
37-TUR,45.416944,28.032104,147
37-TUR,45.416880,28.032445,148
37-TUR,45.416834,28.032671,149
37-TUR,45.416829,28.032696,150
37-TUR,45.416810,28.032801,151
37-TUR,45.416763,28.033115,152
37-RETUR,45.416763,28.033115,1
37-RETUR,45.416810,28.032801,2
37-RETUR,45.416829,28.032696,3
37-RETUR,45.416834,28.032671,4
37-RETUR,45.416880,28.032445,5
37-RETUR,45.416944,28.032104,6
37-RETUR,45.416983,28.031933,7
37-RETUR,45.417003,28.031883,8
37-RETUR,45.417045,28.031777,9
37-RETUR,45.417111,28.031656,10
37-RETUR,45.417191,28.031548,11
37-RETUR,45.417952,28.030600,12
37-RETUR,45.418239,28.030269,13
37-RETUR,45.418265,28.030244,14
37-RETUR,45.418338,28.030163,15
37-RETUR,45.418429,28.030082,16
37-RETUR,45.418601,28.029898,17
37-RETUR,45.418751,28.029582,18
37-RETUR,45.418836,28.029445,19
37-RETUR,45.418905,28.029334,20
37-RETUR,45.418942,28.029316,21
37-RETUR,45.418974,28.029282,22
37-RETUR,45.418996,28.029235,23
37-RETUR,45.419007,28.029180,24
37-RETUR,45.419173,28.029033,25
37-RETUR,45.419297,28.028924,26
37-RETUR,45.419382,28.028943,27
37-RETUR,45.419457,28.028937,28
37-RETUR,45.419537,28.028921,29
37-RETUR,45.420800,28.028784,30
37-RETUR,45.421083,28.028775,31
37-RETUR,45.421197,28.028777,32
37-RETUR,45.421580,28.028791,33
37-RETUR,45.422066,28.028808,34
37-RETUR,45.422259,28.028815,35
37-RETUR,45.422285,28.028817,36
37-RETUR,45.422324,28.028818,37
37-RETUR,45.422749,28.028890,38
37-RETUR,45.423035,28.028931,39
37-RETUR,45.423803,28.029075,40
37-RETUR,45.424312,28.029168,41
37-RETUR,45.424521,28.029206,42
37-RETUR,45.424954,28.029266,43
37-RETUR,45.424987,28.029268,44
37-RETUR,45.425306,28.029317,45
37-RETUR,45.425337,28.029321,46
37-RETUR,45.425474,28.029342,47
37-RETUR,45.425547,28.029353,48
37-RETUR,45.425879,28.029404,49
37-RETUR,45.425979,28.029414,50
37-RETUR,45.426606,28.029480,51
37-RETUR,45.426844,28.029465,52
37-RETUR,45.427292,28.029400,53
37-RETUR,45.427382,28.029384,54
37-RETUR,45.427426,28.029375,55
37-RETUR,45.427733,28.029314,56
37-RETUR,45.427815,28.029298,57
37-RETUR,45.427976,28.029267,58
37-RETUR,45.427952,28.029021,59
37-RETUR,45.427946,28.028954,60
37-RETUR,45.427943,28.028921,61
37-RETUR,45.427868,28.028030,62
37-RETUR,45.427840,28.027738,63
37-RETUR,45.427780,28.027047,64
37-RETUR,45.427715,28.026260,65
37-RETUR,45.427664,28.025655,66
37-RETUR,45.427654,28.025555,67
37-RETUR,45.427646,28.025472,68
37-RETUR,45.427639,28.025337,69
37-RETUR,45.427642,28.025231,70
37-RETUR,45.427653,28.025110,71
37-RETUR,45.427661,28.025029,72
37-RETUR,45.427685,28.024815,73
37-RETUR,45.427724,28.024751,74
37-RETUR,45.427772,28.024627,75
37-RETUR,45.427799,28.024469,76
37-RETUR,45.427794,28.024306,77
37-RETUR,45.427756,28.024152,78
37-RETUR,45.427722,28.024075,79
37-RETUR,45.427578,28.023733,80
37-RETUR,45.427536,28.023623,81
37-RETUR,45.427475,28.023465,82
37-RETUR,45.427423,28.023277,83
37-RETUR,45.427388,28.022769,84
37-RETUR,45.427388,28.022744,85
37-RETUR,45.427437,28.022571,86
37-RETUR,45.427456,28.022506,87
37-RETUR,45.427485,28.022461,88
37-RETUR,45.427497,28.022424,89
37-RETUR,45.427502,28.022383,90
37-RETUR,45.427500,28.022342,91
37-RETUR,45.427489,28.022303,92
37-RETUR,45.427473,28.022270,93
37-RETUR,45.427429,28.022229,94
37-RETUR,45.427332,28.022024,95
37-RETUR,45.427330,28.021996,96
37-RETUR,45.427277,28.021402,97
37-RETUR,45.427273,28.021356,98
37-RETUR,45.427231,28.020873,99
37-RETUR,45.427164,28.020113,100
37-RETUR,45.427083,28.019202,101
37-RETUR,45.427063,28.018974,102
37-RETUR,45.427059,28.018928,103
37-RETUR,45.427054,28.018876,104
37-RETUR,45.427023,28.018531,105
37-RETUR,45.427004,28.018320,106
37-RETUR,45.426911,28.017291,107
37-RETUR,45.426903,28.017199,108
37-RETUR,45.426885,28.016999,109
37-RETUR,45.426840,28.016496,110
37-RETUR,45.426836,28.016451,111
37-RETUR,45.426648,28.014345,112
37-RETUR,45.426600,28.013814,113
37-RETUR,45.426593,28.013728,114
37-RETUR,45.426560,28.013363,115
37-RETUR,45.426476,28.012420,116
37-RETUR,45.426459,28.012225,117
37-RETUR,45.426428,28.011879,118
37-RETUR,45.426418,28.011757,119
37-RETUR,45.426402,28.011561,120
37-RETUR,45.426526,28.011581,121
37-RETUR,45.427005,28.011796,122
37-RETUR,45.427036,28.011639,123
37-RETUR,45.427405,28.011733,124
37-RETUR,45.427420,28.011737,125
37-RETUR,45.427614,28.011786,126
37-RETUR,45.427563,28.012058,127
37-RETUR,45.427910,28.012205,128
37-RETUR,45.428501,28.012331,129
37-RETUR,45.430079,28.012690,130
37-RETUR,45.430798,28.012863,131
37-RETUR,45.431634,28.013050,132
37-RETUR,45.431732,28.013078,133
37-RETUR,45.431793,28.013092,134
37-RETUR,45.433008,28.013364,135
37-RETUR,45.433388,28.013479,136
37-RETUR,45.433647,28.013590,137
37-RETUR,45.433826,28.013675,138
37-RETUR,45.434269,28.013895,139
37-RETUR,45.434964,28.014240,140
37-RETUR,45.434910,28.014631,141
37-RETUR,45.434915,28.014688,142
37-RETUR,45.434920,28.014749,143
35-TUR,45.437935,28.049170,1
35-TUR,45.437894,28.049212,2
35-TUR,45.437864,28.049401,3
35-TUR,45.437870,28.049547,4
35-TUR,45.437890,28.049624,5
35-TUR,45.437898,28.049655,6
35-TUR,45.437929,28.049774,7
35-TUR,45.438059,28.049709,8
35-TUR,45.438237,28.049621,9
35-TUR,45.438289,28.049589,10
35-TUR,45.439012,28.049225,11
35-TUR,45.439098,28.049180,12
35-TUR,45.439349,28.049047,13
35-TUR,45.439408,28.049016,14
35-TUR,45.439474,28.048981,15
35-TUR,45.439552,28.048937,16
35-TUR,45.439598,28.048913,17
35-TUR,45.439874,28.048763,18
35-TUR,45.440307,28.048547,19
35-TUR,45.440424,28.048489,20
35-TUR,45.440829,28.048282,21
35-TUR,45.440954,28.048218,22
35-TUR,45.441479,28.047950,23
35-TUR,45.441582,28.047897,24
35-TUR,45.441699,28.047837,25
35-TUR,45.442267,28.047546,26
35-TUR,45.442596,28.047391,27
35-TUR,45.442798,28.047290,28
35-TUR,45.442942,28.047219,29
35-TUR,45.443049,28.047162,30
35-TUR,45.443251,28.047057,31
35-TUR,45.443356,28.047005,32
35-TUR,45.443541,28.046912,33
35-TUR,45.443590,28.046878,34
35-TUR,45.443645,28.046849,35
35-TUR,45.443926,28.046693,36
35-TUR,45.443935,28.046688,37
35-TUR,45.443944,28.046684,38
35-TUR,45.444059,28.046623,39
35-TUR,45.444127,28.046588,40
35-TUR,45.444659,28.046324,41
35-TUR,45.444826,28.046238,42
35-TUR,45.444930,28.046184,43
35-TUR,45.445175,28.046058,44
35-TUR,45.446080,28.045593,45
35-TUR,45.446101,28.045585,46
35-TUR,45.446198,28.045537,47
35-TUR,45.446432,28.045423,48
35-TUR,45.446517,28.045382,49
35-TUR,45.446939,28.045176,50
35-TUR,45.448187,28.044484,51
35-TUR,45.448294,28.044430,52
35-TUR,45.448884,28.044125,53
35-TUR,45.449500,28.043812,54
35-TUR,45.450076,28.043523,55
35-TUR,45.451090,28.043004,56
35-TUR,45.452518,28.042292,57
35-TUR,45.452633,28.042230,58
35-TUR,45.452799,28.042146,59
35-TUR,45.453001,28.042036,60
35-TUR,45.453061,28.042003,61
35-TUR,45.453711,28.041673,62
35-TUR,45.453858,28.041597,63
35-TUR,45.454987,28.041017,64
35-TUR,45.455712,28.040653,65
35-TUR,45.456429,28.040280,66
35-TUR,45.456711,28.040134,67
35-TUR,45.456770,28.040100,68
35-TUR,45.456892,28.040037,69
35-TUR,45.457976,28.039485,70
35-TUR,45.458448,28.039223,71
35-TUR,45.459188,28.038856,72
35-TUR,45.459277,28.038811,73
35-TUR,45.459339,28.038779,74
35-TUR,45.459460,28.038716,75
35-TUR,45.459592,28.038648,76
35-TUR,45.460709,28.038095,77
35-TUR,45.462361,28.037262,78
35-TUR,45.462438,28.037223,79
35-TUR,45.462512,28.037182,80
35-TUR,45.462688,28.037085,81
35-TUR,45.463020,28.036900,82
35-TUR,45.463036,28.036892,83
35-TUR,45.464539,28.036105,84
35-TUR,45.464665,28.036039,85
35-TUR,45.464701,28.036019,86
35-TUR,45.464736,28.036000,87
35-TUR,45.464897,28.035940,88
35-TUR,45.465081,28.035864,89
35-TUR,45.465196,28.035820,90
35-TUR,45.465227,28.035849,91
35-TUR,45.465261,28.035865,92
35-TUR,45.465292,28.035866,93
35-TUR,45.465324,28.035861,94
35-TUR,45.465350,28.035843,95
35-TUR,45.465373,28.035825,96
35-TUR,45.465394,28.035794,97
35-TUR,45.465408,28.035765,98
35-TUR,45.465419,28.035730,99
35-TUR,45.465536,28.035679,100
35-TUR,45.465668,28.035589,101
35-TUR,45.465762,28.035490,102
35-TUR,45.465923,28.035425,103
35-TUR,45.466139,28.035303,104
35-TUR,45.466333,28.035198,105
35-TUR,45.467221,28.034742,106
35-TUR,45.467359,28.034673,107
35-TUR,45.467855,28.034428,108
35-TUR,45.467961,28.034375,109
35-TUR,45.468092,28.034322,110
35-TUR,45.468269,28.034264,111
35-TUR,45.468515,28.034199,112
35-TUR,45.468813,28.034156,113
35-TUR,45.469028,28.034131,114
35-TUR,45.469296,28.034121,115
35-TUR,45.469346,28.034118,116
35-TUR,45.469527,28.034109,117
35-TUR,45.469583,28.034105,118
35-TUR,45.469656,28.034101,119
35-TUR,45.469952,28.034086,120
35-TUR,45.470233,28.034071,121
35-TUR,45.470651,28.034048,122
35-TUR,45.471087,28.034016,123
35-TUR,45.471456,28.033989,124
35-TUR,45.471645,28.033985,125
35-TUR,45.471841,28.033977,126
35-TUR,45.472243,28.033958,127
35-TUR,45.472374,28.033951,128
35-TUR,45.472698,28.033934,129
35-TUR,45.472756,28.033932,130
35-TUR,45.472972,28.033919,131
35-TUR,45.473310,28.033900,132
35-TUR,45.473354,28.033897,133
35-TUR,45.473646,28.033887,134
35-TUR,45.474112,28.033873,135
35-TUR,45.474359,28.033860,136
35-TUR,45.474405,28.033858,137
35-TUR,45.474456,28.033856,138
35-TUR,45.474537,28.033852,139
35-TUR,45.474574,28.033850,140
35-TUR,45.474806,28.033837,141
35-TUR,45.475271,28.033811,142
35-TUR,45.475421,28.033803,143
35-TUR,45.475688,28.033788,144
35-TUR,45.476484,28.033743,145
35-TUR,45.476865,28.033721,146
35-TUR,45.477423,28.033690,147
35-TUR,45.477684,28.033675,148
35-TUR,45.478177,28.033658,149
35-TUR,45.478225,28.033656,150
35-TUR,45.479176,28.033611,151
35-TUR,45.479389,28.033602,152
35-TUR,45.479964,28.033574,153
35-TUR,45.480043,28.033571,154
35-TUR,45.480165,28.033565,155
35-TUR,45.480338,28.033555,156
35-TUR,45.480502,28.033547,157
35-TUR,45.481293,28.033505,158
35-TUR,45.481538,28.033490,159
35-TUR,45.481585,28.033490,160
35-TUR,45.481916,28.033470,161
35-TUR,45.482745,28.033407,162
35-TUR,45.483207,28.033372,163
35-TUR,45.483375,28.033361,164
35-TUR,45.483713,28.033338,165
35-TUR,45.483792,28.033333,166
35-TUR,45.484105,28.033320,167
35-TUR,45.484155,28.033144,168
35-TUR,45.484162,28.032863,169
35-TUR,45.484159,28.032756,170
35-TUR,45.484203,28.032709,171
35-TUR,45.484233,28.032643,172
35-TUR,45.484245,28.032567,173
35-RETUR,45.484245,28.032567,1
35-RETUR,45.484233,28.032643,2
35-RETUR,45.484203,28.032709,3
35-RETUR,45.484159,28.032756,4
35-RETUR,45.484162,28.032863,5
35-RETUR,45.484155,28.033144,6
35-RETUR,45.484105,28.033320,7
35-RETUR,45.483792,28.033333,8
35-RETUR,45.483713,28.033338,9
35-RETUR,45.483375,28.033361,10
35-RETUR,45.483207,28.033372,11
35-RETUR,45.482745,28.033407,12
35-RETUR,45.481916,28.033470,13
35-RETUR,45.481585,28.033490,14
35-RETUR,45.481538,28.033490,15
35-RETUR,45.481293,28.033505,16
35-RETUR,45.480502,28.033547,17
35-RETUR,45.480338,28.033555,18
35-RETUR,45.480165,28.033565,19
35-RETUR,45.480043,28.033571,20
35-RETUR,45.479964,28.033574,21
35-RETUR,45.479389,28.033602,22
35-RETUR,45.479176,28.033611,23
35-RETUR,45.478225,28.033656,24
35-RETUR,45.478177,28.033658,25
35-RETUR,45.477684,28.033675,26
35-RETUR,45.477423,28.033690,27
35-RETUR,45.476865,28.033721,28
35-RETUR,45.476484,28.033743,29
35-RETUR,45.475688,28.033788,30
35-RETUR,45.475421,28.033803,31
35-RETUR,45.475271,28.033811,32
35-RETUR,45.474806,28.033837,33
35-RETUR,45.474574,28.033850,34
35-RETUR,45.474537,28.033852,35
35-RETUR,45.474456,28.033856,36
35-RETUR,45.474405,28.033858,37
35-RETUR,45.474359,28.033860,38
35-RETUR,45.474112,28.033873,39
35-RETUR,45.473646,28.033887,40
35-RETUR,45.473354,28.033897,41
35-RETUR,45.473310,28.033900,42
35-RETUR,45.472972,28.033919,43
35-RETUR,45.472756,28.033932,44
35-RETUR,45.472698,28.033934,45
35-RETUR,45.472374,28.033951,46
35-RETUR,45.472243,28.033958,47
35-RETUR,45.471841,28.033977,48
35-RETUR,45.471645,28.033985,49
35-RETUR,45.471456,28.033989,50
35-RETUR,45.471087,28.034016,51
35-RETUR,45.470651,28.034048,52
35-RETUR,45.470233,28.034071,53
35-RETUR,45.469952,28.034086,54
35-RETUR,45.469656,28.034101,55
35-RETUR,45.469583,28.034105,56
35-RETUR,45.469527,28.034109,57
35-RETUR,45.469346,28.034118,58
35-RETUR,45.469296,28.034121,59
35-RETUR,45.469028,28.034131,60
35-RETUR,45.468813,28.034156,61
35-RETUR,45.468515,28.034199,62
35-RETUR,45.468269,28.034264,63
35-RETUR,45.468092,28.034322,64
35-RETUR,45.467961,28.034375,65
35-RETUR,45.467855,28.034428,66
35-RETUR,45.467359,28.034673,67
35-RETUR,45.467221,28.034742,68
35-RETUR,45.466333,28.035198,69
35-RETUR,45.466139,28.035303,70
35-RETUR,45.465923,28.035425,71
35-RETUR,45.465762,28.035490,72
35-RETUR,45.465646,28.035507,73
35-RETUR,45.465491,28.035549,74
35-RETUR,45.465390,28.035541,75
35-RETUR,45.465363,28.035507,76
35-RETUR,45.465331,28.035485,77
35-RETUR,45.465296,28.035475,78
35-RETUR,45.465260,28.035478,79
35-RETUR,45.465226,28.035495,80
35-RETUR,45.465196,28.035524,81
35-RETUR,45.465172,28.035563,82
35-RETUR,45.465154,28.035620,83
35-RETUR,45.465149,28.035682,84
35-RETUR,45.465059,28.035761,85
35-RETUR,45.464882,28.035889,86
35-RETUR,45.464736,28.036000,87
35-RETUR,45.464701,28.036019,88
35-RETUR,45.464665,28.036039,89
35-RETUR,45.464539,28.036105,90
35-RETUR,45.463036,28.036892,91
35-RETUR,45.463020,28.036900,92
35-RETUR,45.462688,28.037085,93
35-RETUR,45.462512,28.037182,94
35-RETUR,45.462438,28.037223,95
35-RETUR,45.462361,28.037262,96
35-RETUR,45.460709,28.038095,97
35-RETUR,45.459592,28.038648,98
35-RETUR,45.459460,28.038716,99
35-RETUR,45.459339,28.038779,100
35-RETUR,45.459277,28.038811,101
35-RETUR,45.459188,28.038856,102
35-RETUR,45.458448,28.039223,103
35-RETUR,45.457976,28.039485,104
35-RETUR,45.456892,28.040037,105
35-RETUR,45.456770,28.040100,106
35-RETUR,45.456711,28.040134,107
35-RETUR,45.456429,28.040280,108
35-RETUR,45.455712,28.040653,109
35-RETUR,45.454987,28.041017,110
35-RETUR,45.453858,28.041597,111
35-RETUR,45.453711,28.041673,112
35-RETUR,45.453061,28.042003,113
35-RETUR,45.453001,28.042036,114
35-RETUR,45.452799,28.042146,115
35-RETUR,45.452633,28.042230,116
35-RETUR,45.452518,28.042292,117
35-RETUR,45.451090,28.043004,118
35-RETUR,45.450076,28.043523,119
35-RETUR,45.449500,28.043812,120
35-RETUR,45.448884,28.044125,121
35-RETUR,45.448294,28.044430,122
35-RETUR,45.448187,28.044484,123
35-RETUR,45.446939,28.045176,124
35-RETUR,45.446517,28.045382,125
35-RETUR,45.446432,28.045423,126
35-RETUR,45.446198,28.045537,127
35-RETUR,45.446101,28.045585,128
35-RETUR,45.446080,28.045593,129
35-RETUR,45.445175,28.046058,130
35-RETUR,45.444930,28.046184,131
35-RETUR,45.444826,28.046238,132
35-RETUR,45.444659,28.046324,133
35-RETUR,45.444127,28.046588,134
35-RETUR,45.444059,28.046623,135
35-RETUR,45.443944,28.046684,136
35-RETUR,45.443935,28.046688,137
35-RETUR,45.443926,28.046693,138
35-RETUR,45.443645,28.046849,139
35-RETUR,45.443590,28.046878,140
35-RETUR,45.443541,28.046912,141
35-RETUR,45.443356,28.047005,142
35-RETUR,45.443251,28.047057,143
35-RETUR,45.443049,28.047162,144
35-RETUR,45.442942,28.047219,145
35-RETUR,45.442798,28.047290,146
35-RETUR,45.442596,28.047391,147
35-RETUR,45.442267,28.047546,148
35-RETUR,45.441699,28.047837,149
35-RETUR,45.441582,28.047897,150
35-RETUR,45.441479,28.047950,151
35-RETUR,45.440954,28.048218,152
35-RETUR,45.440829,28.048282,153
35-RETUR,45.440424,28.048489,154
35-RETUR,45.440307,28.048547,155
35-RETUR,45.439874,28.048763,156
35-RETUR,45.439598,28.048913,157
35-RETUR,45.439552,28.048937,158
35-RETUR,45.439474,28.048981,159
35-RETUR,45.439408,28.049016,160
35-RETUR,45.439349,28.049047,161
35-RETUR,45.439098,28.049180,162
35-RETUR,45.439012,28.049225,163
35-RETUR,45.438289,28.049589,164
35-RETUR,45.438260,28.049541,165
35-RETUR,45.438231,28.049504,166
35-RETUR,45.438209,28.049464,167
35-RETUR,45.438191,28.049402,168
35-RETUR,45.438176,28.049285,169
35-RETUR,45.438163,28.049195,170
35-RETUR,45.438069,28.049126,171
35-RETUR,45.437999,28.049119,172
35-RETUR,45.437935,28.049170,173
26-TUR,45.450539,28.019590,1
26-TUR,45.450560,28.019391,2
26-TUR,45.450734,28.019357,3
26-TUR,45.450822,28.019328,4
26-TUR,45.450976,28.019285,5
26-TUR,45.451112,28.019262,6
26-TUR,45.451372,28.019260,7
26-TUR,45.451931,28.019242,8
26-TUR,45.452055,28.019238,9
26-TUR,45.452138,28.019221,10
26-TUR,45.452248,28.019141,11
26-TUR,45.452491,28.018927,12
26-TUR,45.452626,28.018808,13
26-TUR,45.452751,28.018717,14
26-TUR,45.452870,28.018657,15
26-TUR,45.453134,28.018623,16
26-TUR,45.453405,28.018596,17
26-TUR,45.453486,28.018591,18
26-TUR,45.454035,28.018536,19
26-TUR,45.454296,28.018504,20
26-TUR,45.454463,28.018490,21
26-TUR,45.454589,28.018479,22
26-TUR,45.454710,28.018482,23
26-TUR,45.454763,28.018496,24
26-TUR,45.454869,28.018572,25
26-TUR,45.454922,28.018619,26
26-TUR,45.455014,28.018700,27
26-TUR,45.455210,28.018828,28
26-TUR,45.455311,28.018872,29
26-TUR,45.455550,28.018870,30
26-TUR,45.455924,28.018828,31
26-TUR,45.456031,28.018814,32
26-TUR,45.456598,28.018759,33
26-TUR,45.456654,28.018752,34
26-TUR,45.456763,28.018744,35
26-TUR,45.457193,28.018703,36
26-TUR,45.457366,28.018718,37
26-TUR,45.457609,28.018717,38
26-TUR,45.457960,28.020021,39
26-TUR,45.458125,28.020598,40
26-TUR,45.458261,28.021120,41
26-TUR,45.458325,28.021428,42
26-TUR,45.458353,28.021683,43
26-TUR,45.458355,28.021808,44
26-TUR,45.458355,28.021915,45
26-TUR,45.458334,28.022004,46
26-TUR,45.458302,28.022071,47
26-TUR,45.458247,28.022148,48
26-TUR,45.458171,28.022225,49
26-TUR,45.458082,28.022295,50
26-TUR,45.457985,28.022347,51
26-TUR,45.457393,28.022695,52
26-TUR,45.457279,28.022759,53
26-TUR,45.457054,28.022888,54
26-TUR,45.456669,28.023113,55
26-TUR,45.456375,28.023281,56
26-TUR,45.455949,28.023503,57
26-TUR,45.455084,28.023975,58
26-TUR,45.454939,28.024073,59
26-TUR,45.454894,28.024056,60
26-TUR,45.454848,28.024060,61
26-TUR,45.454805,28.024085,62
26-TUR,45.454780,28.024113,63
26-TUR,45.454759,28.024147,64
26-TUR,45.454740,28.024207,65
26-TUR,45.454735,28.024266,66
26-TUR,45.454742,28.024324,67
26-TUR,45.454763,28.024385,68
26-TUR,45.454787,28.024421,69
26-TUR,45.454816,28.024447,70
26-TUR,45.454848,28.024464,71
26-TUR,45.454856,28.024506,72
26-TUR,45.454866,28.024589,73
26-TUR,45.454882,28.024753,74
26-TUR,45.454926,28.025373,75
26-TUR,45.454959,28.025886,76
26-TUR,45.455004,28.026578,77
26-TUR,45.455021,28.026840,78
26-TUR,45.455043,28.027192,79
26-TUR,45.455082,28.027795,80
26-TUR,45.455106,28.028163,81
26-TUR,45.455138,28.028612,82
26-TUR,45.455146,28.028739,83
26-TUR,45.455160,28.028984,84
26-TUR,45.455216,28.029742,85
26-TUR,45.455227,28.029862,86
26-TUR,45.455247,28.030114,87
26-TUR,45.455347,28.031483,88
26-TUR,45.455380,28.031988,89
26-TUR,45.455423,28.032692,90
26-TUR,45.455461,28.033378,91
26-TUR,45.455488,28.034020,92
26-TUR,45.455489,28.034215,93
26-TUR,45.455489,28.034316,94
26-TUR,45.455473,28.034369,95
26-TUR,45.455470,28.034427,96
26-TUR,45.455483,28.034483,97
26-TUR,45.455508,28.034529,98
26-TUR,45.455543,28.034559,99
26-TUR,45.455583,28.034569,100
26-TUR,45.455623,28.034558,101
26-TUR,45.455658,28.034528,102
26-TUR,45.455677,28.034502,103
26-TUR,45.455686,28.034481,104
26-TUR,45.455692,28.034455,105
26-TUR,45.455724,28.034474,106
26-TUR,45.455751,28.034479,107
26-TUR,45.455806,28.034477,108
26-TUR,45.456085,28.034455,109
26-TUR,45.456466,28.034421,110
26-TUR,45.456581,28.034409,111
26-TUR,45.456781,28.034384,112
26-TUR,45.456798,28.034382,113
26-TUR,45.457371,28.034329,114
26-TUR,45.457750,28.034296,115
26-TUR,45.458241,28.034248,116
26-TUR,45.458380,28.034236,117
26-TUR,45.459195,28.034162,118
26-TUR,45.459826,28.034104,119
26-TUR,45.460162,28.034068,120
26-TUR,45.460213,28.034063,121
26-TUR,45.460418,28.034045,122
26-TUR,45.460866,28.034007,123
26-TUR,45.461018,28.033995,124
26-TUR,45.461115,28.033987,125
26-TUR,45.461430,28.033961,126
26-TUR,45.461598,28.033940,127
26-TUR,45.461853,28.033917,128
26-TUR,45.461928,28.033905,129
26-TUR,45.463485,28.033654,130
26-TUR,45.464480,28.033456,131
26-TUR,45.464705,28.033411,132
26-TUR,45.464709,28.033438,133
26-TUR,45.464738,28.033546,134
26-TUR,45.464805,28.033807,135
26-TUR,45.464896,28.034209,136
26-TUR,45.464957,28.034618,137
26-TUR,45.465066,28.035147,138
26-TUR,45.465104,28.035292,139
26-TUR,45.465137,28.035418,140
26-TUR,45.465172,28.035563,141
26-TUR,45.465154,28.035620,142
26-TUR,45.465149,28.035682,143
26-TUR,45.465059,28.035761,144
26-TUR,45.464882,28.035889,145
26-TUR,45.464736,28.036000,146
26-TUR,45.464701,28.036019,147
26-TUR,45.464665,28.036039,148
26-TUR,45.464539,28.036105,149
26-TUR,45.463036,28.036892,150
26-TUR,45.463020,28.036900,151
26-TUR,45.462688,28.037085,152
26-TUR,45.462512,28.037182,153
26-TUR,45.462548,28.037307,154
26-TUR,45.462583,28.037426,155
26-TUR,45.463045,28.039007,156
26-TUR,45.463575,28.040790,157
26-TUR,45.463881,28.041787,158
26-TUR,45.463915,28.041906,159
26-TUR,45.463935,28.042050,160
26-TUR,45.463937,28.042155,161
26-TUR,45.463921,28.042283,162
26-TUR,45.463885,28.042413,163
26-TUR,45.463354,28.043574,164
26-TUR,45.463279,28.043735,165
26-TUR,45.463150,28.044015,166
26-TUR,45.463090,28.044139,167
26-TUR,45.463040,28.044243,168
26-TUR,45.462985,28.044343,169
26-TUR,45.462931,28.044425,170
26-TUR,45.462848,28.044514,171
26-TUR,45.462768,28.044587,172
26-TUR,45.462634,28.044674,173
26-TUR,45.462392,28.044796,174
26-TUR,45.462036,28.044979,175
26-TUR,45.461678,28.045168,176
26-TUR,45.461583,28.045217,177
26-TUR,45.461288,28.045372,178
26-TUR,45.460876,28.045593,179
26-TUR,45.460393,28.045847,180
26-TUR,45.459907,28.046112,181
26-TUR,45.459258,28.046480,182
26-TUR,45.458947,28.046660,183
26-TUR,45.458796,28.046751,184
26-TUR,45.458567,28.046888,185
26-TUR,45.458112,28.047161,186
26-TUR,45.458031,28.047210,187
26-TUR,45.457621,28.047449,188
26-TUR,45.457266,28.047655,189
26-TUR,45.456997,28.047818,190
26-TUR,45.456939,28.047856,191
26-TUR,45.456777,28.047950,192
26-TUR,45.456648,28.048029,193
26-TUR,45.456032,28.048419,194
26-TUR,45.454917,28.049114,195
26-TUR,45.454420,28.049433,196
26-TUR,45.454353,28.049475,197
26-TUR,45.454240,28.049545,198
26-TUR,45.454005,28.049691,199
26-TUR,45.453817,28.049808,200
26-TUR,45.453708,28.049874,201
26-TUR,45.453477,28.050016,202
26-TUR,45.453216,28.050168,203
26-TUR,45.452938,28.050336,204
26-TUR,45.452683,28.050494,205
26-TUR,45.452238,28.050764,206
26-TUR,45.451800,28.051034,207
26-TUR,45.451705,28.051037,208
26-TUR,45.451625,28.051045,209
26-TUR,45.451567,28.051057,210
26-TUR,45.451503,28.051088,211
26-TUR,45.451430,28.051154,212
26-TUR,45.451292,28.051301,213
26-TUR,45.451218,28.051370,214
26-TUR,45.450743,28.051645,215
26-TUR,45.450353,28.051881,216
26-TUR,45.450039,28.052082,217
26-TUR,45.449977,28.052119,218
26-TUR,45.449874,28.052179,219
26-TUR,45.449553,28.052369,220
26-TUR,45.449009,28.052696,221
26-TUR,45.448787,28.052833,222
26-TUR,45.448528,28.052987,223
26-TUR,45.448396,28.053066,224
26-TUR,45.448186,28.053194,225
26-TUR,45.448096,28.053249,226
26-TUR,45.447630,28.053530,227
26-TUR,45.446733,28.054079,228
26-TUR,45.445928,28.054555,229
26-TUR,45.445914,28.054563,230
26-TUR,45.445904,28.054568,231
26-TUR,45.445394,28.054794,232
26-TUR,45.445264,28.054846,233
26-TUR,45.445123,28.054897,234
26-TUR,45.444776,28.055042,235
26-TUR,45.444702,28.055073,236
26-TUR,45.444146,28.055329,237
26-TUR,45.443922,28.055430,238
26-TUR,45.443940,28.055572,239
26-TUR,45.443962,28.055776,240
26-TUR,45.443995,28.056271,241
26-TUR,45.444008,28.056431,242
26-TUR,45.444016,28.056563,243
26-TUR,45.444017,28.056574,244
26-TUR,45.443937,28.056605,245
26-TUR,45.443864,28.056646,246
26-TUR,45.443486,28.056862,247
26-TUR,45.443345,28.056954,248
26-TUR,45.443319,28.056971,249
26-TUR,45.443310,28.057048,250
26-TUR,45.443303,28.057106,251
26-TUR,45.443297,28.057236,252
26-TUR,45.443281,28.057675,253
26-TUR,45.443279,28.058034,254
26-TUR,45.443274,28.058600,255
26-TUR,45.443275,28.058675,256
26-TUR,45.443275,28.058803,257
26-TUR,45.443278,28.058945,258
26-TUR,45.443282,28.058976,259
26-TUR,45.443283,28.059014,260
26-TUR,45.443292,28.059105,261
26-TUR,45.443320,28.059206,262
26-TUR,45.443399,28.059401,263
26-TUR,45.443439,28.059479,264
26-TUR,45.443489,28.059576,265
26-TUR,45.443723,28.060042,266
26-TUR,45.443791,28.060144,267
26-TUR,45.443897,28.060199,268
26-TUR,45.444123,28.060070,269
26-TUR,45.444496,28.059945,270
26-TUR,45.444774,28.059852,271
26-TUR,45.444911,28.059805,272
26-TUR,45.444864,28.059428,273
26-RETUR,45.444496,28.059945,1
26-RETUR,45.444774,28.059852,2
26-RETUR,45.444911,28.059805,3
26-RETUR,45.444864,28.059428,4
26-RETUR,45.444767,28.059427,5
26-RETUR,45.444595,28.059385,6
26-RETUR,45.444054,28.059189,7
26-RETUR,45.443756,28.059109,8
26-RETUR,45.443630,28.059096,9
26-RETUR,45.443545,28.059040,10
26-RETUR,45.443410,28.059009,11
26-RETUR,45.443354,28.058991,12
26-RETUR,45.443333,28.058983,13
26-RETUR,45.443311,28.058968,14
26-RETUR,45.443278,28.058945,15
26-RETUR,45.443275,28.058803,16
26-RETUR,45.443275,28.058675,17
26-RETUR,45.443274,28.058600,18
26-RETUR,45.443279,28.058034,19
26-RETUR,45.443281,28.057675,20
26-RETUR,45.443297,28.057236,21
26-RETUR,45.443303,28.057106,22
26-RETUR,45.443310,28.057048,23
26-RETUR,45.443319,28.056971,24
26-RETUR,45.443345,28.056954,25
26-RETUR,45.443486,28.056862,26
26-RETUR,45.443864,28.056646,27
26-RETUR,45.443937,28.056605,28
26-RETUR,45.444017,28.056574,29
26-RETUR,45.444016,28.056563,30
26-RETUR,45.444008,28.056431,31
26-RETUR,45.443995,28.056271,32
26-RETUR,45.443962,28.055776,33
26-RETUR,45.443999,28.055630,34
26-RETUR,45.444051,28.055494,35
26-RETUR,45.444094,28.055416,36
26-RETUR,45.444146,28.055329,37
26-RETUR,45.444702,28.055073,38
26-RETUR,45.444776,28.055042,39
26-RETUR,45.445123,28.054897,40
26-RETUR,45.445264,28.054846,41
26-RETUR,45.445394,28.054794,42
26-RETUR,45.445904,28.054568,43
26-RETUR,45.445914,28.054563,44
26-RETUR,45.445928,28.054555,45
26-RETUR,45.446733,28.054079,46
26-RETUR,45.447630,28.053530,47
26-RETUR,45.448096,28.053249,48
26-RETUR,45.448186,28.053194,49
26-RETUR,45.448396,28.053066,50
26-RETUR,45.448528,28.052987,51
26-RETUR,45.448787,28.052833,52
26-RETUR,45.449009,28.052696,53
26-RETUR,45.449553,28.052369,54
26-RETUR,45.449874,28.052179,55
26-RETUR,45.449977,28.052119,56
26-RETUR,45.450039,28.052082,57
26-RETUR,45.450353,28.051881,58
26-RETUR,45.450743,28.051645,59
26-RETUR,45.451218,28.051370,60
26-RETUR,45.451301,28.051344,61
26-RETUR,45.451478,28.051294,62
26-RETUR,45.451535,28.051277,63
26-RETUR,45.451575,28.051254,64
26-RETUR,45.451614,28.051224,65
26-RETUR,45.451665,28.051181,66
26-RETUR,45.451744,28.051102,67
26-RETUR,45.451800,28.051034,68
26-RETUR,45.452238,28.050764,69
26-RETUR,45.452683,28.050494,70
26-RETUR,45.452938,28.050336,71
26-RETUR,45.453216,28.050168,72
26-RETUR,45.453477,28.050016,73
26-RETUR,45.453708,28.049874,74
26-RETUR,45.453817,28.049808,75
26-RETUR,45.454005,28.049691,76
26-RETUR,45.454240,28.049545,77
26-RETUR,45.454353,28.049475,78
26-RETUR,45.454420,28.049433,79
26-RETUR,45.454917,28.049114,80
26-RETUR,45.456032,28.048419,81
26-RETUR,45.456648,28.048029,82
26-RETUR,45.456777,28.047950,83
26-RETUR,45.456939,28.047856,84
26-RETUR,45.456997,28.047818,85
26-RETUR,45.457266,28.047655,86
26-RETUR,45.457621,28.047449,87
26-RETUR,45.458031,28.047210,88
26-RETUR,45.458112,28.047161,89
26-RETUR,45.458567,28.046888,90
26-RETUR,45.458796,28.046751,91
26-RETUR,45.458947,28.046660,92
26-RETUR,45.459258,28.046480,93
26-RETUR,45.459907,28.046112,94
26-RETUR,45.460393,28.045847,95
26-RETUR,45.460876,28.045593,96
26-RETUR,45.461288,28.045372,97
26-RETUR,45.461583,28.045217,98
26-RETUR,45.461678,28.045168,99
26-RETUR,45.462036,28.044979,100
26-RETUR,45.462392,28.044796,101
26-RETUR,45.462634,28.044674,102
26-RETUR,45.462768,28.044587,103
26-RETUR,45.462848,28.044514,104
26-RETUR,45.462931,28.044425,105
26-RETUR,45.462985,28.044343,106
26-RETUR,45.463040,28.044243,107
26-RETUR,45.463090,28.044139,108
26-RETUR,45.463150,28.044015,109
26-RETUR,45.463279,28.043735,110
26-RETUR,45.463354,28.043574,111
26-RETUR,45.463885,28.042413,112
26-RETUR,45.463921,28.042283,113
26-RETUR,45.463937,28.042155,114
26-RETUR,45.463935,28.042050,115
26-RETUR,45.463915,28.041906,116
26-RETUR,45.463881,28.041787,117
26-RETUR,45.463575,28.040790,118
26-RETUR,45.463045,28.039007,119
26-RETUR,45.462583,28.037426,120
26-RETUR,45.462548,28.037307,121
26-RETUR,45.462512,28.037182,122
26-RETUR,45.462688,28.037085,123
26-RETUR,45.463020,28.036900,124
26-RETUR,45.463036,28.036892,125
26-RETUR,45.464539,28.036105,126
26-RETUR,45.464665,28.036039,127
26-RETUR,45.464727,28.036207,128
26-RETUR,45.464791,28.036302,129
26-RETUR,45.464849,28.036355,130
26-RETUR,45.464906,28.036383,131
26-RETUR,45.464969,28.036395,132
26-RETUR,45.465026,28.036394,133
26-RETUR,45.465092,28.036376,134
26-RETUR,45.465155,28.036330,135
26-RETUR,45.465201,28.036259,136
26-RETUR,45.465238,28.036181,137
26-RETUR,45.465260,28.036093,138
26-RETUR,45.465265,28.036031,139
26-RETUR,45.465263,28.035929,140
26-RETUR,45.465261,28.035865,141
26-RETUR,45.465292,28.035866,142
26-RETUR,45.465324,28.035861,143
26-RETUR,45.465350,28.035843,144
26-RETUR,45.465373,28.035825,145
26-RETUR,45.465394,28.035794,146
26-RETUR,45.465408,28.035765,147
26-RETUR,45.465419,28.035730,148
26-RETUR,45.465425,28.035663,149
26-RETUR,45.465415,28.035598,150
26-RETUR,45.465390,28.035541,151
26-RETUR,45.465363,28.035507,152
26-RETUR,45.465331,28.035485,153
26-RETUR,45.465296,28.035475,154
26-RETUR,45.465260,28.035478,155
26-RETUR,45.465194,28.035326,156
26-RETUR,45.465174,28.035260,157
26-RETUR,45.465088,28.034911,158
26-RETUR,45.465000,28.034533,159
26-RETUR,45.464896,28.034209,160
26-RETUR,45.464805,28.033807,161
26-RETUR,45.464738,28.033546,162
26-RETUR,45.464709,28.033438,163
26-RETUR,45.464705,28.033411,164
26-RETUR,45.464480,28.033456,165
26-RETUR,45.463485,28.033654,166
26-RETUR,45.461928,28.033905,167
26-RETUR,45.461853,28.033917,168
26-RETUR,45.461598,28.033940,169
26-RETUR,45.461430,28.033961,170
26-RETUR,45.461115,28.033987,171
26-RETUR,45.461018,28.033995,172
26-RETUR,45.460866,28.034007,173
26-RETUR,45.460418,28.034045,174
26-RETUR,45.460213,28.034063,175
26-RETUR,45.460162,28.034068,176
26-RETUR,45.459826,28.034104,177
26-RETUR,45.459195,28.034162,178
26-RETUR,45.458380,28.034236,179
26-RETUR,45.458241,28.034248,180
26-RETUR,45.457750,28.034296,181
26-RETUR,45.457371,28.034329,182
26-RETUR,45.456798,28.034382,183
26-RETUR,45.456781,28.034384,184
26-RETUR,45.456581,28.034409,185
26-RETUR,45.456466,28.034421,186
26-RETUR,45.456085,28.034455,187
26-RETUR,45.455806,28.034477,188
26-RETUR,45.455751,28.034479,189
26-RETUR,45.455724,28.034474,190
26-RETUR,45.455692,28.034455,191
26-RETUR,45.455697,28.034414,192
26-RETUR,45.455693,28.034366,193
26-RETUR,45.455680,28.034322,194
26-RETUR,45.455658,28.034285,195
26-RETUR,45.455645,28.034274,196
26-RETUR,45.455618,28.034148,197
26-RETUR,45.455602,28.034000,198
26-RETUR,45.455589,28.033685,199
26-RETUR,45.455570,28.033358,200
26-RETUR,45.455531,28.032683,201
26-RETUR,45.455503,28.032175,202
26-RETUR,45.455462,28.031469,203
26-RETUR,45.455354,28.029888,204
26-RETUR,45.455343,28.029718,205
26-RETUR,45.455328,28.029514,206
26-RETUR,45.455320,28.029311,207
26-RETUR,45.455314,28.029202,208
26-RETUR,45.455299,28.028965,209
26-RETUR,45.455280,28.028711,210
26-RETUR,45.455238,28.028146,211
26-RETUR,45.455225,28.027951,212
26-RETUR,45.455215,28.027799,213
26-RETUR,45.455200,28.027599,214
26-RETUR,45.455166,28.027118,215
26-RETUR,45.455155,28.026934,216
26-RETUR,45.455146,28.026763,217
26-RETUR,45.455118,28.026265,218
26-RETUR,45.455098,28.025927,219
26-RETUR,45.455075,28.025469,220
26-RETUR,45.455060,28.025196,221
26-RETUR,45.455045,28.024919,222
26-RETUR,45.455031,28.024574,223
26-RETUR,45.455016,28.024447,224
26-RETUR,45.455002,28.024375,225
26-RETUR,45.455018,28.024330,226
26-RETUR,45.455025,28.024280,227
26-RETUR,45.455022,28.024216,228
26-RETUR,45.455006,28.024157,229
26-RETUR,45.454977,28.024107,230
26-RETUR,45.454939,28.024073,231
26-RETUR,45.454894,28.024056,232
26-RETUR,45.454848,28.024060,233
26-RETUR,45.454805,28.024085,234
26-RETUR,45.454712,28.024069,235
26-RETUR,45.454618,28.024061,236
26-RETUR,45.454341,28.024014,237
26-RETUR,45.454036,28.023961,238
26-RETUR,45.453636,28.023902,239
26-RETUR,45.453151,28.023838,240
26-RETUR,45.452612,28.023759,241
26-RETUR,45.451633,28.023614,242
26-RETUR,45.451254,28.023562,243
26-RETUR,45.450931,28.023507,244
26-RETUR,45.450798,28.023487,245
26-RETUR,45.450531,28.023451,246
26-RETUR,45.450351,28.023404,247
26-RETUR,45.450325,28.023357,248
26-RETUR,45.450270,28.023296,249
26-RETUR,45.450200,28.023108,250
26-RETUR,45.450169,28.022966,251
26-RETUR,45.450158,28.022869,252
26-RETUR,45.450155,28.022762,253
26-RETUR,45.450166,28.022628,254
26-RETUR,45.450231,28.022020,255
26-RETUR,45.450285,28.021584,256
26-RETUR,45.450359,28.021034,257
26-RETUR,45.450370,28.020966,258
26-RETUR,45.450390,28.020815,259
26-RETUR,45.450443,28.020457,260
26-RETUR,45.450530,28.019689,261
26-RETUR,45.450539,28.019590,262
28-TUR,45.413284,28.012454,1
28-TUR,45.413199,28.012731,2
28-TUR,45.413284,28.012454,3
28-TUR,45.413356,28.012207,4
28-TUR,45.413340,28.012178,5
28-TUR,45.413164,28.011852,6
28-TUR,45.413287,28.011721,7
28-TUR,45.413696,28.011287,8
28-TUR,45.414078,28.010910,9
28-TUR,45.414657,28.010328,10
28-TUR,45.415222,28.009758,11
28-TUR,45.415329,28.009651,12
28-TUR,45.415261,28.009517,13
28-TUR,45.414998,28.008979,14
28-TUR,45.414897,28.008775,15
28-TUR,45.414426,28.007828,16
28-TUR,45.414336,28.007647,17
28-TUR,45.414175,28.007315,18
28-TUR,45.414162,28.007285,19
28-TUR,45.413996,28.006963,20
28-TUR,45.413897,28.006763,21
28-TUR,45.413699,28.006362,22
28-TUR,45.413637,28.006156,23
28-TUR,45.413614,28.006082,24
28-TUR,45.413629,28.006002,25
28-TUR,45.413801,28.005622,26
28-TUR,45.413896,28.005462,27
28-TUR,45.414032,28.005281,28
28-TUR,45.414082,28.005206,29
28-TUR,45.414136,28.005129,30
28-TUR,45.414239,28.005052,31
28-TUR,45.414335,28.005013,32
28-TUR,45.414456,28.004987,33
28-TUR,45.415730,28.004954,34
28-TUR,45.415891,28.005131,35
28-TUR,45.415901,28.005158,36
28-TUR,45.415915,28.005181,37
28-TUR,45.415931,28.005200,38
28-TUR,45.415951,28.005214,39
28-TUR,45.416061,28.005573,40
28-TUR,45.416071,28.005786,41
28-TUR,45.416112,28.006250,42
28-TUR,45.416190,28.007127,43
28-TUR,45.416198,28.007228,44
28-TUR,45.416219,28.007467,45
28-TUR,45.416226,28.007528,46
28-TUR,45.416230,28.007584,47
28-TUR,45.416239,28.007680,48
28-TUR,45.416253,28.007766,49
28-TUR,45.416271,28.007852,50
28-TUR,45.416305,28.007932,51
28-TUR,45.416362,28.008045,52
28-TUR,45.416812,28.008944,53
28-TUR,45.416993,28.009302,54
28-TUR,45.417024,28.009363,55
28-TUR,45.417378,28.010076,56
28-TUR,45.417598,28.010523,57
28-TUR,45.417712,28.010753,58
28-TUR,45.418228,28.011781,59
28-TUR,45.418632,28.012527,60
28-TUR,45.418959,28.013169,61
28-TUR,45.419144,28.013526,62
28-TUR,45.419329,28.013895,63
28-TUR,45.419380,28.013999,64
28-TUR,45.419424,28.014079,65
28-TUR,45.419625,28.014472,66
28-TUR,45.420130,28.015450,67
28-TUR,45.420318,28.015810,68
28-TUR,45.420518,28.016180,69
28-TUR,45.420710,28.016571,70
28-TUR,45.420924,28.016950,71
28-TUR,45.421149,28.017343,72
28-TUR,45.421185,28.017391,73
28-TUR,45.421216,28.017426,74
28-TUR,45.421267,28.017468,75
28-TUR,45.421351,28.017507,76
28-TUR,45.421438,28.017532,77
28-TUR,45.421541,28.017533,78
28-TUR,45.421965,28.017506,79
28-TUR,45.422296,28.017491,80
28-TUR,45.422405,28.017486,81
28-TUR,45.422982,28.017457,82
28-TUR,45.423658,28.017420,83
28-TUR,45.423731,28.017416,84
28-TUR,45.424828,28.017351,85
28-TUR,45.424955,28.017345,86
28-TUR,45.425423,28.017324,87
28-TUR,45.425783,28.017312,88
28-TUR,45.425918,28.017307,89
28-TUR,45.425994,28.017306,90
28-TUR,45.426413,28.017300,91
28-TUR,45.426911,28.017291,92
28-TUR,45.427004,28.018320,93
28-TUR,45.427023,28.018531,94
28-TUR,45.427054,28.018876,95
28-TUR,45.427059,28.018928,96
28-TUR,45.427132,28.018884,97
28-TUR,45.427197,28.018839,98
28-TUR,45.427220,28.018825,99
28-TUR,45.427261,28.018801,100
28-TUR,45.427338,28.018764,101
28-TUR,45.427412,28.018742,102
28-TUR,45.427496,28.018728,103
28-TUR,45.427529,28.018726,104
28-TUR,45.427794,28.018714,105
28-TUR,45.427967,28.018713,106
28-TUR,45.428554,28.018769,107
28-TUR,45.428907,28.018842,108
28-TUR,45.429051,28.018888,109
28-TUR,45.429168,28.018928,110
28-TUR,45.429293,28.018971,111
28-TUR,45.429423,28.019017,112
28-TUR,45.429575,28.019071,113
28-TUR,45.429762,28.019150,114
28-TUR,45.430039,28.019314,115
28-TUR,45.430215,28.019445,116
28-TUR,45.430334,28.019545,117
28-TUR,45.430458,28.019676,118
28-TUR,45.430563,28.019803,119
28-TUR,45.430661,28.019945,120
28-TUR,45.430738,28.020077,121
28-TUR,45.430798,28.020180,122
28-TUR,45.430872,28.020372,123
28-TUR,45.430943,28.020567,124
28-TUR,45.431010,28.020781,125
28-TUR,45.431080,28.021038,126
28-TUR,45.431107,28.021050,127
28-TUR,45.431257,28.021116,128
28-TUR,45.431532,28.021237,129
28-TUR,45.431716,28.021338,130
28-TUR,45.432059,28.021513,131
28-TUR,45.432094,28.021531,132
28-TUR,45.432474,28.021724,133
28-TUR,45.432668,28.021816,134
28-TUR,45.433068,28.022013,135
28-TUR,45.433437,28.022192,136
28-TUR,45.433559,28.022253,137
28-TUR,45.433788,28.022361,138
28-TUR,45.434042,28.022481,139
28-TUR,45.434103,28.022509,140
28-TUR,45.434094,28.022572,141
28-TUR,45.434100,28.022635,142
28-TUR,45.434121,28.022691,143
28-TUR,45.434145,28.022727,144
28-TUR,45.434176,28.022751,145
28-TUR,45.434209,28.022765,146
28-TUR,45.434184,28.022887,147
28-TUR,45.434166,28.023004,148
28-TUR,45.434143,28.023201,149
28-TUR,45.434136,28.023256,150
28-TUR,45.434077,28.023926,151
28-TUR,45.434058,28.024099,152
28-TUR,45.434002,28.024724,153
28-TUR,45.433988,28.024887,154
28-TUR,45.433973,28.025201,155
28-TUR,45.433968,28.025304,156
28-TUR,45.433963,28.025397,157
28-TUR,45.433960,28.025459,158
28-TUR,45.433956,28.025543,159
28-TUR,45.434067,28.025515,160
28-TUR,45.434156,28.025492,161
28-TUR,45.434291,28.025448,162
28-TUR,45.434422,28.025403,163
28-TUR,45.434658,28.025305,164
28-TUR,45.434890,28.025183,165
28-TUR,45.434996,28.025119,166
28-TUR,45.435143,28.025022,167
28-TUR,45.435416,28.024818,168
28-TUR,45.435720,28.024573,169
28-TUR,45.435936,28.024405,170
28-TUR,45.436180,28.024241,171
28-TUR,45.436468,28.024002,172
28-TUR,45.436734,28.023780,173
28-TUR,45.436928,28.023621,174
28-TUR,45.437079,28.023498,175
28-TUR,45.437185,28.023411,176
28-TUR,45.437816,28.022917,177
28-TUR,45.437911,28.022834,178
28-TUR,45.438817,28.022122,179
28-TUR,45.439266,28.021771,180
28-TUR,45.439343,28.021711,181
28-TUR,45.439535,28.021571,182
28-TUR,45.439721,28.021433,183
28-TUR,45.439833,28.021352,184
28-TUR,45.439900,28.021319,185
28-TUR,45.439947,28.021307,186
28-TUR,45.439991,28.021307,187
28-TUR,45.440102,28.021341,188
28-TUR,45.440182,28.021388,189
28-TUR,45.440260,28.021408,190
28-TUR,45.440349,28.021403,191
28-TUR,45.440422,28.021376,192
28-TUR,45.440493,28.021327,193
28-TUR,45.440555,28.021259,194
28-TUR,45.440606,28.021174,195
28-TUR,45.440644,28.021076,196
28-TUR,45.440667,28.020969,197
28-TUR,45.440765,28.020896,198
28-TUR,45.440812,28.020879,199
28-TUR,45.440855,28.020880,200
28-TUR,45.440896,28.020893,201
28-TUR,45.440937,28.020912,202
28-TUR,45.441334,28.021144,203
28-TUR,45.441925,28.021474,204
28-TUR,45.441953,28.021493,205
28-TUR,45.442391,28.021756,206
28-TUR,45.444216,28.022815,207
28-TUR,45.444642,28.023056,208
28-TUR,45.444753,28.023117,209
28-TUR,45.444827,28.023160,210
28-TUR,45.444995,28.023264,211
28-TUR,45.445127,28.023338,212
28-TUR,45.445394,28.023493,213
28-TUR,45.445544,28.023579,214
28-TUR,45.445736,28.023691,215
28-TUR,45.446177,28.023947,216
28-TUR,45.446377,28.024063,217
28-TUR,45.446620,28.024203,218
28-TUR,45.446855,28.024340,219
28-TUR,45.447213,28.024547,220
28-TUR,45.447943,28.024976,221
28-TUR,45.448078,28.025051,222
28-TUR,45.448065,28.025120,223
28-TUR,45.448053,28.025188,224
28-TUR,45.448043,28.025348,225
28-TUR,45.448039,28.025516,226
28-TUR,45.448041,28.025605,227
28-TUR,45.448062,28.026113,228
28-TUR,45.448083,28.026606,229
28-TUR,45.448085,28.026666,230
28-TUR,45.448102,28.027108,231
28-TUR,45.448129,28.027743,232
28-TUR,45.448175,28.028840,233
28-TUR,45.448206,28.029555,234
28-TUR,45.448208,28.029588,235
28-TUR,45.448245,28.030420,236
28-TUR,45.448287,28.031302,237
28-TUR,45.448329,28.032245,238
28-TUR,45.448375,28.033186,239
28-TUR,45.448379,28.033301,240
28-TUR,45.448380,28.033332,241
28-TUR,45.448408,28.034153,242
28-TUR,45.448445,28.035204,243
28-TUR,45.448646,28.035185,244
28-TUR,45.448704,28.035179,245
28-TUR,45.448747,28.035177,246
28-TUR,45.449189,28.035130,247
28-TUR,45.449802,28.035061,248
28-TUR,45.450428,28.034985,249
28-TUR,45.451742,28.034859,250
28-TUR,45.451951,28.034838,251
28-TUR,45.452094,28.034819,252
28-TUR,45.452186,28.034803,253
28-TUR,45.452300,28.034776,254
28-TUR,45.452362,28.034760,255
28-TUR,45.452430,28.034852,256
28-TUR,45.452464,28.034907,257
28-TUR,45.452488,28.034951,258
28-TUR,45.452517,28.035021,259
28-TUR,45.452487,28.035098,260
28-TUR,45.452461,28.035173,261
28-TUR,45.452055,28.036451,262
28-TUR,45.451596,28.037853,263
28-TUR,45.451413,28.038440,264
28-TUR,45.451120,28.039286,265
28-TUR,45.451093,28.039373,266
28-TUR,45.450486,28.041204,267
28-TUR,45.450311,28.041713,268
28-TUR,45.450264,28.041851,269
28-TUR,45.450332,28.041924,270
28-TUR,45.450681,28.042341,271
28-TUR,45.450693,28.042353,272
28-TUR,45.450727,28.042399,273
28-TUR,45.450773,28.042455,274
28-TUR,45.450842,28.042545,275
28-TUR,45.450955,28.042710,276
28-TUR,45.451005,28.042790,277
28-TUR,45.451048,28.042877,278
28-TUR,45.451090,28.043004,279
28-TUR,45.452518,28.042292,280
28-TUR,45.452633,28.042230,281
28-TUR,45.452799,28.042146,282
28-TUR,45.453001,28.042036,283
28-TUR,45.453061,28.042003,284
28-TUR,45.453711,28.041673,285
28-TUR,45.453858,28.041597,286
28-TUR,45.454987,28.041017,287
28-TUR,45.455712,28.040653,288
28-TUR,45.456429,28.040280,289
28-TUR,45.456711,28.040134,290
28-TUR,45.456770,28.040100,291
28-TUR,45.456892,28.040037,292
28-TUR,45.457976,28.039485,293
28-TUR,45.458448,28.039223,294
28-TUR,45.459188,28.038856,295
28-TUR,45.459277,28.038811,296
28-TUR,45.459339,28.038779,297
28-TUR,45.459460,28.038716,298
28-TUR,45.459592,28.038648,299
28-TUR,45.460709,28.038095,300
28-TUR,45.462361,28.037262,301
28-TUR,45.462438,28.037223,302
28-TUR,45.462512,28.037182,303
28-TUR,45.462688,28.037085,304
28-TUR,45.463020,28.036900,305
28-TUR,45.463036,28.036892,306
28-TUR,45.464539,28.036105,307
28-TUR,45.464665,28.036039,308
28-TUR,45.464727,28.036207,309
28-TUR,45.464791,28.036302,310
28-TUR,45.464849,28.036355,311
28-TUR,45.464906,28.036383,312
28-TUR,45.464969,28.036395,313
28-TUR,45.465026,28.036394,314
28-TUR,45.465092,28.036376,315
28-TUR,45.465155,28.036330,316
28-TUR,45.465201,28.036259,317
28-TUR,45.465238,28.036181,318
28-RETUR,45.464882,28.035889,1
28-RETUR,45.464736,28.036000,2
28-RETUR,45.464701,28.036019,3
28-RETUR,45.464665,28.036039,4
28-RETUR,45.464539,28.036105,5
28-RETUR,45.463036,28.036892,6
28-RETUR,45.463020,28.036900,7
28-RETUR,45.462688,28.037085,8
28-RETUR,45.462512,28.037182,9
28-RETUR,45.462438,28.037223,10
28-RETUR,45.462361,28.037262,11
28-RETUR,45.460709,28.038095,12
28-RETUR,45.459592,28.038648,13
28-RETUR,45.459460,28.038716,14
28-RETUR,45.459339,28.038779,15
28-RETUR,45.459277,28.038811,16
28-RETUR,45.459188,28.038856,17
28-RETUR,45.458448,28.039223,18
28-RETUR,45.457976,28.039485,19
28-RETUR,45.456892,28.040037,20
28-RETUR,45.456770,28.040100,21
28-RETUR,45.456711,28.040134,22
28-RETUR,45.456429,28.040280,23
28-RETUR,45.455712,28.040653,24
28-RETUR,45.454987,28.041017,25
28-RETUR,45.453858,28.041597,26
28-RETUR,45.453711,28.041673,27
28-RETUR,45.453061,28.042003,28
28-RETUR,45.453001,28.042036,29
28-RETUR,45.452799,28.042146,30
28-RETUR,45.452633,28.042230,31
28-RETUR,45.452518,28.042292,32
28-RETUR,45.451090,28.043004,33
28-RETUR,45.451048,28.042877,34
28-RETUR,45.451005,28.042790,35
28-RETUR,45.450955,28.042710,36
28-RETUR,45.450842,28.042545,37
28-RETUR,45.450773,28.042455,38
28-RETUR,45.450727,28.042399,39
28-RETUR,45.450693,28.042353,40
28-RETUR,45.450681,28.042341,41
28-RETUR,45.450332,28.041924,42
28-RETUR,45.450264,28.041851,43
28-RETUR,45.450311,28.041713,44
28-RETUR,45.450486,28.041204,45
28-RETUR,45.451093,28.039373,46
28-RETUR,45.451120,28.039286,47
28-RETUR,45.451413,28.038440,48
28-RETUR,45.451596,28.037853,49
28-RETUR,45.452055,28.036451,50
28-RETUR,45.452461,28.035173,51
28-RETUR,45.452487,28.035098,52
28-RETUR,45.452517,28.035021,53
28-RETUR,45.452543,28.034958,54
28-RETUR,45.452573,28.034911,55
28-RETUR,45.452617,28.034865,56
28-RETUR,45.452688,28.034819,57
28-RETUR,45.452709,28.034831,58
28-RETUR,45.452731,28.034839,59
28-RETUR,45.452757,28.034840,60
28-RETUR,45.452778,28.034834,61
28-RETUR,45.452801,28.034823,62
28-RETUR,45.452819,28.034806,63
28-RETUR,45.452834,28.034789,64
28-RETUR,45.452846,28.034767,65
28-RETUR,45.452856,28.034745,66
28-RETUR,45.452864,28.034716,67
28-RETUR,45.452868,28.034686,68
28-RETUR,45.452869,28.034655,69
28-RETUR,45.452866,28.034624,70
28-RETUR,45.452859,28.034593,71
28-RETUR,45.452841,28.034554,72
28-RETUR,45.452820,28.034528,73
28-RETUR,45.452798,28.034509,74
28-RETUR,45.452780,28.034499,75
28-RETUR,45.452761,28.034308,76
28-RETUR,45.452741,28.033851,77
28-RETUR,45.452734,28.033688,78
28-RETUR,45.452716,28.033281,79
28-RETUR,45.452715,28.033215,80
28-RETUR,45.452727,28.033164,81
28-RETUR,45.452768,28.033084,82
28-RETUR,45.452811,28.033046,83
28-RETUR,45.452858,28.033033,84
28-RETUR,45.453043,28.033017,85
28-RETUR,45.453092,28.033013,86
28-RETUR,45.453194,28.033004,87
28-RETUR,45.453238,28.033000,88
28-RETUR,45.453336,28.032980,89
28-RETUR,45.453499,28.032947,90
28-RETUR,45.453518,28.032944,91
28-RETUR,45.453485,28.032295,92
28-RETUR,45.453463,28.031875,93
28-RETUR,45.453328,28.031893,94
28-RETUR,45.453174,28.031907,95
28-RETUR,45.453036,28.031920,96
28-RETUR,45.452890,28.031936,97
28-RETUR,45.452728,28.031949,98
28-RETUR,45.452580,28.031963,99
28-RETUR,45.452444,28.031973,100
28-RETUR,45.452289,28.031991,101
28-RETUR,45.452148,28.032004,102
28-RETUR,45.451996,28.032018,103
28-RETUR,45.451875,28.032028,104
28-RETUR,45.451722,28.032044,105
28-RETUR,45.451652,28.032060,106
28-RETUR,45.451628,28.032072,107
28-RETUR,45.451612,28.032106,108
28-RETUR,45.451628,28.032440,109
28-RETUR,45.451634,28.032548,110
28-RETUR,45.451639,28.032784,111
28-RETUR,45.451658,28.032885,112
28-RETUR,45.451699,28.032978,113
28-RETUR,45.451765,28.033060,114
28-RETUR,45.451806,28.033086,115
28-RETUR,45.451796,28.033312,116
28-RETUR,45.451825,28.033928,117
28-RETUR,45.451852,28.034676,118
28-RETUR,45.451822,28.034747,119
28-RETUR,45.451791,28.034801,120
28-RETUR,45.451742,28.034859,121
28-RETUR,45.450428,28.034985,122
28-RETUR,45.449802,28.035061,123
28-RETUR,45.449189,28.035130,124
28-RETUR,45.448747,28.035177,125
28-RETUR,45.448704,28.035179,126
28-RETUR,45.448646,28.035185,127
28-RETUR,45.448445,28.035204,128
28-RETUR,45.448408,28.034153,129
28-RETUR,45.448380,28.033332,130
28-RETUR,45.448379,28.033301,131
28-RETUR,45.448375,28.033186,132
28-RETUR,45.448329,28.032245,133
28-RETUR,45.448287,28.031302,134
28-RETUR,45.448245,28.030420,135
28-RETUR,45.448208,28.029588,136
28-RETUR,45.448206,28.029555,137
28-RETUR,45.448175,28.028840,138
28-RETUR,45.448129,28.027743,139
28-RETUR,45.448102,28.027108,140
28-RETUR,45.448085,28.026666,141
28-RETUR,45.448083,28.026606,142
28-RETUR,45.448062,28.026113,143
28-RETUR,45.448041,28.025605,144
28-RETUR,45.448039,28.025516,145
28-RETUR,45.448043,28.025348,146
28-RETUR,45.448053,28.025188,147
28-RETUR,45.448065,28.025120,148
28-RETUR,45.448078,28.025051,149
28-RETUR,45.448100,28.024964,150
28-RETUR,45.448113,28.024913,151
28-RETUR,45.448128,28.024858,152
28-RETUR,45.447830,28.024687,153
28-RETUR,45.447430,28.024457,154
28-RETUR,45.447039,28.024234,155
28-RETUR,45.446372,28.023851,156
28-RETUR,45.445763,28.023502,157
28-RETUR,45.445654,28.023439,158
28-RETUR,45.444992,28.023060,159
28-RETUR,45.444877,28.022980,160
28-RETUR,45.444803,28.022934,161
28-RETUR,45.444698,28.022870,162
28-RETUR,45.444591,28.022811,163
28-RETUR,45.444390,28.022704,164
28-RETUR,45.444076,28.022530,165
28-RETUR,45.443746,28.022339,166
28-RETUR,45.443497,28.022195,167
28-RETUR,45.442919,28.021860,168
28-RETUR,45.442445,28.021579,169
28-RETUR,45.441942,28.021290,170
28-RETUR,45.441712,28.021154,171
28-RETUR,45.441311,28.020923,172
28-RETUR,45.440801,28.020639,173
28-RETUR,45.440689,28.020573,174
28-RETUR,45.440578,28.020495,175
28-RETUR,45.440501,28.020400,176
28-RETUR,45.440403,28.020335,177
28-RETUR,45.440297,28.020310,178
28-RETUR,45.440232,28.020319,179
28-RETUR,45.440210,28.020322,180
28-RETUR,45.440128,28.020360,181
28-RETUR,45.440030,28.020453,182
28-RETUR,45.439956,28.020583,183
28-RETUR,45.439920,28.020702,184
28-RETUR,45.439904,28.020829,185
28-RETUR,45.439909,28.020958,186
28-RETUR,45.439880,28.021023,187
28-RETUR,45.439850,28.021070,188
28-RETUR,45.439813,28.021106,189
28-RETUR,45.439765,28.021149,190
28-RETUR,45.439638,28.021249,191
28-RETUR,45.439436,28.021408,192
28-RETUR,45.439216,28.021591,193
28-RETUR,45.438996,28.021763,194
28-RETUR,45.438781,28.021933,195
28-RETUR,45.438601,28.022076,196
28-RETUR,45.438446,28.022199,197
28-RETUR,45.438113,28.022460,198
28-RETUR,45.437845,28.022673,199
28-RETUR,45.437106,28.023267,200
28-RETUR,45.436864,28.023453,201
28-RETUR,45.436537,28.023695,202
28-RETUR,45.436438,28.023767,203
28-RETUR,45.436389,28.023803,204
28-RETUR,45.436298,28.023870,205
28-RETUR,45.436044,28.024080,206
28-RETUR,45.435872,28.024235,207
28-RETUR,45.435325,28.024665,208
28-RETUR,45.435069,28.024863,209
28-RETUR,45.434861,28.024993,210
28-RETUR,45.434659,28.025112,211
28-RETUR,45.434343,28.025228,212
28-RETUR,45.434075,28.025282,213
28-RETUR,45.433968,28.025304,214
28-RETUR,45.433973,28.025201,215
28-RETUR,45.433988,28.024887,216
28-RETUR,45.434002,28.024724,217
28-RETUR,45.434058,28.024099,218
28-RETUR,45.434077,28.023926,219
28-RETUR,45.434136,28.023256,220
28-RETUR,45.434143,28.023201,221
28-RETUR,45.434166,28.023004,222
28-RETUR,45.434184,28.022887,223
28-RETUR,45.434209,28.022765,224
28-RETUR,45.434243,28.022765,225
28-RETUR,45.434276,28.022753,226
28-RETUR,45.434306,28.022729,227
28-RETUR,45.434331,28.022695,228
28-RETUR,45.434348,28.022654,229
28-RETUR,45.434356,28.022625,230
28-RETUR,45.434360,28.022567,231
28-RETUR,45.434351,28.022510,232
28-RETUR,45.434331,28.022459,233
28-RETUR,45.434301,28.022419,234
28-RETUR,45.434264,28.022395,235
28-RETUR,45.434225,28.022387,236
28-RETUR,45.434186,28.022396,237
28-RETUR,45.434151,28.022421,238
28-RETUR,45.434122,28.022460,239
28-RETUR,45.434103,28.022509,240
28-RETUR,45.434042,28.022481,241
28-RETUR,45.433788,28.022361,242
28-RETUR,45.433559,28.022253,243
28-RETUR,45.433437,28.022192,244
28-RETUR,45.433068,28.022013,245
28-RETUR,45.432668,28.021816,246
28-RETUR,45.432474,28.021724,247
28-RETUR,45.432094,28.021531,248
28-RETUR,45.432059,28.021513,249
28-RETUR,45.431716,28.021338,250
28-RETUR,45.431532,28.021237,251
28-RETUR,45.431257,28.021116,252
28-RETUR,45.431107,28.021050,253
28-RETUR,45.431080,28.021038,254
28-RETUR,45.431010,28.020781,255
28-RETUR,45.430943,28.020567,256
28-RETUR,45.430872,28.020372,257
28-RETUR,45.430798,28.020180,258
28-RETUR,45.430738,28.020077,259
28-RETUR,45.430661,28.019945,260
28-RETUR,45.430563,28.019803,261
28-RETUR,45.430458,28.019676,262
28-RETUR,45.430334,28.019545,263
28-RETUR,45.430215,28.019445,264
28-RETUR,45.430039,28.019314,265
28-RETUR,45.429762,28.019150,266
28-RETUR,45.429575,28.019071,267
28-RETUR,45.429423,28.019017,268
28-RETUR,45.429293,28.018971,269
28-RETUR,45.429168,28.018928,270
28-RETUR,45.429051,28.018888,271
28-RETUR,45.428907,28.018842,272
28-RETUR,45.428554,28.018769,273
28-RETUR,45.427967,28.018713,274
28-RETUR,45.427794,28.018714,275
28-RETUR,45.427529,28.018726,276
28-RETUR,45.427496,28.018728,277
28-RETUR,45.427412,28.018742,278
28-RETUR,45.427338,28.018764,279
28-RETUR,45.427261,28.018801,280
28-RETUR,45.427220,28.018825,281
28-RETUR,45.427197,28.018839,282
28-RETUR,45.427132,28.018884,283
28-RETUR,45.427059,28.018928,284
28-RETUR,45.427054,28.018876,285
28-RETUR,45.427023,28.018531,286
28-RETUR,45.427004,28.018320,287
28-RETUR,45.426911,28.017291,288
28-RETUR,45.426413,28.017300,289
28-RETUR,45.425994,28.017306,290
28-RETUR,45.425918,28.017307,291
28-RETUR,45.425783,28.017312,292
28-RETUR,45.425423,28.017324,293
28-RETUR,45.424955,28.017345,294
28-RETUR,45.424828,28.017351,295
28-RETUR,45.423731,28.017416,296
28-RETUR,45.423658,28.017420,297
28-RETUR,45.422982,28.017457,298
28-RETUR,45.422405,28.017486,299
28-RETUR,45.422296,28.017491,300
28-RETUR,45.421965,28.017506,301
28-RETUR,45.421541,28.017533,302
28-RETUR,45.421438,28.017532,303
28-RETUR,45.421351,28.017507,304
28-RETUR,45.421267,28.017468,305
28-RETUR,45.421216,28.017426,306
28-RETUR,45.421185,28.017391,307
28-RETUR,45.421149,28.017343,308
28-RETUR,45.420924,28.016950,309
28-RETUR,45.420710,28.016571,310
28-RETUR,45.420518,28.016180,311
28-RETUR,45.420318,28.015810,312
28-RETUR,45.420130,28.015450,313
28-RETUR,45.419625,28.014472,314
28-RETUR,45.419424,28.014079,315
28-RETUR,45.419380,28.013999,316
28-RETUR,45.419329,28.013895,317
28-RETUR,45.419144,28.013526,318
28-RETUR,45.418959,28.013169,319
28-RETUR,45.418632,28.012527,320
28-RETUR,45.418228,28.011781,321
28-RETUR,45.417712,28.010753,322
28-RETUR,45.417598,28.010523,323
28-RETUR,45.417378,28.010076,324
28-RETUR,45.417024,28.009363,325
28-RETUR,45.416993,28.009302,326
28-RETUR,45.416812,28.008944,327
28-RETUR,45.416362,28.008045,328
28-RETUR,45.416305,28.007932,329
28-RETUR,45.416271,28.007852,330
28-RETUR,45.416253,28.007766,331
28-RETUR,45.416239,28.007680,332
28-RETUR,45.416230,28.007584,333
28-RETUR,45.416226,28.007528,334
28-RETUR,45.416219,28.007467,335
28-RETUR,45.416198,28.007228,336
28-RETUR,45.416190,28.007127,337
28-RETUR,45.416112,28.006250,338
28-RETUR,45.416071,28.005786,339
28-RETUR,45.416061,28.005573,340
28-RETUR,45.416054,28.005191,341
28-RETUR,45.416067,28.005173,342
28-RETUR,45.416079,28.005151,343
28-RETUR,45.416087,28.005127,344
28-RETUR,45.416092,28.005101,345
28-RETUR,45.416094,28.005068,346
28-RETUR,45.416090,28.005035,347
28-RETUR,45.416082,28.005004,348
28-RETUR,45.416068,28.004976,349
28-RETUR,45.416051,28.004953,350
28-RETUR,45.416031,28.004937,351
28-RETUR,45.416011,28.004927,352
28-RETUR,45.415990,28.004924,353
28-RETUR,45.415970,28.004926,354
28-RETUR,45.415949,28.004934,355
28-RETUR,45.415931,28.004948,356
28-RETUR,45.415730,28.004954,357
28-RETUR,45.414456,28.004987,358
28-RETUR,45.414335,28.005013,359
28-RETUR,45.414239,28.005052,360
28-RETUR,45.414136,28.005129,361
28-RETUR,45.414082,28.005206,362
28-RETUR,45.414032,28.005281,363
28-RETUR,45.413896,28.005462,364
28-RETUR,45.413801,28.005622,365
28-RETUR,45.413715,28.005696,366
28-RETUR,45.413608,28.005787,367
28-RETUR,45.413537,28.005842,368
28-RETUR,45.413500,28.005840,369
28-RETUR,45.413465,28.005854,370
28-RETUR,45.413434,28.005883,371
28-RETUR,45.413411,28.005924,372
28-RETUR,45.413399,28.005974,373
28-RETUR,45.413398,28.006016,374
28-RETUR,45.413407,28.006070,375
28-RETUR,45.413428,28.006116,376
28-RETUR,45.413459,28.006149,377
28-RETUR,45.413496,28.006166,378
28-RETUR,45.413517,28.006168,379
28-RETUR,45.413699,28.006362,380
28-RETUR,45.413897,28.006763,381
28-RETUR,45.413996,28.006963,382
28-RETUR,45.414162,28.007285,383
28-RETUR,45.414175,28.007315,384
28-RETUR,45.414336,28.007647,385
28-RETUR,45.414426,28.007828,386
28-RETUR,45.414897,28.008775,387
28-RETUR,45.414998,28.008979,388
28-RETUR,45.415261,28.009517,389
28-RETUR,45.415151,28.009626,390
28-RETUR,45.414917,28.009859,391
28-RETUR,45.414614,28.010160,392
28-RETUR,45.414015,28.010788,393
28-RETUR,45.413502,28.011325,394
28-RETUR,45.413232,28.011603,395
28-RETUR,45.413098,28.011750,396
28-RETUR,45.412945,28.011925,397
28-RETUR,45.412825,28.012091,398
28-RETUR,45.412894,28.012211,399
28-RETUR,45.413073,28.012523,400
28-RETUR,45.413132,28.012625,401
28-RETUR,45.413199,28.012731,402
28-RETUR,45.413284,28.012454,403
24-TUR,45.451796,28.033312,1
24-TUR,45.451825,28.033928,2
24-TUR,45.451884,28.033858,3
24-TUR,45.451952,28.033826,4
24-TUR,45.452084,28.033815,5
24-TUR,45.452231,28.033801,6
24-TUR,45.452385,28.033790,7
24-TUR,45.452530,28.033779,8
24-TUR,45.452673,28.033768,9
24-TUR,45.452683,28.034133,10
24-TUR,45.452691,28.034313,11
24-TUR,45.452694,28.034405,12
24-TUR,45.452709,28.034502,13
24-TUR,45.452686,28.034516,14
24-TUR,45.452668,28.034534,15
24-TUR,45.452649,28.034565,16
24-TUR,45.452635,28.034604,17
24-TUR,45.452627,28.034654,18
24-TUR,45.452627,28.034688,19
24-TUR,45.452631,28.034717,20
24-TUR,45.452636,28.034738,21
24-TUR,45.452650,28.034769,22
24-TUR,45.452663,28.034796,23
24-TUR,45.452688,28.034819,24
24-TUR,45.452709,28.034831,25
24-TUR,45.452731,28.034839,26
24-TUR,45.452757,28.034840,27
24-TUR,45.452778,28.034834,28
24-TUR,45.452801,28.034823,29
24-TUR,45.452904,28.034774,30
24-TUR,45.452953,28.034756,31
24-TUR,45.453022,28.034733,32
24-TUR,45.453111,28.034704,33
24-TUR,45.453231,28.034700,34
24-TUR,45.453302,28.034696,35
24-TUR,45.453483,28.034686,36
24-TUR,45.453948,28.034660,37
24-TUR,45.454106,28.034645,38
24-TUR,45.454353,28.034622,39
24-TUR,45.454842,28.034580,40
24-TUR,45.455298,28.034516,41
24-TUR,45.455415,28.034501,42
24-TUR,45.455483,28.034483,43
24-TUR,45.455508,28.034529,44
24-TUR,45.455543,28.034559,45
24-TUR,45.455583,28.034569,46
24-TUR,45.455623,28.034558,47
24-TUR,45.455658,28.034528,48
24-TUR,45.455677,28.034502,49
24-TUR,45.455686,28.034481,50
24-TUR,45.455692,28.034455,51
24-TUR,45.455697,28.034414,52
24-TUR,45.455693,28.034366,53
24-TUR,45.455680,28.034322,54
24-TUR,45.455658,28.034285,55
24-TUR,45.455645,28.034274,56
24-TUR,45.455618,28.034148,57
24-TUR,45.455602,28.034000,58
24-TUR,45.455589,28.033685,59
24-TUR,45.455570,28.033358,60
24-TUR,45.455531,28.032683,61
24-TUR,45.455503,28.032175,62
24-TUR,45.455462,28.031469,63
24-TUR,45.455354,28.029888,64
24-TUR,45.455343,28.029718,65
24-TUR,45.455328,28.029514,66
24-TUR,45.455320,28.029311,67
24-TUR,45.455314,28.029202,68
24-TUR,45.455299,28.028965,69
24-TUR,45.455280,28.028711,70
24-TUR,45.455238,28.028146,71
24-TUR,45.455225,28.027951,72
24-TUR,45.455215,28.027799,73
24-TUR,45.455200,28.027599,74
24-TUR,45.455166,28.027118,75
24-TUR,45.455155,28.026934,76
24-TUR,45.455146,28.026763,77
24-TUR,45.455118,28.026265,78
24-TUR,45.455098,28.025927,79
24-TUR,45.455075,28.025469,80
24-TUR,45.455060,28.025196,81
24-TUR,45.455045,28.024919,82
24-TUR,45.455031,28.024574,83
24-TUR,45.455016,28.024447,84
24-TUR,45.455002,28.024375,85
24-TUR,45.455018,28.024330,86
24-TUR,45.455025,28.024280,87
24-TUR,45.455022,28.024216,88
24-TUR,45.455006,28.024157,89
24-TUR,45.454977,28.024107,90
24-TUR,45.454939,28.024073,91
24-TUR,45.454894,28.024056,92
24-TUR,45.454848,28.024060,93
24-TUR,45.454805,28.024085,94
24-TUR,45.454712,28.024069,95
24-TUR,45.454618,28.024061,96
24-TUR,45.454341,28.024014,97
24-TUR,45.454036,28.023961,98
24-TUR,45.453636,28.023902,99
24-TUR,45.453151,28.023838,100
24-TUR,45.452612,28.023759,101
24-TUR,45.451633,28.023614,102
24-TUR,45.451254,28.023562,103
24-TUR,45.450931,28.023507,104
24-TUR,45.450798,28.023487,105
24-TUR,45.450531,28.023451,106
24-TUR,45.450351,28.023404,107
24-TUR,45.450325,28.023357,108
24-TUR,45.450270,28.023296,109
24-TUR,45.450206,28.023267,110
24-TUR,45.450139,28.023269,111
24-TUR,45.450076,28.023303,112
24-TUR,45.450025,28.023365,113
24-TUR,45.449995,28.023432,114
24-TUR,45.449980,28.023508,115
24-TUR,45.449980,28.023588,116
24-TUR,45.449995,28.023664,117
24-TUR,45.449978,28.023810,118
24-TUR,45.449843,28.024491,119
24-TUR,45.449809,28.024608,120
24-TUR,45.449738,28.024782,121
24-TUR,45.449636,28.024925,122
24-TUR,45.449516,28.025029,123
24-TUR,45.449341,28.025137,124
24-TUR,45.449131,28.025220,125
24-TUR,45.448926,28.025220,126
24-TUR,45.448739,28.025181,127
24-TUR,45.448530,28.025092,128
24-TUR,45.448128,28.024858,129
24-TUR,45.448113,28.024913,130
24-TUR,45.448100,28.024964,131
24-TUR,45.448078,28.025051,132
24-TUR,45.448065,28.025120,133
24-TUR,45.448053,28.025188,134
24-TUR,45.448043,28.025348,135
24-TUR,45.448039,28.025516,136
24-TUR,45.448041,28.025605,137
24-TUR,45.448062,28.026113,138
24-TUR,45.448083,28.026606,139
24-TUR,45.448085,28.026666,140
24-TUR,45.448102,28.027108,141
24-TUR,45.448129,28.027743,142
24-TUR,45.448175,28.028840,143
24-TUR,45.448206,28.029555,144
24-TUR,45.447456,28.029625,145
24-TUR,45.447252,28.029646,146
24-TUR,45.447052,28.029666,147
24-TUR,45.446997,28.029659,148
24-TUR,45.446956,28.029642,149
24-TUR,45.446897,28.029611,150
24-TUR,45.446770,28.029530,151
24-TUR,45.446585,28.029414,152
24-TUR,45.446551,28.029394,153
24-TUR,45.446510,28.029366,154
24-TUR,45.446337,28.029246,155
24-TUR,45.446169,28.029138,156
24-TUR,45.446006,28.029034,157
24-TUR,45.445597,28.028781,158
24-TUR,45.445367,28.028630,159
24-TUR,45.445252,28.028558,160
24-TUR,45.445186,28.028517,161
24-TUR,45.445106,28.028505,162
24-TUR,45.445026,28.028510,163
24-TUR,45.444945,28.028514,164
24-TUR,45.444860,28.028521,165
24-TUR,45.444701,28.028531,166
24-TUR,45.444650,28.028531,167
24-TUR,45.444541,28.028536,168
24-TUR,45.444119,28.028554,169
24-TUR,45.443841,28.028562,170
24-TUR,45.443622,28.028570,171
24-TUR,45.443010,28.028600,172
24-TUR,45.442924,28.028604,173
24-TUR,45.442670,28.028614,174
24-TUR,45.442203,28.028627,175
24-TUR,45.442157,28.028630,176
24-TUR,45.442029,28.028633,177
24-TUR,45.441710,28.028632,178
24-TUR,45.441673,28.028630,179
24-TUR,45.441599,28.028621,180
24-TUR,45.441533,28.028612,181
24-TUR,45.441462,28.028601,182
24-TUR,45.441155,28.028536,183
24-TUR,45.441100,28.028524,184
24-TUR,45.440937,28.028463,185
24-TUR,45.440854,28.028408,186
24-TUR,45.440795,28.028352,187
24-TUR,45.440689,28.028253,188
24-TUR,45.440625,28.028197,189
24-TUR,45.440587,28.028176,190
24-TUR,45.440568,28.028166,191
24-TUR,45.440479,28.028161,192
24-TUR,45.440407,28.028183,193
24-TUR,45.440251,28.028215,194
24-TUR,45.440195,28.028216,195
24-TUR,45.440146,28.028212,196
24-TUR,45.440079,28.028199,197
24-TUR,45.439925,28.028152,198
24-TUR,45.439900,28.028138,199
24-TUR,45.439868,28.028125,200
24-TUR,45.439820,28.028100,201
24-TUR,45.439746,28.028074,202
24-TUR,45.439667,28.028050,203
24-TUR,45.439206,28.027914,204
24-TUR,45.439121,28.027892,205
24-TUR,45.438842,28.027817,206
24-TUR,45.438772,28.027797,207
24-TUR,45.438366,28.027674,208
24-TUR,45.438218,28.027637,209
24-TUR,45.438109,28.027613,210
24-TUR,45.437749,28.027533,211
24-TUR,45.437510,28.027475,212
24-TUR,45.437427,28.027452,213
24-TUR,45.437393,28.027443,214
24-TUR,45.437284,28.027419,215
24-TUR,45.437018,28.027360,216
24-TUR,45.435944,28.027202,217
24-TUR,45.435772,28.027184,218
24-TUR,45.435158,28.027101,219
24-TUR,45.434731,28.027066,220
24-TUR,45.434521,28.027049,221
24-TUR,45.434230,28.027042,222
24-TUR,45.433914,28.027036,223
24-TUR,45.433899,28.027431,224
24-TUR,45.433886,28.027759,225
24-TUR,45.433872,28.028125,226
24-TUR,45.433853,28.028486,227
24-TUR,45.433835,28.028868,228
24-TUR,45.433812,28.029380,229
24-TUR,45.433800,28.029533,230
24-TUR,45.433788,28.029651,231
24-TUR,45.433755,28.029823,232
24-TUR,45.433721,28.029955,233
24-TUR,45.433672,28.030104,234
24-TUR,45.433630,28.030206,235
24-TUR,45.433576,28.030281,236
24-TUR,45.433382,28.030504,237
24-TUR,45.433235,28.030687,238
24-TUR,45.433134,28.030820,239
24-TUR,45.433065,28.030932,240
24-TUR,45.433009,28.031045,241
24-TUR,45.432954,28.031181,242
24-TUR,45.432907,28.031342,243
24-TUR,45.432874,28.031495,244
24-TUR,45.432846,28.031721,245
24-TUR,45.432828,28.031967,246
24-TUR,45.432816,28.032220,247
24-TUR,45.432816,28.032354,248
24-TUR,45.432823,28.032474,249
24-TUR,45.432838,28.032630,250
24-TUR,45.432871,28.032772,251
24-TUR,45.432905,28.032897,252
24-TUR,45.432955,28.033021,253
24-TUR,45.433011,28.033123,254
24-TUR,45.433074,28.033223,255
24-TUR,45.433250,28.033457,256
24-TUR,45.433333,28.033566,257
24-TUR,45.433425,28.033700,258
24-TUR,45.433602,28.033937,259
24-TUR,45.433646,28.034035,260
24-TUR,45.433675,28.034126,261
24-TUR,45.433701,28.034236,262
24-TUR,45.433714,28.034359,263
24-TUR,45.433707,28.034668,264
24-TUR,45.433704,28.034804,265
24-TUR,45.433702,28.034949,266
24-TUR,45.433668,28.036109,267
24-TUR,45.433664,28.036254,268
24-TUR,45.433618,28.036377,269
24-TUR,45.433584,28.036453,270
24-TUR,45.433546,28.036512,271
24-TUR,45.433486,28.036589,272
24-TUR,45.433399,28.036654,273
24-TUR,45.431740,28.036798,274
24-TUR,45.430129,28.036952,275
24-TUR,45.429799,28.036980,276
24-TUR,45.429640,28.036994,277
24-TUR,45.429421,28.037013,278
24-TUR,45.429336,28.037024,279
24-TUR,45.428976,28.037148,280
24-TUR,45.428779,28.037252,281
24-TUR,45.428658,28.037307,282
24-TUR,45.428536,28.037375,283
24-TUR,45.428548,28.037512,284
24-TUR,45.428585,28.037940,285
24-TUR,45.428658,28.038709,286
24-TUR,45.428701,28.039097,287
24-TUR,45.428770,28.039599,288
24-TUR,45.428875,28.040306,289
24-TUR,45.428935,28.040712,290
24-TUR,45.428965,28.040878,291
24-TUR,45.429072,28.041473,292
24-TUR,45.429170,28.041927,293
24-TUR,45.429297,28.042392,294
24-TUR,45.429400,28.042735,295
24-TUR,45.429503,28.043055,296
24-TUR,45.430201,28.045163,297
24-TUR,45.430266,28.045340,298
24-TUR,45.430315,28.045468,299
24-TUR,45.430374,28.045619,300
24-TUR,45.430431,28.045744,301
24-TUR,45.430608,28.046139,302
24-TUR,45.430744,28.046429,303
24-TUR,45.431064,28.047029,304
24-TUR,45.431102,28.047097,305
24-TUR,45.431992,28.048595,306
24-TUR,45.432123,28.048825,307
24-TUR,45.432297,28.049132,308
24-TUR,45.432424,28.049378,309
24-TUR,45.432539,28.049628,310
24-TUR,45.432823,28.050366,311
24-TUR,45.432898,28.050555,312
24-TUR,45.433081,28.050969,313
24-TUR,45.433108,28.051051,314
24-TUR,45.433270,28.051554,315
24-TUR,45.433309,28.051676,316
24-TUR,45.433389,28.051907,317
24-TUR,45.433426,28.052022,318
24-TUR,45.433442,28.052070,319
24-TUR,45.433484,28.052201,320
24-TUR,45.433539,28.052346,321
24-TUR,45.433705,28.052865,322
24-TUR,45.433733,28.052982,323
24-TUR,45.433756,28.053134,324
24-TUR,45.433770,28.053298,325
24-TUR,45.433778,28.053555,326
24-TUR,45.433777,28.053709,327
24-TUR,45.433761,28.054011,328
24-TUR,45.433751,28.054116,329
24-TUR,45.433722,28.054312,330
24-TUR,45.433663,28.054776,331
24-TUR,45.433631,28.055045,332
24-TUR,45.433621,28.055256,333
24-TUR,45.433443,28.055337,334
24-TUR,45.433221,28.055379,335
24-TUR,45.433138,28.055391,336
24-TUR,45.433020,28.055408,337
24-TUR,45.432963,28.055416,338
24-TUR,45.432843,28.055435,339
24-TUR,45.432532,28.055475,340
24-TUR,45.432477,28.055493,341
24-TUR,45.432418,28.055604,342
24-TUR,45.432330,28.055927,343
24-TUR,45.432277,28.056141,344
24-TUR,45.432272,28.056166,345
24-TUR,45.432254,28.056250,346
24-TUR,45.432190,28.056519,347
24-TUR,45.432157,28.056659,348
24-TUR,45.432060,28.057067,349
24-TUR,45.431974,28.057430,350
24-TUR,45.431929,28.057619,351
24-TUR,45.431883,28.057815,352
24-TUR,45.431858,28.057891,353
24-TUR,45.431820,28.057966,354
24-TUR,45.431739,28.057959,355
24-TUR,45.431613,28.057943,356
24-TUR,45.431471,28.057911,357
24-TUR,45.431349,28.057895,358
24-TUR,45.431243,28.057898,359
24-TUR,45.431151,28.057959,360
24-TUR,45.431048,28.058048,361
24-TUR,45.430837,28.058253,362
24-TUR,45.430478,28.058583,363
24-TUR,45.430310,28.058756,364
24-TUR,45.430430,28.059035,365
24-TUR,45.430555,28.059304,366
24-TUR,45.430700,28.059592,367
24-TUR,45.430831,28.059856,368
24-TUR,45.431035,28.060254,369
24-TUR,45.431110,28.060401,370
24-TUR,45.431269,28.060719,371
24-TUR,45.431511,28.061239,372
24-TUR,45.431644,28.061492,373
24-TUR,45.431784,28.061764,374
24-TUR,45.431791,28.061775,375
24-TUR,45.431828,28.061848,376
24-TUR,45.431958,28.062102,377
24-TUR,45.432057,28.062288,378
24-TUR,45.432062,28.062297,379
24-TUR,45.432157,28.062457,380
24-TUR,45.432501,28.063048,381
24-TUR,45.432900,28.063751,382
24-TUR,45.432981,28.063893,383
24-TUR,45.433383,28.064604,384
24-TUR,45.433831,28.065406,385
24-TUR,45.433985,28.065673,386
24-TUR,45.434039,28.065774,387
24-TUR,45.434206,28.066057,388
24-TUR,45.434257,28.066148,389
24-TUR,45.434392,28.066380,390
24-TUR,45.434932,28.067324,391
24-TUR,45.435137,28.067683,392
24-TUR,45.435321,28.068004,393
24-TUR,45.435355,28.068064,394
24-TUR,45.435688,28.068660,395
24-TUR,45.435719,28.068715,396
24-TUR,45.435999,28.069208,397
24-TUR,45.436095,28.069378,398
24-TUR,45.436228,28.069206,399
24-TUR,45.436309,28.069102,400
24-TUR,45.436561,28.068703,401
24-TUR,45.437048,28.067959,402
24-TUR,45.437057,28.067945,403
24-TUR,45.437088,28.067893,404
24-TUR,45.437181,28.067742,405
24-TUR,45.437292,28.067564,406
24-TUR,45.437813,28.066726,407
24-TUR,45.439270,28.064438,408
24-TUR,45.439496,28.064094,409
24-TUR,45.439502,28.064107,410
24-TUR,45.440017,28.065243,411
24-TUR,45.440364,28.065924,412
24-TUR,45.440457,28.066110,413
24-TUR,45.440595,28.066384,414
24-TUR,45.440734,28.066630,415
24-TUR,45.440758,28.066682,416
24-TUR,45.440766,28.066698,417
24-TUR,45.440791,28.066747,418
24-TUR,45.440828,28.066820,419
24-TUR,45.440863,28.066900,420
24-TUR,45.440904,28.066998,421
24-TUR,45.440956,28.067141,422
24-TUR,45.441522,28.068745,423
24-TUR,45.441839,28.069557,424
24-TUR,45.442011,28.069937,425
24-TUR,45.442036,28.069994,426
24-TUR,45.442258,28.070461,427
24-TUR,45.442513,28.071070,428
24-TUR,45.443094,28.072344,429
24-TUR,45.443259,28.072663,430
24-TUR,45.443679,28.073342,431
24-TUR,45.443785,28.073512,432
24-TUR,45.443890,28.073663,433
24-TUR,45.443984,28.073788,434
24-TUR,45.444077,28.073905,435
24-TUR,45.444176,28.074028,436
24-TUR,45.444346,28.074206,437
24-TUR,45.444450,28.074327,438
24-TUR,45.444536,28.074448,439
24-TUR,45.444617,28.074584,440
24-TUR,45.444682,28.074717,441
24-TUR,45.444744,28.074860,442
24-TUR,45.445032,28.075454,443
24-TUR,45.445187,28.075771,444
24-TUR,45.445340,28.076082,445
24-TUR,45.445513,28.076466,446
24-TUR,45.445699,28.076870,447
24-TUR,45.445796,28.077085,448
24-TUR,45.445879,28.077278,449
24-TUR,45.445961,28.077478,450
24-TUR,45.446020,28.077630,451
24-TUR,45.446066,28.077764,452
24-TUR,45.446096,28.077876,453
24-TUR,45.446117,28.077983,454
24-TUR,45.446134,28.078087,455
24-TUR,45.446143,28.078194,456
24-TUR,45.446145,28.078312,457
24-TUR,45.446143,28.078480,458
24-TUR,45.446125,28.078898,459
24-TUR,45.446114,28.079106,460
24-TUR,45.446100,28.079285,461
24-TUR,45.446080,28.079449,462
24-TUR,45.446050,28.079625,463
24-TUR,45.446009,28.079764,464
24-TUR,45.445952,28.079894,465
24-TUR,45.445874,28.080039,466
24-TUR,45.445774,28.080197,467
24-TUR,45.445693,28.080304,468
24-TUR,45.445583,28.080429,469
24-TUR,45.445431,28.080601,470
24-TUR,45.445120,28.080902,471
24-TUR,45.444551,28.081500,472
24-TUR,45.444465,28.081583,473
24-TUR,45.444110,28.081928,474
24-TUR,45.443985,28.082050,475
24-TUR,45.443938,28.082120,476
24-TUR,45.443908,28.082197,477
24-TUR,45.443894,28.082276,478
24-TUR,45.443885,28.082358,479
24-TUR,45.443886,28.082446,480
24-TUR,45.443888,28.082489,481
24-TUR,45.443958,28.082820,482
24-TUR,45.443993,28.082953,483
24-RETUR,45.443993,28.082953,1
24-RETUR,45.443958,28.082820,2
24-RETUR,45.443888,28.082489,3
24-RETUR,45.443886,28.082446,4
24-RETUR,45.443885,28.082358,5
24-RETUR,45.443894,28.082276,6
24-RETUR,45.443908,28.082197,7
24-RETUR,45.443938,28.082120,8
24-RETUR,45.443985,28.082050,9
24-RETUR,45.444110,28.081928,10
24-RETUR,45.444465,28.081583,11
24-RETUR,45.444551,28.081500,12
24-RETUR,45.445120,28.080902,13
24-RETUR,45.445431,28.080601,14
24-RETUR,45.445583,28.080429,15
24-RETUR,45.445693,28.080304,16
24-RETUR,45.445774,28.080197,17
24-RETUR,45.445874,28.080039,18
24-RETUR,45.445952,28.079894,19
24-RETUR,45.446009,28.079764,20
24-RETUR,45.446050,28.079625,21
24-RETUR,45.446080,28.079449,22
24-RETUR,45.446100,28.079285,23
24-RETUR,45.446114,28.079106,24
24-RETUR,45.446125,28.078898,25
24-RETUR,45.446143,28.078480,26
24-RETUR,45.446145,28.078312,27
24-RETUR,45.446143,28.078194,28
24-RETUR,45.446134,28.078087,29
24-RETUR,45.446117,28.077983,30
24-RETUR,45.446096,28.077876,31
24-RETUR,45.446066,28.077764,32
24-RETUR,45.446020,28.077630,33
24-RETUR,45.445961,28.077478,34
24-RETUR,45.445879,28.077278,35
24-RETUR,45.445796,28.077085,36
24-RETUR,45.445699,28.076870,37
24-RETUR,45.445513,28.076466,38
24-RETUR,45.445340,28.076082,39
24-RETUR,45.445187,28.075771,40
24-RETUR,45.445032,28.075454,41
24-RETUR,45.444744,28.074860,42
24-RETUR,45.444682,28.074717,43
24-RETUR,45.444617,28.074584,44
24-RETUR,45.444536,28.074448,45
24-RETUR,45.444450,28.074327,46
24-RETUR,45.444346,28.074206,47
24-RETUR,45.444176,28.074028,48
24-RETUR,45.444077,28.073905,49
24-RETUR,45.443984,28.073788,50
24-RETUR,45.443890,28.073663,51
24-RETUR,45.443785,28.073512,52
24-RETUR,45.443679,28.073342,53
24-RETUR,45.443259,28.072663,54
24-RETUR,45.443094,28.072344,55
24-RETUR,45.442513,28.071070,56
24-RETUR,45.442258,28.070461,57
24-RETUR,45.442036,28.069994,58
24-RETUR,45.442011,28.069937,59
24-RETUR,45.441839,28.069557,60
24-RETUR,45.441522,28.068745,61
24-RETUR,45.440956,28.067141,62
24-RETUR,45.440904,28.066998,63
24-RETUR,45.440863,28.066900,64
24-RETUR,45.440828,28.066820,65
24-RETUR,45.440791,28.066747,66
24-RETUR,45.440766,28.066698,67
24-RETUR,45.440758,28.066682,68
24-RETUR,45.440734,28.066630,69
24-RETUR,45.440595,28.066384,70
24-RETUR,45.440457,28.066110,71
24-RETUR,45.440364,28.065924,72
24-RETUR,45.440017,28.065243,73
24-RETUR,45.439502,28.064107,74
24-RETUR,45.439496,28.064094,75
24-RETUR,45.439270,28.064438,76
24-RETUR,45.437813,28.066726,77
24-RETUR,45.437292,28.067564,78
24-RETUR,45.437181,28.067742,79
24-RETUR,45.437088,28.067893,80
24-RETUR,45.437057,28.067945,81
24-RETUR,45.437048,28.067959,82
24-RETUR,45.436561,28.068703,83
24-RETUR,45.436309,28.069102,84
24-RETUR,45.436228,28.069206,85
24-RETUR,45.436095,28.069378,86
24-RETUR,45.435999,28.069208,87
24-RETUR,45.435719,28.068715,88
24-RETUR,45.435688,28.068660,89
24-RETUR,45.435355,28.068064,90
24-RETUR,45.435321,28.068004,91
24-RETUR,45.435137,28.067683,92
24-RETUR,45.434932,28.067324,93
24-RETUR,45.434392,28.066380,94
24-RETUR,45.434257,28.066148,95
24-RETUR,45.434206,28.066057,96
24-RETUR,45.434039,28.065774,97
24-RETUR,45.433985,28.065673,98
24-RETUR,45.433831,28.065406,99
24-RETUR,45.433383,28.064604,100
24-RETUR,45.432981,28.063893,101
24-RETUR,45.432900,28.063751,102
24-RETUR,45.432501,28.063048,103
24-RETUR,45.432157,28.062457,104
24-RETUR,45.432062,28.062297,105
24-RETUR,45.432057,28.062288,106
24-RETUR,45.431958,28.062102,107
24-RETUR,45.431828,28.061848,108
24-RETUR,45.431791,28.061775,109
24-RETUR,45.431784,28.061764,110
24-RETUR,45.431644,28.061492,111
24-RETUR,45.431511,28.061239,112
24-RETUR,45.431269,28.060719,113
24-RETUR,45.431110,28.060401,114
24-RETUR,45.431035,28.060254,115
24-RETUR,45.430831,28.059856,116
24-RETUR,45.430700,28.059592,117
24-RETUR,45.430555,28.059304,118
24-RETUR,45.430430,28.059035,119
24-RETUR,45.430310,28.058756,120
24-RETUR,45.430478,28.058583,121
24-RETUR,45.430837,28.058253,122
24-RETUR,45.431048,28.058048,123
24-RETUR,45.431151,28.057959,124
24-RETUR,45.431243,28.057898,125
24-RETUR,45.431349,28.057895,126
24-RETUR,45.431471,28.057911,127
24-RETUR,45.431613,28.057943,128
24-RETUR,45.431739,28.057959,129
24-RETUR,45.431820,28.057966,130
24-RETUR,45.431858,28.057891,131
24-RETUR,45.431883,28.057815,132
24-RETUR,45.431929,28.057619,133
24-RETUR,45.431974,28.057430,134
24-RETUR,45.432060,28.057067,135
24-RETUR,45.432157,28.056659,136
24-RETUR,45.432190,28.056519,137
24-RETUR,45.432254,28.056250,138
24-RETUR,45.432272,28.056166,139
24-RETUR,45.432277,28.056141,140
24-RETUR,45.432330,28.055927,141
24-RETUR,45.432418,28.055604,142
24-RETUR,45.432477,28.055493,143
24-RETUR,45.432532,28.055475,144
24-RETUR,45.432843,28.055435,145
24-RETUR,45.432963,28.055416,146
24-RETUR,45.433020,28.055408,147
24-RETUR,45.433138,28.055391,148
24-RETUR,45.433221,28.055379,149
24-RETUR,45.433443,28.055337,150
24-RETUR,45.433621,28.055256,151
24-RETUR,45.433916,28.055294,152
24-RETUR,45.434914,28.055507,153
24-RETUR,45.434964,28.055084,154
24-RETUR,45.434979,28.054884,155
24-RETUR,45.434939,28.054619,156
24-RETUR,45.434883,28.054433,157
24-RETUR,45.434825,28.054310,158
24-RETUR,45.434749,28.054184,159
24-RETUR,45.434698,28.054102,160
24-RETUR,45.434620,28.054000,161
24-RETUR,45.434500,28.054057,162
24-RETUR,45.434402,28.054068,163
24-RETUR,45.434211,28.054051,164
24-RETUR,45.433928,28.054029,165
24-RETUR,45.433761,28.054011,166
24-RETUR,45.433777,28.053709,167
24-RETUR,45.433778,28.053555,168
24-RETUR,45.433770,28.053298,169
24-RETUR,45.433756,28.053134,170
24-RETUR,45.433733,28.052982,171
24-RETUR,45.433705,28.052865,172
24-RETUR,45.433539,28.052346,173
24-RETUR,45.433484,28.052201,174
24-RETUR,45.433442,28.052070,175
24-RETUR,45.433426,28.052022,176
24-RETUR,45.433389,28.051907,177
24-RETUR,45.433309,28.051676,178
24-RETUR,45.433270,28.051554,179
24-RETUR,45.433108,28.051051,180
24-RETUR,45.433081,28.050969,181
24-RETUR,45.432965,28.050469,182
24-RETUR,45.432833,28.049988,183
24-RETUR,45.432746,28.049707,184
24-RETUR,45.432678,28.049504,185
24-RETUR,45.432552,28.049230,186
24-RETUR,45.432372,28.048893,187
24-RETUR,45.432245,28.048684,188
24-RETUR,45.431223,28.046978,189
24-RETUR,45.431186,28.046912,190
24-RETUR,45.431041,28.046640,191
24-RETUR,45.430757,28.046073,192
24-RETUR,45.430575,28.045673,193
24-RETUR,45.430512,28.045513,194
24-RETUR,45.430454,28.045355,195
24-RETUR,45.430408,28.045234,196
24-RETUR,45.430354,28.045067,197
24-RETUR,45.429529,28.042542,198
24-RETUR,45.429344,28.041886,199
24-RETUR,45.429236,28.041434,200
24-RETUR,45.429120,28.040858,201
24-RETUR,45.429082,28.040666,202
24-RETUR,45.429002,28.040194,203
24-RETUR,45.428911,28.039562,204
24-RETUR,45.428848,28.039082,205
24-RETUR,45.428713,28.037895,206
24-RETUR,45.428716,28.037758,207
24-RETUR,45.428738,28.037648,208
24-RETUR,45.428770,28.037521,209
24-RETUR,45.428809,28.037427,210
24-RETUR,45.428888,28.037270,211
24-RETUR,45.428976,28.037148,212
24-RETUR,45.429336,28.037024,213
24-RETUR,45.429421,28.037013,214
24-RETUR,45.429640,28.036994,215
24-RETUR,45.429799,28.036980,216
24-RETUR,45.430129,28.036952,217
24-RETUR,45.431740,28.036798,218
24-RETUR,45.433399,28.036654,219
24-RETUR,45.433654,28.036646,220
24-RETUR,45.433664,28.036254,221
24-RETUR,45.433668,28.036109,222
24-RETUR,45.433702,28.034949,223
24-RETUR,45.433704,28.034804,224
24-RETUR,45.433707,28.034668,225
24-RETUR,45.433714,28.034359,226
24-RETUR,45.433701,28.034236,227
24-RETUR,45.433675,28.034126,228
24-RETUR,45.433646,28.034035,229
24-RETUR,45.433602,28.033937,230
24-RETUR,45.433425,28.033700,231
24-RETUR,45.433333,28.033566,232
24-RETUR,45.433250,28.033457,233
24-RETUR,45.433074,28.033223,234
24-RETUR,45.433011,28.033123,235
24-RETUR,45.432955,28.033021,236
24-RETUR,45.432905,28.032897,237
24-RETUR,45.432871,28.032772,238
24-RETUR,45.432838,28.032630,239
24-RETUR,45.432823,28.032474,240
24-RETUR,45.432816,28.032354,241
24-RETUR,45.432816,28.032220,242
24-RETUR,45.432828,28.031967,243
24-RETUR,45.432846,28.031721,244
24-RETUR,45.432874,28.031495,245
24-RETUR,45.432907,28.031342,246
24-RETUR,45.432954,28.031181,247
24-RETUR,45.433009,28.031045,248
24-RETUR,45.433065,28.030932,249
24-RETUR,45.433134,28.030820,250
24-RETUR,45.433235,28.030687,251
24-RETUR,45.433382,28.030504,252
24-RETUR,45.433576,28.030281,253
24-RETUR,45.433630,28.030206,254
24-RETUR,45.433672,28.030104,255
24-RETUR,45.433721,28.029955,256
24-RETUR,45.433755,28.029823,257
24-RETUR,45.433788,28.029651,258
24-RETUR,45.433800,28.029533,259
24-RETUR,45.433812,28.029380,260
24-RETUR,45.433835,28.028868,261
24-RETUR,45.433853,28.028486,262
24-RETUR,45.433872,28.028125,263
24-RETUR,45.433886,28.027759,264
24-RETUR,45.433899,28.027431,265
24-RETUR,45.433914,28.027036,266
24-RETUR,45.434230,28.027042,267
24-RETUR,45.434521,28.027049,268
24-RETUR,45.434731,28.027066,269
24-RETUR,45.435158,28.027101,270
24-RETUR,45.435772,28.027184,271
24-RETUR,45.435944,28.027202,272
24-RETUR,45.437018,28.027360,273
24-RETUR,45.437284,28.027419,274
24-RETUR,45.437393,28.027443,275
24-RETUR,45.437427,28.027452,276
24-RETUR,45.437510,28.027475,277
24-RETUR,45.437749,28.027533,278
24-RETUR,45.438109,28.027613,279
24-RETUR,45.438218,28.027637,280
24-RETUR,45.438366,28.027674,281
24-RETUR,45.438772,28.027797,282
24-RETUR,45.438842,28.027817,283
24-RETUR,45.439121,28.027892,284
24-RETUR,45.439206,28.027914,285
24-RETUR,45.439667,28.028050,286
24-RETUR,45.439746,28.028074,287
24-RETUR,45.439820,28.028100,288
24-RETUR,45.439868,28.028125,289
24-RETUR,45.439900,28.028138,290
24-RETUR,45.439925,28.028152,291
24-RETUR,45.440031,28.028255,292
24-RETUR,45.440111,28.028343,293
24-RETUR,45.440168,28.028424,294
24-RETUR,45.440220,28.028496,295
24-RETUR,45.440212,28.028588,296
24-RETUR,45.440218,28.028691,297
24-RETUR,45.440245,28.028788,298
24-RETUR,45.440293,28.028877,299
24-RETUR,45.440356,28.028946,300
24-RETUR,45.440429,28.028989,301
24-RETUR,45.440508,28.029003,302
24-RETUR,45.440609,28.028975,303
24-RETUR,45.440623,28.028966,304
24-RETUR,45.440677,28.028923,305
24-RETUR,45.440748,28.028820,306
24-RETUR,45.440832,28.028690,307
24-RETUR,45.440889,28.028626,308
24-RETUR,45.440953,28.028583,309
24-RETUR,45.441100,28.028524,310
24-RETUR,45.441155,28.028536,311
24-RETUR,45.441462,28.028601,312
24-RETUR,45.441533,28.028612,313
24-RETUR,45.441599,28.028621,314
24-RETUR,45.441673,28.028630,315
24-RETUR,45.441710,28.028632,316
24-RETUR,45.442029,28.028633,317
24-RETUR,45.442157,28.028630,318
24-RETUR,45.442203,28.028627,319
24-RETUR,45.442670,28.028614,320
24-RETUR,45.442924,28.028604,321
24-RETUR,45.443010,28.028600,322
24-RETUR,45.443622,28.028570,323
24-RETUR,45.443841,28.028562,324
24-RETUR,45.444119,28.028554,325
24-RETUR,45.444541,28.028536,326
24-RETUR,45.444650,28.028531,327
24-RETUR,45.444701,28.028531,328
24-RETUR,45.444860,28.028521,329
24-RETUR,45.444945,28.028514,330
24-RETUR,45.445026,28.028510,331
24-RETUR,45.445106,28.028505,332
24-RETUR,45.445186,28.028517,333
24-RETUR,45.445252,28.028558,334
24-RETUR,45.445367,28.028630,335
24-RETUR,45.445597,28.028781,336
24-RETUR,45.446006,28.029034,337
24-RETUR,45.446169,28.029138,338
24-RETUR,45.446337,28.029246,339
24-RETUR,45.446510,28.029366,340
24-RETUR,45.446551,28.029394,341
24-RETUR,45.446585,28.029414,342
24-RETUR,45.446770,28.029530,343
24-RETUR,45.446897,28.029611,344
24-RETUR,45.446956,28.029642,345
24-RETUR,45.446997,28.029659,346
24-RETUR,45.447052,28.029666,347
24-RETUR,45.447252,28.029646,348
24-RETUR,45.447456,28.029625,349
24-RETUR,45.448206,28.029555,350
24-RETUR,45.448175,28.028840,351
24-RETUR,45.448129,28.027743,352
24-RETUR,45.448102,28.027108,353
24-RETUR,45.448085,28.026666,354
24-RETUR,45.448083,28.026606,355
24-RETUR,45.448062,28.026113,356
24-RETUR,45.448041,28.025605,357
24-RETUR,45.448039,28.025516,358
24-RETUR,45.448043,28.025348,359
24-RETUR,45.448053,28.025188,360
24-RETUR,45.448065,28.025120,361
24-RETUR,45.448078,28.025051,362
24-RETUR,45.449115,28.025635,363
24-RETUR,45.449514,28.025690,364
24-RETUR,45.449337,28.025770,365
24-RETUR,45.449382,28.025820,366
24-RETUR,45.449444,28.025864,367
24-RETUR,45.449511,28.025886,368
24-RETUR,45.449581,28.025885,369
24-RETUR,45.449648,28.025861,370
24-RETUR,45.449710,28.025816,371
24-RETUR,45.449763,28.025752,372
24-RETUR,45.449804,28.025672,373
24-RETUR,45.449834,28.025567,374
24-RETUR,45.449844,28.025433,375
24-RETUR,45.449953,28.024872,376
24-RETUR,45.449989,28.024674,377
24-RETUR,45.450058,28.024318,378
24-RETUR,45.450145,28.023952,379
24-RETUR,45.450200,28.023832,380
24-RETUR,45.450256,28.023810,381
24-RETUR,45.450309,28.023763,382
24-RETUR,45.450349,28.023695,383
24-RETUR,45.450559,28.023705,384
24-RETUR,45.450998,28.023748,385
24-RETUR,45.451438,28.023808,386
24-RETUR,45.452405,28.023936,387
24-RETUR,45.453306,28.024061,388
24-RETUR,45.454138,28.024189,389
24-RETUR,45.454264,28.024224,390
24-RETUR,45.454515,28.024263,391
24-RETUR,45.454615,28.024280,392
24-RETUR,45.454742,28.024324,393
24-RETUR,45.454763,28.024385,394
24-RETUR,45.454787,28.024421,395
24-RETUR,45.454816,28.024447,396
24-RETUR,45.454848,28.024464,397
24-RETUR,45.454856,28.024506,398
24-RETUR,45.454866,28.024589,399
24-RETUR,45.454882,28.024753,400
24-RETUR,45.454926,28.025373,401
24-RETUR,45.454959,28.025886,402
24-RETUR,45.455004,28.026578,403
24-RETUR,45.455021,28.026840,404
24-RETUR,45.455043,28.027192,405
24-RETUR,45.455082,28.027795,406
24-RETUR,45.455106,28.028163,407
24-RETUR,45.455138,28.028612,408
24-RETUR,45.455146,28.028739,409
24-RETUR,45.455160,28.028984,410
24-RETUR,45.455216,28.029742,411
24-RETUR,45.455227,28.029862,412
24-RETUR,45.455247,28.030114,413
24-RETUR,45.455347,28.031483,414
24-RETUR,45.455380,28.031988,415
24-RETUR,45.455423,28.032692,416
24-RETUR,45.454391,28.032798,417
24-RETUR,45.454265,28.032819,418
24-RETUR,45.454109,28.032845,419
24-RETUR,45.454026,28.032859,420
24-RETUR,45.453962,28.032870,421
24-RETUR,45.453932,28.032874,422
24-RETUR,45.453832,28.032891,423
24-RETUR,45.453787,28.032899,424
24-RETUR,45.453689,28.032915,425
24-RETUR,45.453645,28.032922,426
24-RETUR,45.453518,28.032944,427
24-RETUR,45.453485,28.032295,428
24-RETUR,45.453463,28.031875,429
24-RETUR,45.453328,28.031893,430
24-RETUR,45.453174,28.031907,431
24-RETUR,45.453036,28.031920,432
24-RETUR,45.452890,28.031936,433
24-RETUR,45.452728,28.031949,434
24-RETUR,45.452580,28.031963,435
24-RETUR,45.452444,28.031973,436
24-RETUR,45.452289,28.031991,437
24-RETUR,45.452148,28.032004,438
24-RETUR,45.451996,28.032018,439
24-RETUR,45.451875,28.032028,440
24-RETUR,45.451722,28.032044,441
24-RETUR,45.451652,28.032060,442
24-RETUR,45.451628,28.032072,443
24-RETUR,45.451612,28.032106,444
24-RETUR,45.451628,28.032440,445
24-RETUR,45.451634,28.032548,446
24-RETUR,45.451639,28.032784,447
24-RETUR,45.451658,28.032885,448
24-RETUR,45.451699,28.032978,449
24-RETUR,45.451765,28.033060,450
24-RETUR,45.451806,28.033086,451
24-RETUR,45.451796,28.033312,452
9-TUR,45.427405,28.011733,1
9-TUR,45.427036,28.011639,2
9-TUR,45.427005,28.011796,3
9-TUR,45.426526,28.011581,4
9-TUR,45.426402,28.011561,5
9-TUR,45.426356,28.010966,6
9-TUR,45.426311,28.010348,7
9-TUR,45.426299,28.010076,8
9-TUR,45.426290,28.009874,9
9-TUR,45.426283,28.009717,10
9-TUR,45.426287,28.009648,11
9-TUR,45.426275,28.009580,12
9-TUR,45.426252,28.009528,13
9-TUR,45.426220,28.009488,14
9-TUR,45.426181,28.009463,15
9-TUR,45.426138,28.009455,16
9-TUR,45.426093,28.009466,17
9-TUR,45.426046,28.009504,18
9-TUR,45.426011,28.009566,19
9-TUR,45.425995,28.009642,20
9-TUR,45.425999,28.009721,21
9-TUR,45.426021,28.009787,22
9-TUR,45.426049,28.009829,23
9-TUR,45.426084,28.009858,24
9-TUR,45.426123,28.009873,25
9-TUR,45.426192,28.009965,26
9-TUR,45.426232,28.010041,27
9-TUR,45.426252,28.010097,28
9-TUR,45.426265,28.010139,29
9-TUR,45.426311,28.010348,30
9-TUR,45.426356,28.010966,31
9-TUR,45.426402,28.011561,32
9-TUR,45.426418,28.011757,33
9-TUR,45.426428,28.011879,34
9-TUR,45.426459,28.012225,35
9-TUR,45.426476,28.012420,36
9-TUR,45.426560,28.013363,37
9-TUR,45.426593,28.013728,38
9-TUR,45.426600,28.013814,39
9-TUR,45.426648,28.014345,40
9-TUR,45.426836,28.016451,41
9-TUR,45.426840,28.016496,42
9-TUR,45.426885,28.016999,43
9-TUR,45.426903,28.017199,44
9-TUR,45.426911,28.017291,45
9-TUR,45.427004,28.018320,46
9-TUR,45.427023,28.018531,47
9-TUR,45.427054,28.018876,48
9-TUR,45.427059,28.018928,49
9-TUR,45.427063,28.018974,50
9-TUR,45.427083,28.019202,51
9-TUR,45.427164,28.020113,52
9-TUR,45.427231,28.020873,53
9-TUR,45.427273,28.021356,54
9-TUR,45.427277,28.021402,55
9-TUR,45.427330,28.021996,56
9-TUR,45.427332,28.022024,57
9-TUR,45.427319,28.022198,58
9-TUR,45.427314,28.022266,59
9-TUR,45.427298,28.022295,60
9-TUR,45.427287,28.022330,61
9-TUR,45.427282,28.022366,62
9-TUR,45.427285,28.022414,63
9-TUR,45.427298,28.022459,64
9-TUR,45.427315,28.022490,65
9-TUR,45.427338,28.022514,66
9-TUR,45.427388,28.022744,67
9-TUR,45.427388,28.022769,68
9-TUR,45.427423,28.023277,69
9-TUR,45.427411,28.023508,70
9-TUR,45.427387,28.023614,71
9-TUR,45.427350,28.023718,72
9-TUR,45.427322,28.023776,73
9-TUR,45.427277,28.023872,74
9-TUR,45.427234,28.023897,75
9-TUR,45.427140,28.023983,76
9-TUR,45.427090,28.024060,77
9-TUR,45.427041,28.024163,78
9-TUR,45.427019,28.024248,79
9-TUR,45.427011,28.024279,80
9-TUR,45.427004,28.024469,81
9-TUR,45.427035,28.024643,82
9-TUR,45.427114,28.024798,83
9-TUR,45.427208,28.024913,84
9-TUR,45.427356,28.025170,85
9-TUR,45.427396,28.025267,86
9-TUR,45.427440,28.025382,87
9-TUR,45.427479,28.025536,88
9-TUR,45.427571,28.026576,89
9-TUR,45.427613,28.027036,90
9-TUR,45.427706,28.028100,91
9-TUR,45.427739,28.028467,92
9-TUR,45.427777,28.028884,93
9-TUR,45.427784,28.028954,94
9-TUR,45.427791,28.029033,95
9-TUR,45.427815,28.029298,96
9-TUR,45.427968,28.030961,97
9-TUR,45.427993,28.031182,98
9-TUR,45.428017,28.031455,99
9-TUR,45.428346,28.035314,100
9-TUR,45.428487,28.036910,101
9-TUR,45.428512,28.037151,102
9-TUR,45.428536,28.037375,103
9-TUR,45.428548,28.037512,104
9-TUR,45.428585,28.037940,105
9-TUR,45.428658,28.038709,106
9-TUR,45.428701,28.039097,107
9-TUR,45.428770,28.039599,108
9-TUR,45.428875,28.040306,109
9-TUR,45.428935,28.040712,110
9-TUR,45.428965,28.040878,111
9-TUR,45.429072,28.041473,112
9-TUR,45.429170,28.041927,113
9-TUR,45.429297,28.042392,114
9-TUR,45.429400,28.042735,115
9-TUR,45.429503,28.043055,116
9-TUR,45.430201,28.045163,117
9-TUR,45.430266,28.045340,118
9-TUR,45.430315,28.045468,119
9-TUR,45.430374,28.045619,120
9-TUR,45.430431,28.045744,121
9-TUR,45.430608,28.046139,122
9-TUR,45.430744,28.046429,123
9-TUR,45.431064,28.047029,124
9-TUR,45.431102,28.047097,125
9-TUR,45.431992,28.048595,126
9-TUR,45.432123,28.048825,127
9-TUR,45.432297,28.049132,128
9-TUR,45.432424,28.049378,129
9-TUR,45.432539,28.049628,130
9-TUR,45.432823,28.050366,131
9-TUR,45.432898,28.050555,132
9-TUR,45.433081,28.050969,133
9-TUR,45.433108,28.051051,134
9-TUR,45.433270,28.051554,135
9-TUR,45.433309,28.051676,136
9-TUR,45.433389,28.051907,137
9-TUR,45.433426,28.052022,138
9-TUR,45.433442,28.052070,139
9-TUR,45.433484,28.052201,140
9-TUR,45.433539,28.052346,141
9-TUR,45.433705,28.052865,142
9-TUR,45.433733,28.052982,143
9-TUR,45.433756,28.053134,144
9-TUR,45.433770,28.053298,145
9-TUR,45.433778,28.053555,146
9-TUR,45.433777,28.053709,147
9-TUR,45.433761,28.054011,148
9-TUR,45.433751,28.054116,149
9-TUR,45.433722,28.054312,150
9-TUR,45.433663,28.054776,151
9-TUR,45.433631,28.055045,152
9-TUR,45.433621,28.055256,153
9-TUR,45.433916,28.055294,154
9-TUR,45.434914,28.055507,155
9-TUR,45.435444,28.055629,156
9-TUR,45.435502,28.055643,157
9-TUR,45.435735,28.055695,158
9-TUR,45.435991,28.055768,159
9-TUR,45.436144,28.055809,160
9-TUR,45.436374,28.055878,161
9-TUR,45.436448,28.055899,162
9-TUR,45.436684,28.055965,163
9-TUR,45.437166,28.056089,164
9-TUR,45.437331,28.056130,165
9-TUR,45.437952,28.056246,166
9-TUR,45.438627,28.056374,167
9-TUR,45.438699,28.056386,168
9-TUR,45.438977,28.056433,169
9-TUR,45.439265,28.056456,170
9-TUR,45.439313,28.056454,171
9-TUR,45.439378,28.056450,172
9-TUR,45.439478,28.056445,173
9-TUR,45.439688,28.056431,174
9-TUR,45.439862,28.056410,175
9-TUR,45.440442,28.056361,176
9-TUR,45.440612,28.056344,177
9-TUR,45.440657,28.056339,178
9-TUR,45.440842,28.056310,179
9-TUR,45.440871,28.056304,180
9-TUR,45.441162,28.056238,181
9-TUR,45.441329,28.056185,182
9-TUR,45.441346,28.056180,183
9-TUR,45.441978,28.056013,184
9-TUR,45.442238,28.055934,185
9-TUR,45.442352,28.055911,186
9-TUR,45.442457,28.055889,187
9-TUR,45.442548,28.055865,188
9-TUR,45.442660,28.055837,189
9-TUR,45.442723,28.055819,190
9-TUR,45.442990,28.055737,191
9-TUR,45.443245,28.055646,192
9-TUR,45.443556,28.055549,193
9-TUR,45.443709,28.055560,194
9-TUR,45.443795,28.055601,195
9-TUR,45.443869,28.055662,196
9-TUR,45.443962,28.055776,197
9-TUR,45.443995,28.056271,198
9-TUR,45.444008,28.056431,199
9-TUR,45.444016,28.056563,200
9-TUR,45.444017,28.056574,201
9-TUR,45.443937,28.056605,202
9-TUR,45.443864,28.056646,203
9-TUR,45.443486,28.056862,204
9-TUR,45.443345,28.056954,205
9-TUR,45.443319,28.056971,206
9-TUR,45.443310,28.057048,207
9-TUR,45.443303,28.057106,208
9-TUR,45.443297,28.057236,209
9-TUR,45.443281,28.057675,210
9-TUR,45.443279,28.058034,211
9-TUR,45.443274,28.058600,212
9-TUR,45.443275,28.058675,213
9-TUR,45.443275,28.058803,214
9-TUR,45.443278,28.058945,215
9-TUR,45.443282,28.058976,216
9-TUR,45.443283,28.059014,217
9-TUR,45.443292,28.059105,218
9-TUR,45.443320,28.059206,219
9-TUR,45.443399,28.059401,220
9-TUR,45.443439,28.059479,221
9-TUR,45.443489,28.059576,222
9-TUR,45.443723,28.060042,223
9-TUR,45.443791,28.060144,224
9-TUR,45.443897,28.060199,225
9-TUR,45.444123,28.060070,226
9-TUR,45.444496,28.059945,227
9-RETUR,45.444496,28.059945,1
9-RETUR,45.444774,28.059852,2
9-RETUR,45.444911,28.059805,3
9-RETUR,45.444864,28.059428,4
9-RETUR,45.444767,28.059427,5
9-RETUR,45.444595,28.059385,6
9-RETUR,45.444054,28.059189,7
9-RETUR,45.443756,28.059109,8
9-RETUR,45.443630,28.059096,9
9-RETUR,45.443545,28.059040,10
9-RETUR,45.443410,28.059009,11
9-RETUR,45.443354,28.058991,12
9-RETUR,45.443333,28.058983,13
9-RETUR,45.443311,28.058968,14
9-RETUR,45.443278,28.058945,15
9-RETUR,45.443275,28.058803,16
9-RETUR,45.443275,28.058675,17
9-RETUR,45.443274,28.058600,18
9-RETUR,45.443279,28.058034,19
9-RETUR,45.443281,28.057675,20
9-RETUR,45.443297,28.057236,21
9-RETUR,45.443303,28.057106,22
9-RETUR,45.443310,28.057048,23
9-RETUR,45.443319,28.056971,24
9-RETUR,45.443345,28.056954,25
9-RETUR,45.443486,28.056862,26
9-RETUR,45.443864,28.056646,27
9-RETUR,45.443937,28.056605,28
9-RETUR,45.444017,28.056574,29
9-RETUR,45.444016,28.056563,30
9-RETUR,45.444008,28.056431,31
9-RETUR,45.443995,28.056271,32
9-RETUR,45.443962,28.055776,33
9-RETUR,45.443940,28.055572,34
9-RETUR,45.443922,28.055430,35
9-RETUR,45.443901,28.055201,36
9-RETUR,45.443883,28.054792,37
9-RETUR,45.443811,28.053734,38
9-RETUR,45.443791,28.053419,39
9-RETUR,45.443657,28.051661,40
9-RETUR,45.443561,28.051712,41
9-RETUR,45.443461,28.051752,42
9-RETUR,45.443377,28.051782,43
9-RETUR,45.443250,28.051815,44
9-RETUR,45.443148,28.051837,45
9-RETUR,45.442537,28.051917,46
9-RETUR,45.442208,28.051966,47
9-RETUR,45.441564,28.052055,48
9-RETUR,45.441257,28.052095,49
9-RETUR,45.441225,28.052103,50
9-RETUR,45.440677,28.052179,51
9-RETUR,45.440056,28.052255,52
9-RETUR,45.439955,28.052267,53
9-RETUR,45.439677,28.052304,54
9-RETUR,45.439076,28.052398,55
9-RETUR,45.438663,28.052453,56
9-RETUR,45.438488,28.052474,57
9-RETUR,45.437720,28.052582,58
9-RETUR,45.437170,28.052656,59
9-RETUR,45.437017,28.052679,60
9-RETUR,45.436958,28.052687,61
9-RETUR,45.436823,28.052700,62
9-RETUR,45.436704,28.052715,63
9-RETUR,45.436593,28.052752,64
9-RETUR,45.436437,28.052827,65
9-RETUR,45.436244,28.052950,66
9-RETUR,45.435806,28.053204,67
9-RETUR,45.435677,28.053272,68
9-RETUR,45.435246,28.053502,69
9-RETUR,45.434922,28.053757,70
9-RETUR,45.434783,28.053871,71
9-RETUR,45.434620,28.054000,72
9-RETUR,45.434500,28.054057,73
9-RETUR,45.434402,28.054068,74
9-RETUR,45.434211,28.054051,75
9-RETUR,45.433928,28.054029,76
9-RETUR,45.433761,28.054011,77
9-RETUR,45.433777,28.053709,78
9-RETUR,45.433778,28.053555,79
9-RETUR,45.433770,28.053298,80
9-RETUR,45.433756,28.053134,81
9-RETUR,45.433733,28.052982,82
9-RETUR,45.433705,28.052865,83
9-RETUR,45.433539,28.052346,84
9-RETUR,45.433484,28.052201,85
9-RETUR,45.433442,28.052070,86
9-RETUR,45.433426,28.052022,87
9-RETUR,45.433389,28.051907,88
9-RETUR,45.433309,28.051676,89
9-RETUR,45.433270,28.051554,90
9-RETUR,45.433108,28.051051,91
9-RETUR,45.433081,28.050969,92
9-RETUR,45.432965,28.050469,93
9-RETUR,45.432833,28.049988,94
9-RETUR,45.432746,28.049707,95
9-RETUR,45.432678,28.049504,96
9-RETUR,45.432552,28.049230,97
9-RETUR,45.432372,28.048893,98
9-RETUR,45.432245,28.048684,99
9-RETUR,45.431223,28.046978,100
9-RETUR,45.431186,28.046912,101
9-RETUR,45.431041,28.046640,102
9-RETUR,45.430757,28.046073,103
9-RETUR,45.430575,28.045673,104
9-RETUR,45.430512,28.045513,105
9-RETUR,45.430454,28.045355,106
9-RETUR,45.430408,28.045234,107
9-RETUR,45.430354,28.045067,108
9-RETUR,45.429529,28.042542,109
9-RETUR,45.429344,28.041886,110
9-RETUR,45.429236,28.041434,111
9-RETUR,45.429120,28.040858,112
9-RETUR,45.429082,28.040666,113
9-RETUR,45.429002,28.040194,114
9-RETUR,45.428911,28.039562,115
9-RETUR,45.428848,28.039082,116
9-RETUR,45.428713,28.037895,117
9-RETUR,45.428670,28.037456,118
9-RETUR,45.428658,28.037307,119
9-RETUR,45.428641,28.037125,120
9-RETUR,45.428612,28.036770,121
9-RETUR,45.428556,28.036076,122
9-RETUR,45.428522,28.035563,123
9-RETUR,45.428383,28.033978,124
9-RETUR,45.428336,28.033446,125
9-RETUR,45.428231,28.032193,126
9-RETUR,45.428168,28.031442,127
9-RETUR,45.428145,28.031151,128
9-RETUR,45.428046,28.030009,129
9-RETUR,45.427976,28.029267,130
9-RETUR,45.427952,28.029021,131
9-RETUR,45.427946,28.028954,132
9-RETUR,45.427943,28.028921,133
9-RETUR,45.427868,28.028030,134
9-RETUR,45.427840,28.027738,135
9-RETUR,45.427780,28.027047,136
9-RETUR,45.427715,28.026260,137
9-RETUR,45.427664,28.025655,138
9-RETUR,45.427654,28.025555,139
9-RETUR,45.427646,28.025472,140
9-RETUR,45.427639,28.025337,141
9-RETUR,45.427642,28.025231,142
9-RETUR,45.427653,28.025110,143
9-RETUR,45.427661,28.025029,144
9-RETUR,45.427685,28.024815,145
9-RETUR,45.427724,28.024751,146
9-RETUR,45.427772,28.024627,147
9-RETUR,45.427799,28.024469,148
9-RETUR,45.427794,28.024306,149
9-RETUR,45.427756,28.024152,150
9-RETUR,45.427722,28.024075,151
9-RETUR,45.427578,28.023733,152
9-RETUR,45.427536,28.023623,153
9-RETUR,45.427475,28.023465,154
9-RETUR,45.427423,28.023277,155
9-RETUR,45.427388,28.022769,156
9-RETUR,45.427388,28.022744,157
9-RETUR,45.427437,28.022571,158
9-RETUR,45.427456,28.022506,159
9-RETUR,45.427485,28.022461,160
9-RETUR,45.427497,28.022424,161
9-RETUR,45.427502,28.022383,162
9-RETUR,45.427500,28.022342,163
9-RETUR,45.427489,28.022303,164
9-RETUR,45.427473,28.022270,165
9-RETUR,45.427429,28.022229,166
9-RETUR,45.427332,28.022024,167
9-RETUR,45.427330,28.021996,168
9-RETUR,45.427277,28.021402,169
9-RETUR,45.427273,28.021356,170
9-RETUR,45.427231,28.020873,171
9-RETUR,45.427164,28.020113,172
9-RETUR,45.427083,28.019202,173
9-RETUR,45.427063,28.018974,174
9-RETUR,45.427059,28.018928,175
9-RETUR,45.427054,28.018876,176
9-RETUR,45.427023,28.018531,177
9-RETUR,45.427004,28.018320,178
9-RETUR,45.426911,28.017291,179
9-RETUR,45.426903,28.017199,180
9-RETUR,45.426885,28.016999,181
9-RETUR,45.426840,28.016496,182
9-RETUR,45.426836,28.016451,183
9-RETUR,45.426648,28.014345,184
9-RETUR,45.426600,28.013814,185
9-RETUR,45.426593,28.013728,186
9-RETUR,45.426560,28.013363,187
9-RETUR,45.426476,28.012420,188
9-RETUR,45.426459,28.012225,189
9-RETUR,45.426428,28.011879,190
9-RETUR,45.426418,28.011757,191
9-RETUR,45.426402,28.011561,192
9-RETUR,45.426526,28.011581,193
9-RETUR,45.427005,28.011796,194
9-RETUR,45.427563,28.012058,195
9-RETUR,45.427614,28.011786,196
9-RETUR,45.427420,28.011737,197
9-RETUR,45.427405,28.011733,198
10-TUR,45.413284,28.012454,1
10-TUR,45.413356,28.012207,2
10-TUR,45.413340,28.012178,3
10-TUR,45.413164,28.011852,4
10-TUR,45.413098,28.011750,5
10-TUR,45.412945,28.011925,6
10-TUR,45.412825,28.012091,7
10-TUR,45.412795,28.012146,8
10-TUR,45.412703,28.012370,9
10-TUR,45.412441,28.013007,10
10-TUR,45.412153,28.013687,11
10-TUR,45.412058,28.013900,12
10-TUR,45.412039,28.013936,13
10-TUR,45.412022,28.013968,14
10-TUR,45.411930,28.014102,15
10-TUR,45.411784,28.014256,16
10-TUR,45.411745,28.014302,17
10-TUR,45.411713,28.014359,18
10-TUR,45.411509,28.014541,19
10-TUR,45.411393,28.014632,20
10-TUR,45.411273,28.014702,21
10-TUR,45.410983,28.014807,22
10-TUR,45.410889,28.014825,23
10-TUR,45.410876,28.014826,24
10-TUR,45.410818,28.014838,25
10-TUR,45.410674,28.014865,26
10-TUR,45.410574,28.014886,27
10-TUR,45.410442,28.014914,28
10-TUR,45.410382,28.014922,29
10-TUR,45.410368,28.014916,30
10-TUR,45.410247,28.014916,31
10-TUR,45.410007,28.014907,32
10-TUR,45.409664,28.014908,33
10-TUR,45.409645,28.014882,34
10-TUR,45.409608,28.014853,35
10-TUR,45.409567,28.014840,36
10-TUR,45.409525,28.014845,37
10-TUR,45.409486,28.014867,38
10-TUR,45.409452,28.014904,39
10-TUR,45.409435,28.014935,40
10-TUR,45.409422,28.014971,41
10-TUR,45.409413,28.015033,42
10-TUR,45.409417,28.015096,43
10-TUR,45.409435,28.015155,44
10-TUR,45.409464,28.015203,45
10-TUR,45.409497,28.015232,46
10-TUR,45.409545,28.015465,47
10-TUR,45.409606,28.015759,48
10-TUR,45.409653,28.015972,49
10-TUR,45.409660,28.016154,50
10-TUR,45.409706,28.016755,51
10-TUR,45.409726,28.016898,52
10-TUR,45.409763,28.017031,53
10-TUR,45.409833,28.017254,54
10-TUR,45.409995,28.017605,55
10-TUR,45.410023,28.017652,56
10-TUR,45.410103,28.017818,57
10-TUR,45.410242,28.018092,58
10-TUR,45.410395,28.018385,59
10-TUR,45.410695,28.018967,60
10-TUR,45.410991,28.018664,61
10-TUR,45.411117,28.018535,62
10-TUR,45.411177,28.018474,63
10-TUR,45.411402,28.018244,64
10-TUR,45.411521,28.018122,65
10-TUR,45.411541,28.018101,66
10-TUR,45.411927,28.017707,67
10-TUR,45.412325,28.017300,68
10-TUR,45.412573,28.017047,69
10-TUR,45.412744,28.016871,70
10-TUR,45.412809,28.016804,71
10-TUR,45.413015,28.016594,72
10-TUR,45.413150,28.016456,73
10-TUR,45.413336,28.016813,74
10-TUR,45.413606,28.017325,75
10-TUR,45.413663,28.017423,76
10-TUR,45.413747,28.017578,77
10-TUR,45.413782,28.017646,78
10-TUR,45.414150,28.018333,79
10-TUR,45.414201,28.018430,80
10-TUR,45.414479,28.018985,81
10-TUR,45.414514,28.019051,82
10-TUR,45.414707,28.019440,83
10-TUR,45.414819,28.019662,84
10-TUR,45.414830,28.019685,85
10-TUR,45.414913,28.019854,86
10-TUR,45.415052,28.020132,87
10-TUR,45.415332,28.020706,88
10-TUR,45.415341,28.020725,89
10-TUR,45.415448,28.020929,90
10-TUR,45.415611,28.021249,91
10-TUR,45.415843,28.021709,92
10-TUR,45.415898,28.021816,93
10-TUR,45.416169,28.022328,94
10-TUR,45.416301,28.022590,95
10-TUR,45.416419,28.022817,96
10-TUR,45.416455,28.022886,97
10-TUR,45.416496,28.022967,98
10-TUR,45.416669,28.023292,99
10-TUR,45.416740,28.023360,100
10-TUR,45.416854,28.023396,101
10-TUR,45.416950,28.023382,102
10-TUR,45.417232,28.023276,103
10-TUR,45.417564,28.023118,104
10-TUR,45.417634,28.023083,105
10-TUR,45.417820,28.022969,106
10-TUR,45.417953,28.022872,107
10-TUR,45.418075,28.022772,108
10-TUR,45.418224,28.022631,109
10-TUR,45.418302,28.022557,110
10-TUR,45.418495,28.022358,111
10-TUR,45.418670,28.022162,112
10-TUR,45.419093,28.021728,113
10-TUR,45.419149,28.021670,114
10-TUR,45.419495,28.021332,115
10-TUR,45.419654,28.021168,116
10-TUR,45.419672,28.021150,117
10-TUR,45.419945,28.020864,118
10-TUR,45.420162,28.020637,119
10-TUR,45.420283,28.020502,120
10-TUR,45.420414,28.020371,121
10-TUR,45.420475,28.020374,122
10-TUR,45.420542,28.020377,123
10-TUR,45.420633,28.020394,124
10-TUR,45.420662,28.020408,125
10-TUR,45.420736,28.020445,126
10-TUR,45.420813,28.020488,127
10-TUR,45.420910,28.020575,128
10-TUR,45.420939,28.020638,129
10-TUR,45.421045,28.020829,130
10-TUR,45.421156,28.021020,131
10-TUR,45.421263,28.021181,132
10-TUR,45.421366,28.021315,133
10-TUR,45.421583,28.021515,134
10-TUR,45.421848,28.021716,135
10-TUR,45.422031,28.021822,136
10-TUR,45.422262,28.021913,137
10-TUR,45.422612,28.022020,138
10-TUR,45.423920,28.022422,139
10-TUR,45.424555,28.022613,140
10-TUR,45.424982,28.022749,141
10-TUR,45.425215,28.022823,142
10-TUR,45.425370,28.022879,143
10-TUR,45.425606,28.022962,144
10-TUR,45.425757,28.023023,145
10-TUR,45.425995,28.023159,146
10-TUR,45.426172,28.023294,147
10-TUR,45.426224,28.023329,148
10-TUR,45.426389,28.023455,149
10-TUR,45.426544,28.023587,150
10-TUR,45.426849,28.023833,151
10-TUR,45.426882,28.023909,152
10-TUR,45.426921,28.024000,153
10-TUR,45.426958,28.024094,154
10-TUR,45.427019,28.024248,155
10-TUR,45.427011,28.024279,156
10-TUR,45.427004,28.024469,157
10-TUR,45.427035,28.024643,158
10-TUR,45.427114,28.024798,159
10-TUR,45.427208,28.024913,160
10-TUR,45.427356,28.025170,161
10-TUR,45.427396,28.025267,162
10-TUR,45.427440,28.025382,163
10-TUR,45.427479,28.025536,164
10-TUR,45.427571,28.026576,165
10-TUR,45.427613,28.027036,166
10-TUR,45.427706,28.028100,167
10-TUR,45.427739,28.028467,168
10-TUR,45.427777,28.028884,169
10-TUR,45.427784,28.028954,170
10-TUR,45.427791,28.029033,171
10-TUR,45.427815,28.029298,172
10-TUR,45.427968,28.030961,173
10-TUR,45.427993,28.031182,174
10-TUR,45.427884,28.031197,175
10-TUR,45.427782,28.031216,176
10-TUR,45.427565,28.031251,177
10-TUR,45.427532,28.031258,178
10-TUR,45.427348,28.031302,179
10-TUR,45.427144,28.031357,180
10-TUR,45.427062,28.031408,181
10-TUR,45.426946,28.031513,182
10-TUR,45.426812,28.031736,183
10-TUR,45.426771,28.031811,184
10-TUR,45.426676,28.032012,185
10-TUR,45.426643,28.032071,186
10-TUR,45.426588,28.032174,187
10-TUR,45.426459,28.032411,188
10-TUR,45.426399,28.032503,189
10-TUR,45.426325,28.032596,190
10-TUR,45.426273,28.032635,191
10-TUR,45.426162,28.032691,192
10-TUR,45.425931,28.032807,193
10-TUR,45.425506,28.032940,194
10-TUR,45.425426,28.032969,195
10-TUR,45.425269,28.033025,196
10-TUR,45.424292,28.033309,197
10-TUR,45.423656,28.033489,198
10-TUR,45.423082,28.033666,199
10-TUR,45.422891,28.033784,200
10-TUR,45.422711,28.033721,201
10-TUR,45.422671,28.033762,202
10-TUR,45.422525,28.033907,203
10-TUR,45.422451,28.033981,204
10-TUR,45.422504,28.034175,205
10-TUR,45.422394,28.034355,206
10-TUR,45.422371,28.034411,207
10-TUR,45.422346,28.034471,208
10-TUR,45.422288,28.034658,209
10-TUR,45.422243,28.035123,210
10-TUR,45.422306,28.035465,211
10-TUR,45.422382,28.035678,212
10-TUR,45.422451,28.035868,213
10-TUR,45.422626,28.036177,214
10-TUR,45.422812,28.036443,215
10-TUR,45.422930,28.036547,216
10-TUR,45.423272,28.036896,217
10-TUR,45.423504,28.037186,218
10-TUR,45.423598,28.037304,219
10-TUR,45.423673,28.037417,220
10-TUR,45.423800,28.037607,221
10-TUR,45.423981,28.037911,222
10-TUR,45.424147,28.038224,223
10-TUR,45.424343,28.038606,224
10-TUR,45.424456,28.038751,225
10-TUR,45.424565,28.038864,226
10-TUR,45.424729,28.038997,227
10-TUR,45.424937,28.039079,228
10-TUR,45.424978,28.039080,229
10-TUR,45.425149,28.039169,230
10-TUR,45.425158,28.039207,231
10-TUR,45.425184,28.039244,232
10-TUR,45.425220,28.039265,233
10-TUR,45.425246,28.039260,234
10-TUR,45.425279,28.039251,235
10-TUR,45.425295,28.039235,236
10-TUR,45.425314,28.039200,237
10-TUR,45.425323,28.039161,238
10-TUR,45.425515,28.038882,239
10-TUR,45.425537,28.038865,240
10-TUR,45.425837,28.038561,241
10-TUR,45.425903,28.038505,242
10-TUR,45.426218,28.038261,243
10-TUR,45.426305,28.038204,244
10-TUR,45.426618,28.037989,245
10-TUR,45.426929,28.037831,246
10-TUR,45.427075,28.037775,247
10-TUR,45.427252,28.037740,248
10-TUR,45.427355,28.037717,249
10-TUR,45.427380,28.037712,250
10-TUR,45.427788,28.037634,251
10-TUR,45.428094,28.037572,252
10-TUR,45.428292,28.037640,253
10-TUR,45.428375,28.037691,254
10-TUR,45.428431,28.037745,255
10-TUR,45.428436,28.037751,256
10-TUR,45.428484,28.037806,257
10-TUR,45.428585,28.037940,258
10-TUR,45.428658,28.038709,259
10-TUR,45.428701,28.039097,260
10-TUR,45.428770,28.039599,261
10-TUR,45.428875,28.040306,262
10-TUR,45.428935,28.040712,263
10-TUR,45.428965,28.040878,264
10-TUR,45.429072,28.041473,265
10-TUR,45.429170,28.041927,266
10-TUR,45.429297,28.042392,267
10-TUR,45.429400,28.042735,268
10-TUR,45.429503,28.043055,269
10-TUR,45.430201,28.045163,270
10-TUR,45.430266,28.045340,271
10-TUR,45.430315,28.045468,272
10-TUR,45.430374,28.045619,273
10-TUR,45.430431,28.045744,274
10-TUR,45.430608,28.046139,275
10-TUR,45.430744,28.046429,276
10-TUR,45.431064,28.047029,277
10-TUR,45.431102,28.047097,278
10-TUR,45.431992,28.048595,279
10-TUR,45.432123,28.048825,280
10-TUR,45.432297,28.049132,281
10-TUR,45.432424,28.049378,282
10-TUR,45.432539,28.049628,283
10-TUR,45.432823,28.050366,284
10-TUR,45.432898,28.050555,285
10-TUR,45.433081,28.050969,286
10-TUR,45.433108,28.051051,287
10-TUR,45.433270,28.051554,288
10-TUR,45.433309,28.051676,289
10-TUR,45.433389,28.051907,290
10-TUR,45.433426,28.052022,291
10-TUR,45.433442,28.052070,292
10-TUR,45.433484,28.052201,293
10-TUR,45.433539,28.052346,294
10-TUR,45.433705,28.052865,295
10-TUR,45.433733,28.052982,296
10-TUR,45.433756,28.053134,297
10-TUR,45.433770,28.053298,298
10-TUR,45.433778,28.053555,299
10-TUR,45.433777,28.053709,300
10-TUR,45.433761,28.054011,301
10-TUR,45.433751,28.054116,302
10-TUR,45.433722,28.054312,303
10-TUR,45.433663,28.054776,304
10-TUR,45.433631,28.055045,305
10-TUR,45.433621,28.055256,306
10-TUR,45.433443,28.055337,307
10-TUR,45.433221,28.055379,308
10-TUR,45.433138,28.055391,309
10-TUR,45.433020,28.055408,310
10-TUR,45.432963,28.055416,311
10-TUR,45.432843,28.055435,312
10-TUR,45.432532,28.055475,313
10-TUR,45.432477,28.055493,314
10-TUR,45.432418,28.055604,315
10-TUR,45.432330,28.055927,316
10-TUR,45.432277,28.056141,317
10-TUR,45.432272,28.056166,318
10-TUR,45.432254,28.056250,319
10-TUR,45.432190,28.056519,320
10-TUR,45.432157,28.056659,321
10-TUR,45.432060,28.057067,322
10-TUR,45.431974,28.057430,323
10-TUR,45.431929,28.057619,324
10-TUR,45.431883,28.057815,325
10-TUR,45.431858,28.057891,326
10-TUR,45.431820,28.057966,327
10-TUR,45.431739,28.057959,328
10-TUR,45.431613,28.057943,329
10-TUR,45.431471,28.057911,330
10-TUR,45.431349,28.057895,331
10-TUR,45.431243,28.057898,332
10-TUR,45.431151,28.057959,333
10-TUR,45.431048,28.058048,334
10-TUR,45.430837,28.058253,335
10-TUR,45.430478,28.058583,336
10-TUR,45.430310,28.058756,337
10-TUR,45.430430,28.059035,338
10-TUR,45.430555,28.059304,339
10-TUR,45.430700,28.059592,340
10-TUR,45.430831,28.059856,341
10-TUR,45.431035,28.060254,342
10-TUR,45.431110,28.060401,343
10-TUR,45.431269,28.060719,344
10-TUR,45.431511,28.061239,345
10-TUR,45.431644,28.061492,346
10-TUR,45.431784,28.061764,347
10-TUR,45.431791,28.061775,348
10-TUR,45.431828,28.061848,349
10-TUR,45.431958,28.062102,350
10-TUR,45.432057,28.062288,351
10-TUR,45.432062,28.062297,352
10-TUR,45.432157,28.062457,353
10-TUR,45.432501,28.063048,354
10-TUR,45.432900,28.063751,355
10-TUR,45.432981,28.063893,356
10-TUR,45.433383,28.064604,357
10-TUR,45.433831,28.065406,358
10-TUR,45.433985,28.065673,359
10-TUR,45.434039,28.065774,360
10-TUR,45.434206,28.066057,361
10-TUR,45.434257,28.066148,362
10-TUR,45.434392,28.066380,363
10-TUR,45.434932,28.067324,364
10-TUR,45.435137,28.067683,365
10-TUR,45.435321,28.068004,366
10-TUR,45.435355,28.068064,367
10-TUR,45.435688,28.068660,368
10-TUR,45.435719,28.068715,369
10-TUR,45.435999,28.069208,370
10-TUR,45.436095,28.069378,371
10-TUR,45.436228,28.069206,372
10-TUR,45.436309,28.069102,373
10-TUR,45.436561,28.068703,374
10-TUR,45.437048,28.067959,375
10-TUR,45.437057,28.067945,376
10-TUR,45.437088,28.067893,377
10-TUR,45.437181,28.067742,378
10-TUR,45.437292,28.067564,379
10-TUR,45.437813,28.066726,380
10-TUR,45.439270,28.064438,381
10-TUR,45.439496,28.064094,382
10-TUR,45.439502,28.064107,383
10-TUR,45.440017,28.065243,384
10-TUR,45.440364,28.065924,385
10-TUR,45.440457,28.066110,386
10-TUR,45.440595,28.066384,387
10-TUR,45.440734,28.066630,388
10-TUR,45.440758,28.066682,389
10-TUR,45.440766,28.066698,390
10-TUR,45.440791,28.066747,391
10-TUR,45.440828,28.066820,392
10-TUR,45.440863,28.066900,393
10-TUR,45.440904,28.066998,394
10-TUR,45.440956,28.067141,395
10-TUR,45.441522,28.068745,396
10-TUR,45.441839,28.069557,397
10-TUR,45.442011,28.069937,398
10-TUR,45.442036,28.069994,399
10-TUR,45.442258,28.070461,400
10-TUR,45.442513,28.071070,401
10-TUR,45.443094,28.072344,402
10-TUR,45.443259,28.072663,403
10-TUR,45.443679,28.073342,404
10-TUR,45.443785,28.073512,405
10-TUR,45.443890,28.073663,406
10-TUR,45.443984,28.073788,407
10-TUR,45.444077,28.073905,408
10-TUR,45.444176,28.074028,409
10-TUR,45.444346,28.074206,410
10-TUR,45.444450,28.074327,411
10-TUR,45.444536,28.074448,412
10-TUR,45.444617,28.074584,413
10-TUR,45.444682,28.074717,414
10-TUR,45.444744,28.074860,415
10-TUR,45.445032,28.075454,416
10-TUR,45.445187,28.075771,417
10-TUR,45.445340,28.076082,418
10-TUR,45.445513,28.076466,419
10-TUR,45.445699,28.076870,420
10-TUR,45.445796,28.077085,421
10-TUR,45.445879,28.077278,422
10-TUR,45.445961,28.077478,423
10-TUR,45.446020,28.077630,424
10-TUR,45.446066,28.077764,425
10-TUR,45.446096,28.077876,426
10-TUR,45.446117,28.077983,427
10-TUR,45.446134,28.078087,428
10-TUR,45.446143,28.078194,429
10-TUR,45.446145,28.078312,430
10-TUR,45.446143,28.078480,431
10-TUR,45.446125,28.078898,432
10-TUR,45.446114,28.079106,433
10-TUR,45.446100,28.079285,434
10-TUR,45.446080,28.079449,435
10-TUR,45.446050,28.079625,436
10-TUR,45.446009,28.079764,437
10-TUR,45.445952,28.079894,438
10-TUR,45.445874,28.080039,439
10-TUR,45.445774,28.080197,440
10-TUR,45.445693,28.080304,441
10-TUR,45.445583,28.080429,442
10-TUR,45.445431,28.080601,443
10-TUR,45.445120,28.080902,444
10-TUR,45.444551,28.081500,445
10-TUR,45.444465,28.081583,446
10-TUR,45.444110,28.081928,447
10-TUR,45.443985,28.082050,448
10-TUR,45.443938,28.082120,449
10-TUR,45.443908,28.082197,450
10-TUR,45.443894,28.082276,451
10-TUR,45.443885,28.082358,452
10-TUR,45.443886,28.082446,453
10-TUR,45.443888,28.082489,454
10-TUR,45.443958,28.082820,455
10-TUR,45.443993,28.082953,456
10-RETUR,45.443993,28.082953,1
10-RETUR,45.443958,28.082820,2
10-RETUR,45.443888,28.082489,3
10-RETUR,45.443886,28.082446,4
10-RETUR,45.443885,28.082358,5
10-RETUR,45.443894,28.082276,6
10-RETUR,45.443908,28.082197,7
10-RETUR,45.443938,28.082120,8
10-RETUR,45.443985,28.082050,9
10-RETUR,45.444110,28.081928,10
10-RETUR,45.444465,28.081583,11
10-RETUR,45.444551,28.081500,12
10-RETUR,45.445120,28.080902,13
10-RETUR,45.445431,28.080601,14
10-RETUR,45.445583,28.080429,15
10-RETUR,45.445693,28.080304,16
10-RETUR,45.445774,28.080197,17
10-RETUR,45.445874,28.080039,18
10-RETUR,45.445952,28.079894,19
10-RETUR,45.446009,28.079764,20
10-RETUR,45.446050,28.079625,21
10-RETUR,45.446080,28.079449,22
10-RETUR,45.446100,28.079285,23
10-RETUR,45.446114,28.079106,24
10-RETUR,45.446125,28.078898,25
10-RETUR,45.446143,28.078480,26
10-RETUR,45.446145,28.078312,27
10-RETUR,45.446143,28.078194,28
10-RETUR,45.446134,28.078087,29
10-RETUR,45.446117,28.077983,30
10-RETUR,45.446096,28.077876,31
10-RETUR,45.446066,28.077764,32
10-RETUR,45.446020,28.077630,33
10-RETUR,45.445961,28.077478,34
10-RETUR,45.445879,28.077278,35
10-RETUR,45.445796,28.077085,36
10-RETUR,45.445699,28.076870,37
10-RETUR,45.445513,28.076466,38
10-RETUR,45.445340,28.076082,39
10-RETUR,45.445187,28.075771,40
10-RETUR,45.445032,28.075454,41
10-RETUR,45.444744,28.074860,42
10-RETUR,45.444682,28.074717,43
10-RETUR,45.444617,28.074584,44
10-RETUR,45.444536,28.074448,45
10-RETUR,45.444450,28.074327,46
10-RETUR,45.444346,28.074206,47
10-RETUR,45.444176,28.074028,48
10-RETUR,45.444077,28.073905,49
10-RETUR,45.443984,28.073788,50
10-RETUR,45.443890,28.073663,51
10-RETUR,45.443785,28.073512,52
10-RETUR,45.443679,28.073342,53
10-RETUR,45.443259,28.072663,54
10-RETUR,45.443094,28.072344,55
10-RETUR,45.442513,28.071070,56
10-RETUR,45.442258,28.070461,57
10-RETUR,45.442036,28.069994,58
10-RETUR,45.442011,28.069937,59
10-RETUR,45.441839,28.069557,60
10-RETUR,45.441522,28.068745,61
10-RETUR,45.440956,28.067141,62
10-RETUR,45.440904,28.066998,63
10-RETUR,45.440863,28.066900,64
10-RETUR,45.440828,28.066820,65
10-RETUR,45.440791,28.066747,66
10-RETUR,45.440766,28.066698,67
10-RETUR,45.440758,28.066682,68
10-RETUR,45.440734,28.066630,69
10-RETUR,45.440595,28.066384,70
10-RETUR,45.440457,28.066110,71
10-RETUR,45.440364,28.065924,72
10-RETUR,45.440017,28.065243,73
10-RETUR,45.439502,28.064107,74
10-RETUR,45.439496,28.064094,75
10-RETUR,45.439270,28.064438,76
10-RETUR,45.437813,28.066726,77
10-RETUR,45.437292,28.067564,78
10-RETUR,45.437181,28.067742,79
10-RETUR,45.437088,28.067893,80
10-RETUR,45.437057,28.067945,81
10-RETUR,45.437048,28.067959,82
10-RETUR,45.436561,28.068703,83
10-RETUR,45.436309,28.069102,84
10-RETUR,45.436228,28.069206,85
10-RETUR,45.436095,28.069378,86
10-RETUR,45.435999,28.069208,87
10-RETUR,45.435719,28.068715,88
10-RETUR,45.435688,28.068660,89
10-RETUR,45.435355,28.068064,90
10-RETUR,45.435321,28.068004,91
10-RETUR,45.435137,28.067683,92
10-RETUR,45.434932,28.067324,93
10-RETUR,45.434392,28.066380,94
10-RETUR,45.434257,28.066148,95
10-RETUR,45.434206,28.066057,96
10-RETUR,45.434039,28.065774,97
10-RETUR,45.433985,28.065673,98
10-RETUR,45.433831,28.065406,99
10-RETUR,45.433383,28.064604,100
10-RETUR,45.432981,28.063893,101
10-RETUR,45.432900,28.063751,102
10-RETUR,45.432501,28.063048,103
10-RETUR,45.432157,28.062457,104
10-RETUR,45.432062,28.062297,105
10-RETUR,45.432057,28.062288,106
10-RETUR,45.431958,28.062102,107
10-RETUR,45.431828,28.061848,108
10-RETUR,45.431791,28.061775,109
10-RETUR,45.431784,28.061764,110
10-RETUR,45.431644,28.061492,111
10-RETUR,45.431511,28.061239,112
10-RETUR,45.431269,28.060719,113
10-RETUR,45.431110,28.060401,114
10-RETUR,45.431035,28.060254,115
10-RETUR,45.430831,28.059856,116
10-RETUR,45.430700,28.059592,117
10-RETUR,45.430555,28.059304,118
10-RETUR,45.430430,28.059035,119
10-RETUR,45.430310,28.058756,120
10-RETUR,45.430478,28.058583,121
10-RETUR,45.430837,28.058253,122
10-RETUR,45.431048,28.058048,123
10-RETUR,45.431151,28.057959,124
10-RETUR,45.431243,28.057898,125
10-RETUR,45.431349,28.057895,126
10-RETUR,45.431471,28.057911,127
10-RETUR,45.431613,28.057943,128
10-RETUR,45.431739,28.057959,129
10-RETUR,45.431820,28.057966,130
10-RETUR,45.431858,28.057891,131
10-RETUR,45.431883,28.057815,132
10-RETUR,45.431929,28.057619,133
10-RETUR,45.431974,28.057430,134
10-RETUR,45.432060,28.057067,135
10-RETUR,45.432157,28.056659,136
10-RETUR,45.432190,28.056519,137
10-RETUR,45.432254,28.056250,138
10-RETUR,45.432272,28.056166,139
10-RETUR,45.432277,28.056141,140
10-RETUR,45.432330,28.055927,141
10-RETUR,45.432418,28.055604,142
10-RETUR,45.432477,28.055493,143
10-RETUR,45.432532,28.055475,144
10-RETUR,45.432843,28.055435,145
10-RETUR,45.432963,28.055416,146
10-RETUR,45.433020,28.055408,147
10-RETUR,45.433138,28.055391,148
10-RETUR,45.433221,28.055379,149
10-RETUR,45.433443,28.055337,150
10-RETUR,45.433621,28.055256,151
10-RETUR,45.433916,28.055294,152
10-RETUR,45.434914,28.055507,153
10-RETUR,45.434964,28.055084,154
10-RETUR,45.434979,28.054884,155
10-RETUR,45.434939,28.054619,156
10-RETUR,45.434883,28.054433,157
10-RETUR,45.434825,28.054310,158
10-RETUR,45.434749,28.054184,159
10-RETUR,45.434698,28.054102,160
10-RETUR,45.434620,28.054000,161
10-RETUR,45.434500,28.054057,162
10-RETUR,45.434402,28.054068,163
10-RETUR,45.434211,28.054051,164
10-RETUR,45.433928,28.054029,165
10-RETUR,45.433761,28.054011,166
10-RETUR,45.433777,28.053709,167
10-RETUR,45.433778,28.053555,168
10-RETUR,45.433770,28.053298,169
10-RETUR,45.433756,28.053134,170
10-RETUR,45.433733,28.052982,171
10-RETUR,45.433705,28.052865,172
10-RETUR,45.433539,28.052346,173
10-RETUR,45.433484,28.052201,174
10-RETUR,45.433442,28.052070,175
10-RETUR,45.433426,28.052022,176
10-RETUR,45.433389,28.051907,177
10-RETUR,45.433309,28.051676,178
10-RETUR,45.433270,28.051554,179
10-RETUR,45.433108,28.051051,180
10-RETUR,45.433081,28.050969,181
10-RETUR,45.432965,28.050469,182
10-RETUR,45.432833,28.049988,183
10-RETUR,45.432746,28.049707,184
10-RETUR,45.432678,28.049504,185
10-RETUR,45.432552,28.049230,186
10-RETUR,45.432372,28.048893,187
10-RETUR,45.432245,28.048684,188
10-RETUR,45.431223,28.046978,189
10-RETUR,45.431186,28.046912,190
10-RETUR,45.431041,28.046640,191
10-RETUR,45.430757,28.046073,192
10-RETUR,45.430575,28.045673,193
10-RETUR,45.430512,28.045513,194
10-RETUR,45.430454,28.045355,195
10-RETUR,45.430408,28.045234,196
10-RETUR,45.430354,28.045067,197
10-RETUR,45.429529,28.042542,198
10-RETUR,45.429344,28.041886,199
10-RETUR,45.429236,28.041434,200
10-RETUR,45.429120,28.040858,201
10-RETUR,45.429082,28.040666,202
10-RETUR,45.429002,28.040194,203
10-RETUR,45.428911,28.039562,204
10-RETUR,45.428848,28.039082,205
10-RETUR,45.428713,28.037895,206
10-RETUR,45.428670,28.037456,207
10-RETUR,45.428658,28.037307,208
10-RETUR,45.428536,28.037375,209
10-RETUR,45.428449,28.037418,210
10-RETUR,45.428094,28.037572,211
10-RETUR,45.427788,28.037634,212
10-RETUR,45.427380,28.037712,213
10-RETUR,45.427355,28.037717,214
10-RETUR,45.427252,28.037740,215
10-RETUR,45.427075,28.037775,216
10-RETUR,45.426929,28.037831,217
10-RETUR,45.426618,28.037989,218
10-RETUR,45.426305,28.038204,219
10-RETUR,45.426218,28.038261,220
10-RETUR,45.425903,28.038505,221
10-RETUR,45.425837,28.038561,222
10-RETUR,45.425537,28.038865,223
10-RETUR,45.425515,28.038882,224
10-RETUR,45.425251,28.039016,225
10-RETUR,45.425208,28.039020,226
10-RETUR,45.425170,28.039055,227
10-RETUR,45.424978,28.039080,228
10-RETUR,45.424937,28.039079,229
10-RETUR,45.424729,28.038997,230
10-RETUR,45.424565,28.038864,231
10-RETUR,45.424456,28.038751,232
10-RETUR,45.424343,28.038606,233
10-RETUR,45.424147,28.038224,234
10-RETUR,45.423981,28.037911,235
10-RETUR,45.423800,28.037607,236
10-RETUR,45.423673,28.037417,237
10-RETUR,45.423598,28.037304,238
10-RETUR,45.423504,28.037186,239
10-RETUR,45.423272,28.036896,240
10-RETUR,45.422930,28.036547,241
10-RETUR,45.422812,28.036443,242
10-RETUR,45.422626,28.036177,243
10-RETUR,45.422451,28.035868,244
10-RETUR,45.422382,28.035678,245
10-RETUR,45.422306,28.035465,246
10-RETUR,45.422243,28.035123,247
10-RETUR,45.422288,28.034658,248
10-RETUR,45.422346,28.034471,249
10-RETUR,45.422371,28.034411,250
10-RETUR,45.422394,28.034355,251
10-RETUR,45.422504,28.034175,252
10-RETUR,45.422549,28.034101,253
10-RETUR,45.422588,28.034035,254
10-RETUR,45.422804,28.033848,255
10-RETUR,45.422891,28.033784,256
10-RETUR,45.423082,28.033666,257
10-RETUR,45.423656,28.033489,258
10-RETUR,45.424292,28.033309,259
10-RETUR,45.425269,28.033025,260
10-RETUR,45.425426,28.032969,261
10-RETUR,45.425506,28.032940,262
10-RETUR,45.425931,28.032807,263
10-RETUR,45.426162,28.032691,264
10-RETUR,45.426273,28.032635,265
10-RETUR,45.426325,28.032596,266
10-RETUR,45.426399,28.032503,267
10-RETUR,45.426459,28.032411,268
10-RETUR,45.426588,28.032174,269
10-RETUR,45.426643,28.032071,270
10-RETUR,45.426676,28.032012,271
10-RETUR,45.426771,28.031811,272
10-RETUR,45.426812,28.031736,273
10-RETUR,45.426946,28.031513,274
10-RETUR,45.427062,28.031408,275
10-RETUR,45.427144,28.031357,276
10-RETUR,45.427348,28.031302,277
10-RETUR,45.427532,28.031258,278
10-RETUR,45.427565,28.031251,279
10-RETUR,45.427782,28.031216,280
10-RETUR,45.427884,28.031197,281
10-RETUR,45.427993,28.031182,282
10-RETUR,45.428145,28.031151,283
10-RETUR,45.428046,28.030009,284
10-RETUR,45.427976,28.029267,285
10-RETUR,45.427952,28.029021,286
10-RETUR,45.427946,28.028954,287
10-RETUR,45.427943,28.028921,288
10-RETUR,45.427868,28.028030,289
10-RETUR,45.427840,28.027738,290
10-RETUR,45.427780,28.027047,291
10-RETUR,45.427715,28.026260,292
10-RETUR,45.427664,28.025655,293
10-RETUR,45.427654,28.025555,294
10-RETUR,45.427646,28.025472,295
10-RETUR,45.427639,28.025337,296
10-RETUR,45.427642,28.025231,297
10-RETUR,45.427653,28.025110,298
10-RETUR,45.427661,28.025029,299
10-RETUR,45.427685,28.024815,300
10-RETUR,45.427724,28.024751,301
10-RETUR,45.427772,28.024627,302
10-RETUR,45.427799,28.024469,303
10-RETUR,45.427794,28.024306,304
10-RETUR,45.427756,28.024152,305
10-RETUR,45.427722,28.024075,306
10-RETUR,45.427639,28.023960,307
10-RETUR,45.427581,28.023909,308
10-RETUR,45.427511,28.023870,309
10-RETUR,45.427435,28.023853,310
10-RETUR,45.427361,28.023851,311
10-RETUR,45.427277,28.023872,312
10-RETUR,45.427234,28.023897,313
10-RETUR,45.427116,28.023921,314
10-RETUR,45.427003,28.023909,315
10-RETUR,45.426908,28.023862,316
10-RETUR,45.426849,28.023833,317
10-RETUR,45.426544,28.023587,318
10-RETUR,45.426389,28.023455,319
10-RETUR,45.426224,28.023329,320
10-RETUR,45.426172,28.023294,321
10-RETUR,45.425995,28.023159,322
10-RETUR,45.425757,28.023023,323
10-RETUR,45.425606,28.022962,324
10-RETUR,45.425370,28.022879,325
10-RETUR,45.425215,28.022823,326
10-RETUR,45.424982,28.022749,327
10-RETUR,45.424555,28.022613,328
10-RETUR,45.423920,28.022422,329
10-RETUR,45.422612,28.022020,330
10-RETUR,45.422262,28.021913,331
10-RETUR,45.422031,28.021822,332
10-RETUR,45.421848,28.021716,333
10-RETUR,45.421583,28.021515,334
10-RETUR,45.421366,28.021315,335
10-RETUR,45.421263,28.021181,336
10-RETUR,45.421156,28.021020,337
10-RETUR,45.421045,28.020829,338
10-RETUR,45.420939,28.020638,339
10-RETUR,45.420910,28.020575,340
10-RETUR,45.420750,28.020252,341
10-RETUR,45.420744,28.020239,342
10-RETUR,45.420699,28.020155,343
10-RETUR,45.420676,28.020108,344
10-RETUR,45.420576,28.020207,345
10-RETUR,45.420414,28.020371,346
10-RETUR,45.420283,28.020502,347
10-RETUR,45.420162,28.020637,348
10-RETUR,45.419945,28.020864,349
10-RETUR,45.419672,28.021150,350
10-RETUR,45.419654,28.021168,351
10-RETUR,45.419495,28.021332,352
10-RETUR,45.419149,28.021670,353
10-RETUR,45.419093,28.021728,354
10-RETUR,45.418670,28.022162,355
10-RETUR,45.418495,28.022358,356
10-RETUR,45.418302,28.022557,357
10-RETUR,45.418224,28.022631,358
10-RETUR,45.418075,28.022772,359
10-RETUR,45.417953,28.022872,360
10-RETUR,45.417820,28.022969,361
10-RETUR,45.417634,28.023083,362
10-RETUR,45.417564,28.023118,363
10-RETUR,45.417232,28.023276,364
10-RETUR,45.416950,28.023382,365
10-RETUR,45.416854,28.023396,366
10-RETUR,45.416740,28.023360,367
10-RETUR,45.416669,28.023292,368
10-RETUR,45.416496,28.022967,369
10-RETUR,45.416455,28.022886,370
10-RETUR,45.416419,28.022817,371
10-RETUR,45.416301,28.022590,372
10-RETUR,45.416169,28.022328,373
10-RETUR,45.415898,28.021816,374
10-RETUR,45.415843,28.021709,375
10-RETUR,45.415611,28.021249,376
10-RETUR,45.415448,28.020929,377
10-RETUR,45.415341,28.020725,378
10-RETUR,45.415332,28.020706,379
10-RETUR,45.415052,28.020132,380
10-RETUR,45.414913,28.019854,381
10-RETUR,45.414830,28.019685,382
10-RETUR,45.414819,28.019662,383
10-RETUR,45.414707,28.019440,384
10-RETUR,45.414514,28.019051,385
10-RETUR,45.414479,28.018985,386
10-RETUR,45.414201,28.018430,387
10-RETUR,45.414150,28.018333,388
10-RETUR,45.413782,28.017646,389
10-RETUR,45.413747,28.017578,390
10-RETUR,45.413663,28.017423,391
10-RETUR,45.413606,28.017325,392
10-RETUR,45.413336,28.016813,393
10-RETUR,45.413150,28.016456,394
10-RETUR,45.413136,28.016403,395
10-RETUR,45.413127,28.016368,396
10-RETUR,45.413108,28.016288,397
10-RETUR,45.413097,28.016251,398
10-RETUR,45.412627,28.015328,399
10-RETUR,45.412435,28.014951,400
10-RETUR,45.412358,28.014795,401
10-RETUR,45.412284,28.014666,402
10-RETUR,45.412227,28.014579,403
10-RETUR,45.412184,28.014515,404
10-RETUR,45.412146,28.014452,405
10-RETUR,45.412127,28.014399,406
10-RETUR,45.412100,28.014334,407
10-RETUR,45.412112,28.014197,408
10-RETUR,45.412138,28.014093,409
10-RETUR,45.412167,28.013994,410
10-RETUR,45.412237,28.013792,411
10-RETUR,45.412794,28.012453,412
10-RETUR,45.412894,28.012211,413
10-RETUR,45.413073,28.012523,414
10-RETUR,45.413132,28.012625,415
10-RETUR,45.413199,28.012731,416
10-RETUR,45.413284,28.012454,417
31-TUR,45.413284,28.012454,1
31-TUR,45.413199,28.012731,2
31-TUR,45.413284,28.012454,3
31-TUR,45.413356,28.012207,4
31-TUR,45.413340,28.012178,5
31-TUR,45.413164,28.011852,6
31-TUR,45.413287,28.011721,7
31-TUR,45.413696,28.011287,8
31-TUR,45.414078,28.010910,9
31-TUR,45.414657,28.010328,10
31-TUR,45.415222,28.009758,11
31-TUR,45.415329,28.009651,12
31-TUR,45.415261,28.009517,13
31-TUR,45.414998,28.008979,14
31-TUR,45.414897,28.008775,15
31-TUR,45.414426,28.007828,16
31-TUR,45.414336,28.007647,17
31-TUR,45.414175,28.007315,18
31-TUR,45.414162,28.007285,19
31-TUR,45.413996,28.006963,20
31-TUR,45.413897,28.006763,21
31-TUR,45.413699,28.006362,22
31-TUR,45.413637,28.006156,23
31-TUR,45.413614,28.006082,24
31-TUR,45.413629,28.006002,25
31-TUR,45.413617,28.005930,26
31-TUR,45.413584,28.005874,27
31-TUR,45.413537,28.005842,28
31-TUR,45.413500,28.005840,29
31-TUR,45.413352,28.005628,30
31-TUR,45.413224,28.005384,31
31-TUR,45.413108,28.005169,32
31-TUR,45.412969,28.004879,33
31-TUR,45.412722,28.004407,34
31-TUR,45.412531,28.004116,35
31-TUR,45.412335,28.003861,36
31-TUR,45.412138,28.003643,37
31-TUR,45.411052,28.002748,38
31-TUR,45.411004,28.002708,39
31-TUR,45.410765,28.002509,40
31-TUR,45.410730,28.002479,41
31-TUR,45.410485,28.002267,42
31-TUR,45.410107,28.001950,43
31-TUR,45.409909,28.001790,44
31-TUR,45.409787,28.001689,45
31-TUR,45.409669,28.001590,46
31-TUR,45.409595,28.001529,47
31-TUR,45.409476,28.001425,48
31-TUR,45.409411,28.001369,49
31-TUR,45.409255,28.001221,50
31-TUR,45.409101,28.001037,51
31-TUR,45.409019,28.000915,52
31-TUR,45.408960,28.000811,53
31-TUR,45.408841,28.000566,54
31-TUR,45.408734,28.000290,55
31-TUR,45.408659,28.000035,56
31-TUR,45.408602,27.999730,57
31-TUR,45.408578,27.999520,58
31-TUR,45.408560,27.999442,59
31-TUR,45.408541,27.999361,60
31-TUR,45.408546,27.999323,61
31-TUR,45.408546,27.999285,62
31-TUR,45.408539,27.999248,63
31-TUR,45.408521,27.999204,64
31-TUR,45.408494,27.999170,65
31-TUR,45.408462,27.999149,66
31-TUR,45.408426,27.999144,67
31-TUR,45.408391,27.999154,68
31-TUR,45.408368,27.999171,69
31-TUR,45.408243,27.999176,70
31-TUR,45.408191,27.999168,71
31-TUR,45.408147,27.999160,72
31-TUR,45.408100,27.999134,73
31-TUR,45.408045,27.999092,74
31-TUR,45.408009,27.999012,75
31-TUR,45.407987,27.998925,76
31-TUR,45.407982,27.998838,77
31-TUR,45.407978,27.998732,78
31-TUR,45.407983,27.998636,79
31-TUR,45.407993,27.998547,80
31-TUR,45.408011,27.998444,81
31-TUR,45.408014,27.998431,82
31-TUR,45.408034,27.998346,83
31-TUR,45.408060,27.998235,84
31-TUR,45.408071,27.998188,85
31-TUR,45.408096,27.998087,86
31-TUR,45.408097,27.998080,87
31-TUR,45.408123,27.997974,88
31-TUR,45.408138,27.997886,89
31-TUR,45.408145,27.997819,90
31-TUR,45.408146,27.997760,91
31-TUR,45.408143,27.997687,92
31-TUR,45.408126,27.997518,93
31-TUR,45.408107,27.997369,94
31-TUR,45.408062,27.997068,95
31-TUR,45.408043,27.996957,96
31-TUR,45.408020,27.996853,97
31-TUR,45.407996,27.996753,98
31-TUR,45.407967,27.996658,99
31-TUR,45.407934,27.996569,100
31-TUR,45.407895,27.996485,101
31-TUR,45.407855,27.996410,102
31-TUR,45.407809,27.996334,103
31-TUR,45.407747,27.996232,104
31-TUR,45.407658,27.996097,105
31-TUR,45.407553,27.995935,106
31-TUR,45.407427,27.995750,107
31-TUR,45.407302,27.995576,108
31-TUR,45.407087,27.995262,109
31-TUR,45.406727,27.994667,110
31-TUR,45.406024,27.993614,111
31-TUR,45.405268,27.992480,112
31-TUR,45.405237,27.992432,113
31-TUR,45.405231,27.992422,114
31-TUR,45.404551,27.991367,115
31-TUR,45.404269,27.991030,116
31-TUR,45.403864,27.990668,117
31-TUR,45.402087,27.989223,118
31-TUR,45.401881,27.989032,119
31-TUR,45.401916,27.988935,120
31-TUR,45.401933,27.988861,121
31-TUR,45.401936,27.988799,122
31-TUR,45.401932,27.988735,123
31-TUR,45.401916,27.988675,124
31-TUR,45.401891,27.988622,125
31-TUR,45.401876,27.988604,126
31-TUR,45.401860,27.988586,127
31-TUR,45.401820,27.988561,128
31-TUR,45.401778,27.988550,129
31-TUR,45.401744,27.988551,130
31-TUR,45.401716,27.988563,131
31-TUR,45.401689,27.988581,132
31-TUR,45.401663,27.988612,133
31-TUR,45.401639,27.988644,134
31-TUR,45.401596,27.988729,135
31-TUR,45.401573,27.988778,136
31-TUR,45.401249,27.988509,137
31-TUR,45.399538,27.987082,138
31-TUR,45.398973,27.986628,139
31-TUR,45.398258,27.986095,140
31-TUR,45.397821,27.985806,141
31-TUR,45.397934,27.985688,142
31-RETUR,45.397934,27.985688,1
31-RETUR,45.397821,27.985806,2
31-RETUR,45.398258,27.986095,3
31-RETUR,45.398973,27.986628,4
31-RETUR,45.399538,27.987082,5
31-RETUR,45.401249,27.988509,6
31-RETUR,45.401573,27.988778,7
31-RETUR,45.401835,27.988993,8
31-RETUR,45.401881,27.989032,9
31-RETUR,45.402087,27.989223,10
31-RETUR,45.403864,27.990668,11
31-RETUR,45.404269,27.991030,12
31-RETUR,45.404551,27.991367,13
31-RETUR,45.405231,27.992422,14
31-RETUR,45.405237,27.992432,15
31-RETUR,45.405268,27.992480,16
31-RETUR,45.406024,27.993614,17
31-RETUR,45.406727,27.994667,18
31-RETUR,45.407087,27.995262,19
31-RETUR,45.407302,27.995576,20
31-RETUR,45.407427,27.995750,21
31-RETUR,45.407553,27.995935,22
31-RETUR,45.407658,27.996097,23
31-RETUR,45.407747,27.996232,24
31-RETUR,45.407809,27.996334,25
31-RETUR,45.407855,27.996410,26
31-RETUR,45.407895,27.996485,27
31-RETUR,45.407934,27.996569,28
31-RETUR,45.407967,27.996658,29
31-RETUR,45.407996,27.996753,30
31-RETUR,45.408020,27.996853,31
31-RETUR,45.408043,27.996957,32
31-RETUR,45.408062,27.997068,33
31-RETUR,45.408107,27.997369,34
31-RETUR,45.408126,27.997518,35
31-RETUR,45.408143,27.997687,36
31-RETUR,45.408146,27.997760,37
31-RETUR,45.408145,27.997819,38
31-RETUR,45.408138,27.997886,39
31-RETUR,45.408123,27.997974,40
31-RETUR,45.408097,27.998080,41
31-RETUR,45.408096,27.998087,42
31-RETUR,45.408071,27.998188,43
31-RETUR,45.408060,27.998235,44
31-RETUR,45.408034,27.998346,45
31-RETUR,45.408014,27.998431,46
31-RETUR,45.408011,27.998444,47
31-RETUR,45.407993,27.998547,48
31-RETUR,45.407983,27.998636,49
31-RETUR,45.407978,27.998732,50
31-RETUR,45.407982,27.998838,51
31-RETUR,45.407987,27.998925,52
31-RETUR,45.408009,27.999012,53
31-RETUR,45.408045,27.999092,54
31-RETUR,45.408112,27.999191,55
31-RETUR,45.408153,27.999242,56
31-RETUR,45.408230,27.999332,57
31-RETUR,45.408322,27.999406,58
31-RETUR,45.408364,27.999440,59
31-RETUR,45.408397,27.999464,60
31-RETUR,45.408422,27.999471,61
31-RETUR,45.408476,27.999569,62
31-RETUR,45.408512,27.999657,63
31-RETUR,45.408537,27.999755,64
31-RETUR,45.408595,28.000066,65
31-RETUR,45.408673,28.000332,66
31-RETUR,45.408784,28.000616,67
31-RETUR,45.408906,28.000869,68
31-RETUR,45.408969,28.000978,69
31-RETUR,45.409052,28.001103,70
31-RETUR,45.409212,28.001303,71
31-RETUR,45.409373,28.001456,72
31-RETUR,45.409558,28.001617,73
31-RETUR,45.409873,28.001879,74
31-RETUR,45.410071,28.002039,75
31-RETUR,45.410449,28.002355,76
31-RETUR,45.410693,28.002567,77
31-RETUR,45.412051,28.003723,78
31-RETUR,45.412281,28.003956,79
31-RETUR,45.412469,28.004199,80
31-RETUR,45.412656,28.004485,81
31-RETUR,45.412900,28.004950,82
31-RETUR,45.413027,28.005205,83
31-RETUR,45.413155,28.005456,84
31-RETUR,45.413281,28.005694,85
31-RETUR,45.413370,28.005899,86
31-RETUR,45.413399,28.005974,87
31-RETUR,45.413398,28.006016,88
31-RETUR,45.413407,28.006070,89
31-RETUR,45.413428,28.006116,90
31-RETUR,45.413459,28.006149,91
31-RETUR,45.413496,28.006166,92
31-RETUR,45.413517,28.006168,93
31-RETUR,45.413699,28.006362,94
31-RETUR,45.413897,28.006763,95
31-RETUR,45.413996,28.006963,96
31-RETUR,45.414162,28.007285,97
31-RETUR,45.414175,28.007315,98
31-RETUR,45.414336,28.007647,99
31-RETUR,45.414426,28.007828,100
31-RETUR,45.414897,28.008775,101
31-RETUR,45.414998,28.008979,102
31-RETUR,45.415261,28.009517,103
31-RETUR,45.415151,28.009626,104
31-RETUR,45.414917,28.009859,105
31-RETUR,45.414614,28.010160,106
31-RETUR,45.414015,28.010788,107
31-RETUR,45.413502,28.011325,108
31-RETUR,45.413232,28.011603,109
31-RETUR,45.413098,28.011750,110
31-RETUR,45.412945,28.011925,111
31-RETUR,45.412825,28.012091,112
31-RETUR,45.412894,28.012211,113
31-RETUR,45.413073,28.012523,114
31-RETUR,45.413132,28.012625,115
31-RETUR,45.413199,28.012731,116
31-RETUR,45.413284,28.012454,117
32-TUR,45.413284,28.012454,1
32-TUR,45.413356,28.012207,2
32-TUR,45.413340,28.012178,3
32-TUR,45.413164,28.011852,4
32-TUR,45.413287,28.011721,5
32-TUR,45.413696,28.011287,6
32-TUR,45.414078,28.010910,7
32-TUR,45.414657,28.010328,8
32-TUR,45.415222,28.009758,9
32-TUR,45.415329,28.009651,10
32-TUR,45.415466,28.009918,11
32-TUR,45.415498,28.009981,12
32-TUR,45.415588,28.010158,13
32-TUR,45.415760,28.010494,14
32-TUR,45.416539,28.012015,15
32-TUR,45.416744,28.012417,16
32-TUR,45.416790,28.012503,17
32-TUR,45.417033,28.012978,18
32-TUR,45.417058,28.013030,19
32-TUR,45.417097,28.013106,20
32-TUR,45.417150,28.013206,21
32-TUR,45.417187,28.013282,22
32-TUR,45.418311,28.015480,23
32-TUR,45.418391,28.015636,24
32-TUR,45.418459,28.015768,25
32-TUR,45.419052,28.016929,26
32-TUR,45.419110,28.017042,27
32-TUR,45.419241,28.017298,28
32-TUR,45.419316,28.017443,29
32-TUR,45.419386,28.017581,30
32-TUR,45.419441,28.017689,31
32-TUR,45.419655,28.018106,32
32-TUR,45.419740,28.018272,33
32-TUR,45.420038,28.018856,34
32-TUR,45.420531,28.019807,35
32-TUR,45.420612,28.019975,36
32-TUR,45.420648,28.020050,37
32-TUR,45.420676,28.020108,38
32-TUR,45.420699,28.020155,39
32-TUR,45.420744,28.020239,40
32-TUR,45.420750,28.020252,41
32-TUR,45.420910,28.020575,42
32-TUR,45.420939,28.020638,43
32-TUR,45.421045,28.020829,44
32-TUR,45.421156,28.021020,45
32-TUR,45.421263,28.021181,46
32-TUR,45.421366,28.021315,47
32-TUR,45.421583,28.021515,48
32-TUR,45.421848,28.021716,49
32-TUR,45.422031,28.021822,50
32-TUR,45.422262,28.021913,51
32-TUR,45.422612,28.022020,52
32-TUR,45.423920,28.022422,53
32-TUR,45.424555,28.022613,54
32-TUR,45.424982,28.022749,55
32-TUR,45.425215,28.022823,56
32-TUR,45.425370,28.022879,57
32-TUR,45.425606,28.022962,58
32-TUR,45.425757,28.023023,59
32-TUR,45.425995,28.023159,60
32-TUR,45.426172,28.023294,61
32-TUR,45.426224,28.023329,62
32-TUR,45.426389,28.023455,63
32-TUR,45.426544,28.023587,64
32-TUR,45.426602,28.023759,65
32-TUR,45.426622,28.023849,66
32-TUR,45.426636,28.023955,67
32-TUR,45.426638,28.024025,68
32-TUR,45.426624,28.024152,69
32-TUR,45.426593,28.024261,70
32-TUR,45.426547,28.024350,71
32-TUR,45.426466,28.024456,72
32-TUR,45.426353,28.024554,73
32-TUR,45.426158,28.024591,74
32-TUR,45.425727,28.024667,75
32-TUR,45.425576,28.024691,76
32-TUR,45.425296,28.024736,77
32-TUR,45.424807,28.024801,78
32-TUR,45.424742,28.024813,79
32-TUR,45.423828,28.024942,80
32-TUR,45.423639,28.025006,81
32-TUR,45.423531,28.025075,82
32-TUR,45.423364,28.025206,83
32-TUR,45.423227,28.025354,84
32-TUR,45.421587,28.027132,85
32-TUR,45.421335,28.027404,86
32-TUR,45.421055,28.027707,87
32-TUR,45.420935,28.027832,88
32-TUR,45.420587,28.028193,89
32-TUR,45.420356,28.028363,90
32-TUR,45.419516,28.028804,91
32-TUR,45.419297,28.028924,92
32-TUR,45.419065,28.028964,93
32-TUR,45.418964,28.028981,94
32-TUR,45.418911,28.028990,95
32-TUR,45.418872,28.028987,96
32-TUR,45.418836,28.029001,97
32-TUR,45.418545,28.028982,98
32-TUR,45.418518,28.028982,99
32-TUR,45.417989,28.028978,100
32-TUR,45.417849,28.028977,101
32-TUR,45.417692,28.028971,102
32-TUR,45.417527,28.028967,103
32-TUR,45.417296,28.028917,104
32-TUR,45.417211,28.028899,105
32-TUR,45.417196,28.028875,106
32-TUR,45.417178,28.028856,107
32-TUR,45.417158,28.028844,108
32-TUR,45.417136,28.028838,109
32-TUR,45.417127,28.028839,110
32-TUR,45.417121,28.028840,111
32-TUR,45.417114,28.028840,112
32-TUR,45.417093,28.028850,113
32-TUR,45.417070,28.028869,114
32-TUR,45.417052,28.028897,115
32-TUR,45.417040,28.028931,116
32-TUR,45.417035,28.028968,117
32-TUR,45.417037,28.029005,118
32-TUR,45.417045,28.029034,119
32-TUR,45.416945,28.029484,120
32-TUR,45.416804,28.029776,121
32-TUR,45.416531,28.030340,122
32-TUR,45.415636,28.030908,123
32-TUR,45.415505,28.030957,124
32-TUR,45.415405,28.030955,125
32-TUR,45.415305,28.030911,126
32-TUR,45.415157,28.030769,127
32-TUR,45.414419,28.030048,128
32-TUR,45.414238,28.029709,129
32-TUR,45.414097,28.029527,130
32-TUR,45.413747,28.028969,131
32-TUR,45.413662,28.029146,132
32-TUR,45.413788,28.029260,133
32-RETUR,45.413788,28.029260,1
32-RETUR,45.413884,28.029347,2
32-RETUR,45.413935,28.029371,3
32-RETUR,45.414003,28.029454,4
32-RETUR,45.414097,28.029527,5
32-RETUR,45.414238,28.029709,6
32-RETUR,45.414419,28.030048,7
32-RETUR,45.415157,28.030769,8
32-RETUR,45.415305,28.030911,9
32-RETUR,45.415405,28.030955,10
32-RETUR,45.415505,28.030957,11
32-RETUR,45.415636,28.030908,12
32-RETUR,45.416531,28.030340,13
32-RETUR,45.416804,28.029776,14
32-RETUR,45.416945,28.029484,15
32-RETUR,45.417061,28.029282,16
32-RETUR,45.417106,28.029195,17
32-RETUR,45.417152,28.029108,18
32-RETUR,45.417172,28.029098,19
32-RETUR,45.417190,28.029082,20
32-RETUR,45.417206,28.029061,21
32-RETUR,45.417527,28.028967,22
32-RETUR,45.417692,28.028971,23
32-RETUR,45.417849,28.028977,24
32-RETUR,45.417989,28.028978,25
32-RETUR,45.418518,28.028982,26
32-RETUR,45.418545,28.028982,27
32-RETUR,45.418672,28.029091,28
32-RETUR,45.418762,28.029168,29
32-RETUR,45.418768,28.029216,30
32-RETUR,45.418783,28.029260,31
32-RETUR,45.418806,28.029297,32
32-RETUR,45.418836,28.029322,33
32-RETUR,45.418870,28.029335,34
32-RETUR,45.418905,28.029334,35
32-RETUR,45.418942,28.029316,36
32-RETUR,45.418974,28.029282,37
32-RETUR,45.418996,28.029235,38
32-RETUR,45.419007,28.029180,39
32-RETUR,45.419173,28.029033,40
32-RETUR,45.419297,28.028924,41
32-RETUR,45.419516,28.028804,42
32-RETUR,45.420356,28.028363,43
32-RETUR,45.420587,28.028193,44
32-RETUR,45.420935,28.027832,45
32-RETUR,45.421055,28.027707,46
32-RETUR,45.421335,28.027404,47
32-RETUR,45.421587,28.027132,48
32-RETUR,45.423227,28.025354,49
32-RETUR,45.423364,28.025206,50
32-RETUR,45.423531,28.025075,51
32-RETUR,45.423639,28.025006,52
32-RETUR,45.423828,28.024942,53
32-RETUR,45.424742,28.024813,54
32-RETUR,45.424807,28.024801,55
32-RETUR,45.425296,28.024736,56
32-RETUR,45.425576,28.024691,57
32-RETUR,45.425727,28.024667,58
32-RETUR,45.426158,28.024591,59
32-RETUR,45.426353,28.024554,60
32-RETUR,45.426467,28.024540,61
32-RETUR,45.426640,28.024562,62
32-RETUR,45.426738,28.024587,63
32-RETUR,45.426783,28.024607,64
32-RETUR,45.426831,28.024636,65
32-RETUR,45.426966,28.024745,66
32-RETUR,45.427085,28.024835,67
32-RETUR,45.427208,28.024913,68
32-RETUR,45.427312,28.024967,69
32-RETUR,45.427408,28.024982,70
32-RETUR,45.427498,28.024966,71
32-RETUR,45.427581,28.024923,72
32-RETUR,45.427621,28.024885,73
32-RETUR,45.427685,28.024815,74
32-RETUR,45.427724,28.024751,75
32-RETUR,45.427772,28.024627,76
32-RETUR,45.427799,28.024469,77
32-RETUR,45.427794,28.024306,78
32-RETUR,45.427756,28.024152,79
32-RETUR,45.427722,28.024075,80
32-RETUR,45.427639,28.023960,81
32-RETUR,45.427581,28.023909,82
32-RETUR,45.427511,28.023870,83
32-RETUR,45.427435,28.023853,84
32-RETUR,45.427361,28.023851,85
32-RETUR,45.427277,28.023872,86
32-RETUR,45.427234,28.023897,87
32-RETUR,45.427116,28.023921,88
32-RETUR,45.427003,28.023909,89
32-RETUR,45.426908,28.023862,90
32-RETUR,45.426849,28.023833,91
32-RETUR,45.426544,28.023587,92
32-RETUR,45.426389,28.023455,93
32-RETUR,45.426224,28.023329,94
32-RETUR,45.426172,28.023294,95
32-RETUR,45.425995,28.023159,96
32-RETUR,45.425757,28.023023,97
32-RETUR,45.425606,28.022962,98
32-RETUR,45.425370,28.022879,99
32-RETUR,45.425215,28.022823,100
32-RETUR,45.424982,28.022749,101
32-RETUR,45.424555,28.022613,102
32-RETUR,45.423920,28.022422,103
32-RETUR,45.422612,28.022020,104
32-RETUR,45.422262,28.021913,105
32-RETUR,45.422031,28.021822,106
32-RETUR,45.421848,28.021716,107
32-RETUR,45.421583,28.021515,108
32-RETUR,45.421366,28.021315,109
32-RETUR,45.421263,28.021181,110
32-RETUR,45.421156,28.021020,111
32-RETUR,45.421045,28.020829,112
32-RETUR,45.420939,28.020638,113
32-RETUR,45.420910,28.020575,114
32-RETUR,45.420750,28.020252,115
32-RETUR,45.420744,28.020239,116
32-RETUR,45.420699,28.020155,117
32-RETUR,45.420676,28.020108,118
32-RETUR,45.420648,28.020050,119
32-RETUR,45.420612,28.019975,120
32-RETUR,45.420531,28.019807,121
32-RETUR,45.420038,28.018856,122
32-RETUR,45.419740,28.018272,123
32-RETUR,45.419655,28.018106,124
32-RETUR,45.419441,28.017689,125
32-RETUR,45.419386,28.017581,126
32-RETUR,45.419316,28.017443,127
32-RETUR,45.419241,28.017298,128
32-RETUR,45.419110,28.017042,129
32-RETUR,45.419052,28.016929,130
32-RETUR,45.418459,28.015768,131
32-RETUR,45.418391,28.015636,132
32-RETUR,45.418311,28.015480,133
32-RETUR,45.417187,28.013282,134
32-RETUR,45.417150,28.013206,135
32-RETUR,45.417097,28.013106,136
32-RETUR,45.417058,28.013030,137
32-RETUR,45.417033,28.012978,138
32-RETUR,45.416790,28.012503,139
32-RETUR,45.416744,28.012417,140
32-RETUR,45.416539,28.012015,141
32-RETUR,45.415760,28.010494,142
32-RETUR,45.415588,28.010158,143
32-RETUR,45.415498,28.009981,144
32-RETUR,45.415466,28.009918,145
32-RETUR,45.415329,28.009651,146
32-RETUR,45.415261,28.009517,147
32-RETUR,45.415151,28.009626,148
32-RETUR,45.414917,28.009859,149
32-RETUR,45.414614,28.010160,150
32-RETUR,45.414015,28.010788,151
32-RETUR,45.413502,28.011325,152
32-RETUR,45.413232,28.011603,153
32-RETUR,45.413098,28.011750,154
32-RETUR,45.412945,28.011925,155
32-RETUR,45.412825,28.012091,156
32-RETUR,45.412894,28.012211,157
32-RETUR,45.413073,28.012523,158
32-RETUR,45.413132,28.012625,159
32-RETUR,45.413199,28.012731,160
32-RETUR,45.413284,28.012454,161
33-TUR,45.427868,28.028030,1
33-TUR,45.427840,28.027738,2
33-TUR,45.427780,28.027047,3
33-TUR,45.427715,28.026260,4
33-TUR,45.427664,28.025655,5
33-TUR,45.427654,28.025555,6
33-TUR,45.427646,28.025472,7
33-TUR,45.427639,28.025337,8
33-TUR,45.427642,28.025231,9
33-TUR,45.427653,28.025110,10
33-TUR,45.427661,28.025029,11
33-TUR,45.427685,28.024815,12
33-TUR,45.427724,28.024751,13
33-TUR,45.427772,28.024627,14
33-TUR,45.427799,28.024469,15
33-TUR,45.427794,28.024306,16
33-TUR,45.427756,28.024152,17
33-TUR,45.427722,28.024075,18
33-TUR,45.427639,28.023960,19
33-TUR,45.427581,28.023909,20
33-TUR,45.427511,28.023870,21
33-TUR,45.427435,28.023853,22
33-TUR,45.427361,28.023851,23
33-TUR,45.427277,28.023872,24
33-TUR,45.427234,28.023897,25
33-TUR,45.427140,28.023983,26
33-TUR,45.427090,28.024060,27
33-TUR,45.427041,28.024163,28
33-TUR,45.427019,28.024248,29
33-TUR,45.427011,28.024279,30
33-TUR,45.427004,28.024469,31
33-TUR,45.427035,28.024643,32
33-TUR,45.427114,28.024798,33
33-TUR,45.427208,28.024913,34
33-TUR,45.427356,28.025170,35
33-TUR,45.427396,28.025267,36
33-TUR,45.427440,28.025382,37
33-TUR,45.427479,28.025536,38
33-TUR,45.427571,28.026576,39
33-TUR,45.427613,28.027036,40
33-TUR,45.427706,28.028100,41
33-TUR,45.427739,28.028467,42
33-TUR,45.427777,28.028884,43
33-TUR,45.427784,28.028954,44
33-TUR,45.427791,28.029033,45
33-TUR,45.427815,28.029298,46
33-TUR,45.427733,28.029314,47
33-TUR,45.427426,28.029375,48
33-TUR,45.427382,28.029384,49
33-TUR,45.427292,28.029400,50
33-TUR,45.426844,28.029465,51
33-TUR,45.426606,28.029480,52
33-TUR,45.425979,28.029414,53
33-TUR,45.425879,28.029404,54
33-TUR,45.425547,28.029353,55
33-TUR,45.425474,28.029342,56
33-TUR,45.425337,28.029321,57
33-TUR,45.425306,28.029317,58
33-TUR,45.424987,28.029268,59
33-TUR,45.424954,28.029266,60
33-TUR,45.424521,28.029206,61
33-TUR,45.424312,28.029168,62
33-TUR,45.423803,28.029075,63
33-TUR,45.423035,28.028931,64
33-TUR,45.422749,28.028890,65
33-TUR,45.422324,28.028818,66
33-TUR,45.422285,28.028817,67
33-TUR,45.422259,28.028815,68
33-TUR,45.422066,28.028808,69
33-TUR,45.421580,28.028791,70
33-TUR,45.421197,28.028777,71
33-TUR,45.421083,28.028775,72
33-TUR,45.420800,28.028784,73
33-TUR,45.420703,28.028717,74
33-TUR,45.420640,28.028647,75
33-TUR,45.420612,28.028490,76
33-TUR,45.420595,28.028345,77
33-TUR,45.420587,28.028193,78
33-TUR,45.420356,28.028363,79
33-TUR,45.419516,28.028804,80
33-TUR,45.419297,28.028924,81
33-TUR,45.419065,28.028964,82
33-TUR,45.418964,28.028981,83
33-TUR,45.418911,28.028990,84
33-TUR,45.418872,28.028987,85
33-TUR,45.418836,28.029001,86
33-TUR,45.418545,28.028982,87
33-TUR,45.418518,28.028982,88
33-TUR,45.417989,28.028978,89
33-TUR,45.417849,28.028977,90
33-TUR,45.417692,28.028971,91
33-TUR,45.417527,28.028967,92
33-TUR,45.417296,28.028917,93
33-TUR,45.417211,28.028899,94
33-TUR,45.417196,28.028875,95
33-TUR,45.417178,28.028856,96
33-TUR,45.417158,28.028844,97
33-TUR,45.417136,28.028838,98
33-TUR,45.417127,28.028839,99
33-TUR,45.417121,28.028840,100
33-TUR,45.417114,28.028840,101
33-TUR,45.417093,28.028850,102
33-TUR,45.417070,28.028869,103
33-TUR,45.417052,28.028897,104
33-TUR,45.417040,28.028931,105
33-TUR,45.417035,28.028968,106
33-TUR,45.417037,28.029005,107
33-TUR,45.417045,28.029034,108
33-TUR,45.416945,28.029484,109
33-TUR,45.416804,28.029776,110
33-TUR,45.416531,28.030340,111
33-TUR,45.415636,28.030908,112
33-TUR,45.415505,28.030957,113
33-TUR,45.415405,28.030955,114
33-TUR,45.415305,28.030911,115
33-TUR,45.415157,28.030769,116
33-TUR,45.414419,28.030048,117
33-TUR,45.414238,28.029709,118
33-TUR,45.414097,28.029527,119
33-TUR,45.413747,28.028969,120
33-TUR,45.413662,28.029146,121
33-TUR,45.413788,28.029260,122
33-RETUR,45.413788,28.029260,1
33-RETUR,45.413884,28.029347,2
33-RETUR,45.413935,28.029371,3
33-RETUR,45.414003,28.029454,4
33-RETUR,45.414097,28.029527,5
33-RETUR,45.414238,28.029709,6
33-RETUR,45.414419,28.030048,7
33-RETUR,45.415157,28.030769,8
33-RETUR,45.415305,28.030911,9
33-RETUR,45.415405,28.030955,10
33-RETUR,45.415505,28.030957,11
33-RETUR,45.415636,28.030908,12
33-RETUR,45.416531,28.030340,13
33-RETUR,45.416804,28.029776,14
33-RETUR,45.416945,28.029484,15
33-RETUR,45.417061,28.029282,16
33-RETUR,45.417106,28.029195,17
33-RETUR,45.417152,28.029108,18
33-RETUR,45.417172,28.029098,19
33-RETUR,45.417190,28.029082,20
33-RETUR,45.417206,28.029061,21
33-RETUR,45.417527,28.028967,22
33-RETUR,45.417692,28.028971,23
33-RETUR,45.417849,28.028977,24
33-RETUR,45.417989,28.028978,25
33-RETUR,45.418518,28.028982,26
33-RETUR,45.418545,28.028982,27
33-RETUR,45.418672,28.029091,28
33-RETUR,45.418762,28.029168,29
33-RETUR,45.418768,28.029216,30
33-RETUR,45.418783,28.029260,31
33-RETUR,45.418806,28.029297,32
33-RETUR,45.418836,28.029322,33
33-RETUR,45.418870,28.029335,34
33-RETUR,45.418905,28.029334,35
33-RETUR,45.418942,28.029316,36
33-RETUR,45.418974,28.029282,37
33-RETUR,45.418996,28.029235,38
33-RETUR,45.419007,28.029180,39
33-RETUR,45.419173,28.029033,40
33-RETUR,45.419297,28.028924,41
33-RETUR,45.419382,28.028943,42
33-RETUR,45.419457,28.028937,43
33-RETUR,45.419537,28.028921,44
33-RETUR,45.420800,28.028784,45
33-RETUR,45.421083,28.028775,46
33-RETUR,45.421197,28.028777,47
33-RETUR,45.421580,28.028791,48
33-RETUR,45.422066,28.028808,49
33-RETUR,45.422259,28.028815,50
33-RETUR,45.422285,28.028817,51
33-RETUR,45.422324,28.028818,52
33-RETUR,45.422749,28.028890,53
33-RETUR,45.423035,28.028931,54
33-RETUR,45.423803,28.029075,55
33-RETUR,45.424312,28.029168,56
33-RETUR,45.424521,28.029206,57
33-RETUR,45.424954,28.029266,58
33-RETUR,45.424987,28.029268,59
33-RETUR,45.425306,28.029317,60
33-RETUR,45.425337,28.029321,61
33-RETUR,45.425474,28.029342,62
33-RETUR,45.425547,28.029353,63
33-RETUR,45.425879,28.029404,64
33-RETUR,45.425979,28.029414,65
33-RETUR,45.426606,28.029480,66
33-RETUR,45.426844,28.029465,67
33-RETUR,45.427292,28.029400,68
33-RETUR,45.427382,28.029384,69
33-RETUR,45.427426,28.029375,70
33-RETUR,45.427733,28.029314,71
33-RETUR,45.427815,28.029298,72
33-RETUR,45.427976,28.029267,73
33-RETUR,45.427952,28.029021,74
33-RETUR,45.427946,28.028954,75
33-RETUR,45.427943,28.028921,76
33-RETUR,45.427868,28.028030,77
34-TUR,45.450539,28.019590,1
34-TUR,45.450560,28.019391,2
34-TUR,45.450734,28.019357,3
34-TUR,45.450822,28.019328,4
34-TUR,45.450976,28.019285,5
34-TUR,45.451112,28.019262,6
34-TUR,45.451372,28.019260,7
34-TUR,45.451931,28.019242,8
34-TUR,45.452055,28.019238,9
34-TUR,45.452138,28.019221,10
34-TUR,45.452248,28.019141,11
34-TUR,45.452491,28.018927,12
34-TUR,45.452626,28.018808,13
34-TUR,45.452751,28.018717,14
34-TUR,45.452870,28.018657,15
34-TUR,45.453134,28.018623,16
34-TUR,45.453405,28.018596,17
34-TUR,45.453486,28.018591,18
34-TUR,45.454035,28.018536,19
34-TUR,45.454296,28.018504,20
34-TUR,45.454463,28.018490,21
34-TUR,45.454589,28.018479,22
34-TUR,45.454710,28.018482,23
34-TUR,45.454763,28.018496,24
34-TUR,45.454869,28.018572,25
34-TUR,45.454922,28.018619,26
34-TUR,45.455014,28.018700,27
34-TUR,45.455210,28.018828,28
34-TUR,45.455311,28.018872,29
34-TUR,45.455550,28.018870,30
34-TUR,45.455924,28.018828,31
34-TUR,45.456031,28.018814,32
34-TUR,45.456598,28.018759,33
34-TUR,45.456654,28.018752,34
34-TUR,45.456763,28.018744,35
34-TUR,45.457193,28.018703,36
34-TUR,45.457366,28.018718,37
34-TUR,45.457609,28.018717,38
34-TUR,45.457960,28.020021,39
34-TUR,45.458125,28.020598,40
34-TUR,45.458261,28.021120,41
34-TUR,45.458325,28.021428,42
34-TUR,45.458353,28.021683,43
34-TUR,45.458355,28.021808,44
34-TUR,45.458355,28.021915,45
34-TUR,45.458334,28.022004,46
34-TUR,45.458302,28.022071,47
34-TUR,45.458247,28.022148,48
34-TUR,45.458171,28.022225,49
34-TUR,45.458082,28.022295,50
34-TUR,45.457985,28.022347,51
34-TUR,45.457393,28.022695,52
34-TUR,45.457279,28.022759,53
34-TUR,45.457054,28.022888,54
34-TUR,45.456669,28.023113,55
34-TUR,45.456375,28.023281,56
34-TUR,45.455949,28.023503,57
34-TUR,45.455084,28.023975,58
34-TUR,45.454939,28.024073,59
34-TUR,45.454894,28.024056,60
34-TUR,45.454848,28.024060,61
34-TUR,45.454805,28.024085,62
34-TUR,45.454780,28.024113,63
34-TUR,45.454759,28.024147,64
34-TUR,45.454740,28.024207,65
34-TUR,45.454735,28.024266,66
34-TUR,45.454742,28.024324,67
34-TUR,45.454763,28.024385,68
34-TUR,45.454787,28.024421,69
34-TUR,45.454816,28.024447,70
34-TUR,45.454848,28.024464,71
34-TUR,45.454856,28.024506,72
34-TUR,45.454866,28.024589,73
34-TUR,45.454882,28.024753,74
34-TUR,45.454926,28.025373,75
34-TUR,45.454959,28.025886,76
34-TUR,45.455004,28.026578,77
34-TUR,45.455021,28.026840,78
34-TUR,45.455043,28.027192,79
34-TUR,45.455082,28.027795,80
34-TUR,45.455106,28.028163,81
34-TUR,45.455138,28.028612,82
34-TUR,45.455146,28.028739,83
34-TUR,45.455160,28.028984,84
34-TUR,45.455216,28.029742,85
34-TUR,45.455227,28.029862,86
34-TUR,45.455247,28.030114,87
34-TUR,45.455347,28.031483,88
34-TUR,45.455380,28.031988,89
34-TUR,45.455423,28.032692,90
34-TUR,45.455461,28.033378,91
34-TUR,45.455488,28.034020,92
34-TUR,45.455489,28.034215,93
34-TUR,45.455489,28.034316,94
34-TUR,45.455473,28.034369,95
34-TUR,45.455470,28.034427,96
34-TUR,45.455483,28.034483,97
34-TUR,45.455415,28.034501,98
34-TUR,45.455298,28.034516,99
34-TUR,45.454842,28.034580,100
34-TUR,45.454353,28.034622,101
34-TUR,45.454106,28.034645,102
34-TUR,45.453948,28.034660,103
34-TUR,45.453483,28.034686,104
34-TUR,45.453302,28.034696,105
34-TUR,45.453231,28.034700,106
34-TUR,45.453111,28.034704,107
34-TUR,45.453028,28.034679,108
34-TUR,45.452961,28.034651,109
34-TUR,45.452913,28.034623,110
34-TUR,45.452859,28.034593,111
34-TUR,45.452841,28.034554,112
34-TUR,45.452820,28.034528,113
34-TUR,45.452798,28.034509,114
34-TUR,45.452780,28.034499,115
34-TUR,45.452755,28.034493,116
34-TUR,45.452729,28.034494,117
34-TUR,45.452709,28.034502,118
34-TUR,45.452686,28.034516,119
34-TUR,45.452668,28.034534,120
34-TUR,45.452649,28.034565,121
34-TUR,45.452635,28.034604,122
34-TUR,45.452362,28.034760,123
34-TUR,45.452300,28.034776,124
34-TUR,45.452186,28.034803,125
34-TUR,45.452094,28.034819,126
34-TUR,45.451951,28.034838,127
34-TUR,45.451742,28.034859,128
34-TUR,45.450428,28.034985,129
34-TUR,45.449802,28.035061,130
34-TUR,45.449189,28.035130,131
34-TUR,45.448747,28.035177,132
34-TUR,45.448704,28.035179,133
34-TUR,45.448646,28.035185,134
34-TUR,45.448445,28.035204,135
34-TUR,45.447715,28.035292,136
34-TUR,45.447455,28.035326,137
34-TUR,45.447361,28.035335,138
34-TUR,45.447314,28.035337,139
34-TUR,45.446631,28.035405,140
34-TUR,45.446439,28.035425,141
34-TUR,45.446066,28.035462,142
34-TUR,45.444528,28.035596,143
34-TUR,45.443389,28.035705,144
34-TUR,45.443025,28.035749,145
34-TUR,45.442826,28.035771,146
34-TUR,45.442728,28.035781,147
34-TUR,45.442632,28.035789,148
34-TUR,45.442492,28.035804,149
34-TUR,45.442365,28.035816,150
34-TUR,45.441467,28.035915,151
34-TUR,45.441297,28.035934,152
34-TUR,45.441223,28.035942,153
34-TUR,45.441215,28.035943,154
34-TUR,45.441208,28.035944,155
34-TUR,45.441090,28.035957,156
34-TUR,45.440947,28.035972,157
34-TUR,45.440628,28.036002,158
34-TUR,45.440496,28.036015,159
34-TUR,45.440320,28.036031,160
34-TUR,45.439425,28.036130,161
34-TUR,45.439251,28.036144,162
34-TUR,45.438874,28.036188,163
34-TUR,45.438496,28.036217,164
34-TUR,45.438182,28.036240,165
34-TUR,45.437621,28.036296,166
34-TUR,45.436464,28.036402,167
34-TUR,45.435487,28.036491,168
34-TUR,45.434569,28.036569,169
34-TUR,45.434395,28.036584,170
34-TUR,45.434351,28.036587,171
34-TUR,45.433991,28.036616,172
34-TUR,45.433654,28.036646,173
34-TUR,45.433399,28.036654,174
34-TUR,45.431740,28.036798,175
34-TUR,45.430129,28.036952,176
34-TUR,45.429799,28.036980,177
34-TUR,45.429640,28.036994,178
34-TUR,45.429421,28.037013,179
34-TUR,45.429336,28.037024,180
34-TUR,45.428976,28.037148,181
34-TUR,45.428779,28.037252,182
34-TUR,45.428658,28.037307,183
34-TUR,45.428536,28.037375,184
34-TUR,45.428548,28.037512,185
34-TUR,45.428585,28.037940,186
34-TUR,45.428658,28.038709,187
34-TUR,45.428701,28.039097,188
34-TUR,45.428770,28.039599,189
34-TUR,45.428875,28.040306,190
34-TUR,45.428935,28.040712,191
34-TUR,45.428965,28.040878,192
34-TUR,45.429072,28.041473,193
34-TUR,45.429170,28.041927,194
34-TUR,45.429297,28.042392,195
34-TUR,45.429400,28.042735,196
34-TUR,45.429503,28.043055,197
34-TUR,45.430201,28.045163,198
34-TUR,45.430266,28.045340,199
34-TUR,45.430315,28.045468,200
34-TUR,45.430374,28.045619,201
34-TUR,45.430431,28.045744,202
34-TUR,45.430608,28.046139,203
34-TUR,45.430744,28.046429,204
34-TUR,45.431064,28.047029,205
34-TUR,45.431102,28.047097,206
34-TUR,45.431992,28.048595,207
34-TUR,45.432123,28.048825,208
34-TUR,45.432297,28.049132,209
34-TUR,45.432424,28.049378,210
34-TUR,45.432539,28.049628,211
34-TUR,45.432823,28.050366,212
34-TUR,45.432898,28.050555,213
34-TUR,45.433081,28.050969,214
34-TUR,45.433108,28.051051,215
34-TUR,45.433270,28.051554,216
34-TUR,45.433309,28.051676,217
34-TUR,45.433389,28.051907,218
34-TUR,45.433426,28.052022,219
34-TUR,45.433442,28.052070,220
34-TUR,45.433484,28.052201,221
34-TUR,45.433539,28.052346,222
34-TUR,45.433705,28.052865,223
34-TUR,45.433733,28.052982,224
34-TUR,45.433756,28.053134,225
34-TUR,45.433770,28.053298,226
34-TUR,45.433778,28.053555,227
34-TUR,45.433777,28.053709,228
34-TUR,45.433761,28.054011,229
34-TUR,45.433751,28.054116,230
34-TUR,45.433722,28.054312,231
34-TUR,45.433663,28.054776,232
34-TUR,45.433631,28.055045,233
34-TUR,45.433621,28.055256,234
34-TUR,45.433443,28.055337,235
34-TUR,45.433221,28.055379,236
34-TUR,45.433138,28.055391,237
34-TUR,45.433020,28.055408,238
34-TUR,45.432963,28.055416,239
34-TUR,45.432843,28.055435,240
34-TUR,45.432532,28.055475,241
34-TUR,45.432477,28.055493,242
34-TUR,45.432418,28.055604,243
34-TUR,45.432330,28.055927,244
34-TUR,45.432277,28.056141,245
34-TUR,45.432272,28.056166,246
34-TUR,45.432254,28.056250,247
34-TUR,45.432190,28.056519,248
34-TUR,45.432157,28.056659,249
34-TUR,45.432060,28.057067,250
34-TUR,45.431974,28.057430,251
34-TUR,45.431929,28.057619,252
34-TUR,45.431883,28.057815,253
34-TUR,45.431858,28.057891,254
34-TUR,45.431820,28.057966,255
34-TUR,45.431739,28.057959,256
34-TUR,45.431613,28.057943,257
34-TUR,45.431471,28.057911,258
34-TUR,45.431349,28.057895,259
34-TUR,45.431243,28.057898,260
34-TUR,45.431151,28.057959,261
34-TUR,45.431048,28.058048,262
34-TUR,45.430837,28.058253,263
34-TUR,45.430478,28.058583,264
34-TUR,45.430310,28.058756,265
34-TUR,45.430430,28.059035,266
34-TUR,45.430555,28.059304,267
34-TUR,45.430700,28.059592,268
34-TUR,45.430831,28.059856,269
34-TUR,45.431035,28.060254,270
34-TUR,45.431110,28.060401,271
34-TUR,45.431269,28.060719,272
34-TUR,45.431511,28.061239,273
34-TUR,45.431644,28.061492,274
34-TUR,45.431784,28.061764,275
34-TUR,45.431791,28.061775,276
34-TUR,45.431828,28.061848,277
34-TUR,45.431958,28.062102,278
34-TUR,45.432057,28.062288,279
34-TUR,45.432062,28.062297,280
34-TUR,45.432157,28.062457,281
34-TUR,45.432501,28.063048,282
34-TUR,45.432900,28.063751,283
34-TUR,45.432981,28.063893,284
34-TUR,45.433383,28.064604,285
34-TUR,45.433831,28.065406,286
34-TUR,45.433985,28.065673,287
34-TUR,45.434039,28.065774,288
34-TUR,45.434206,28.066057,289
34-TUR,45.434257,28.066148,290
34-TUR,45.434392,28.066380,291
34-TUR,45.434932,28.067324,292
34-TUR,45.435137,28.067683,293
34-TUR,45.435321,28.068004,294
34-TUR,45.435355,28.068064,295
34-TUR,45.435688,28.068660,296
34-TUR,45.435719,28.068715,297
34-TUR,45.435999,28.069208,298
34-TUR,45.436095,28.069378,299
34-TUR,45.436228,28.069206,300
34-TUR,45.436309,28.069102,301
34-TUR,45.436561,28.068703,302
34-TUR,45.437048,28.067959,303
34-TUR,45.437057,28.067945,304
34-TUR,45.437088,28.067893,305
34-TUR,45.437181,28.067742,306
34-TUR,45.437292,28.067564,307
34-TUR,45.437813,28.066726,308
34-TUR,45.439270,28.064438,309
34-TUR,45.439496,28.064094,310
34-TUR,45.439502,28.064107,311
34-TUR,45.440017,28.065243,312
34-TUR,45.440364,28.065924,313
34-TUR,45.440457,28.066110,314
34-TUR,45.440595,28.066384,315
34-TUR,45.440734,28.066630,316
34-TUR,45.440758,28.066682,317
34-TUR,45.440766,28.066698,318
34-TUR,45.440791,28.066747,319
34-TUR,45.440828,28.066820,320
34-TUR,45.440863,28.066900,321
34-TUR,45.440904,28.066998,322
34-TUR,45.440956,28.067141,323
34-TUR,45.441522,28.068745,324
34-TUR,45.441839,28.069557,325
34-TUR,45.440686,28.070637,326
34-TUR,45.440325,28.070970,327
34-TUR,45.440250,28.071046,328
34-TUR,45.440189,28.071106,329
34-TUR,45.439303,28.071899,330
34-TUR,45.438989,28.072175,331
34-TUR,45.438812,28.072331,332
34-TUR,45.438689,28.072415,333
34-TUR,45.438575,28.072468,334
34-TUR,45.438503,28.072495,335
34-TUR,45.438405,28.072516,336
34-TUR,45.438285,28.072533,337
34-TUR,45.438115,28.072546,338
34-TUR,45.437972,28.072559,339
34-TUR,45.437862,28.072572,340
34-TUR,45.437689,28.072251,341
34-TUR,45.437407,28.071745,342
34-TUR,45.437145,28.071261,343
34-TUR,45.437103,28.071183,344
34-RETUR,45.437103,28.071183,1
34-RETUR,45.437145,28.071261,2
34-RETUR,45.437407,28.071745,3
34-RETUR,45.437103,28.071183,4
34-RETUR,45.436265,28.069688,5
34-RETUR,45.436095,28.069378,6
34-RETUR,45.435999,28.069208,7
34-RETUR,45.435719,28.068715,8
34-RETUR,45.435688,28.068660,9
34-RETUR,45.435355,28.068064,10
34-RETUR,45.435321,28.068004,11
34-RETUR,45.435137,28.067683,12
34-RETUR,45.434932,28.067324,13
34-RETUR,45.434392,28.066380,14
34-RETUR,45.434257,28.066148,15
34-RETUR,45.434206,28.066057,16
34-RETUR,45.434039,28.065774,17
34-RETUR,45.433985,28.065673,18
34-RETUR,45.433831,28.065406,19
34-RETUR,45.433383,28.064604,20
34-RETUR,45.432981,28.063893,21
34-RETUR,45.432900,28.063751,22
34-RETUR,45.432501,28.063048,23
34-RETUR,45.432157,28.062457,24
34-RETUR,45.432062,28.062297,25
34-RETUR,45.432057,28.062288,26
34-RETUR,45.431958,28.062102,27
34-RETUR,45.431828,28.061848,28
34-RETUR,45.431791,28.061775,29
34-RETUR,45.431784,28.061764,30
34-RETUR,45.431644,28.061492,31
34-RETUR,45.431511,28.061239,32
34-RETUR,45.431269,28.060719,33
34-RETUR,45.431110,28.060401,34
34-RETUR,45.431035,28.060254,35
34-RETUR,45.430831,28.059856,36
34-RETUR,45.430700,28.059592,37
34-RETUR,45.430555,28.059304,38
34-RETUR,45.430430,28.059035,39
34-RETUR,45.430310,28.058756,40
34-RETUR,45.430478,28.058583,41
34-RETUR,45.430837,28.058253,42
34-RETUR,45.431048,28.058048,43
34-RETUR,45.431151,28.057959,44
34-RETUR,45.431243,28.057898,45
34-RETUR,45.431349,28.057895,46
34-RETUR,45.431471,28.057911,47
34-RETUR,45.431613,28.057943,48
34-RETUR,45.431739,28.057959,49
34-RETUR,45.431820,28.057966,50
34-RETUR,45.431858,28.057891,51
34-RETUR,45.431883,28.057815,52
34-RETUR,45.431929,28.057619,53
34-RETUR,45.431974,28.057430,54
34-RETUR,45.432060,28.057067,55
34-RETUR,45.432157,28.056659,56
34-RETUR,45.432190,28.056519,57
34-RETUR,45.432254,28.056250,58
34-RETUR,45.432272,28.056166,59
34-RETUR,45.432277,28.056141,60
34-RETUR,45.432330,28.055927,61
34-RETUR,45.432418,28.055604,62
34-RETUR,45.432477,28.055493,63
34-RETUR,45.432532,28.055475,64
34-RETUR,45.432843,28.055435,65
34-RETUR,45.432963,28.055416,66
34-RETUR,45.433020,28.055408,67
34-RETUR,45.433138,28.055391,68
34-RETUR,45.433221,28.055379,69
34-RETUR,45.433443,28.055337,70
34-RETUR,45.433621,28.055256,71
34-RETUR,45.433916,28.055294,72
34-RETUR,45.434914,28.055507,73
34-RETUR,45.434964,28.055084,74
34-RETUR,45.434979,28.054884,75
34-RETUR,45.434939,28.054619,76
34-RETUR,45.434883,28.054433,77
34-RETUR,45.434825,28.054310,78
34-RETUR,45.434749,28.054184,79
34-RETUR,45.434698,28.054102,80
34-RETUR,45.434620,28.054000,81
34-RETUR,45.434500,28.054057,82
34-RETUR,45.434402,28.054068,83
34-RETUR,45.434211,28.054051,84
34-RETUR,45.433928,28.054029,85
34-RETUR,45.433761,28.054011,86
34-RETUR,45.433777,28.053709,87
34-RETUR,45.433778,28.053555,88
34-RETUR,45.433770,28.053298,89
34-RETUR,45.433756,28.053134,90
34-RETUR,45.433733,28.052982,91
34-RETUR,45.433705,28.052865,92
34-RETUR,45.433539,28.052346,93
34-RETUR,45.433484,28.052201,94
34-RETUR,45.433442,28.052070,95
34-RETUR,45.433426,28.052022,96
34-RETUR,45.433389,28.051907,97
34-RETUR,45.433309,28.051676,98
34-RETUR,45.433270,28.051554,99
34-RETUR,45.433108,28.051051,100
34-RETUR,45.433081,28.050969,101
34-RETUR,45.432965,28.050469,102
34-RETUR,45.432833,28.049988,103
34-RETUR,45.432746,28.049707,104
34-RETUR,45.432678,28.049504,105
34-RETUR,45.432552,28.049230,106
34-RETUR,45.432372,28.048893,107
34-RETUR,45.432245,28.048684,108
34-RETUR,45.431223,28.046978,109
34-RETUR,45.431186,28.046912,110
34-RETUR,45.431041,28.046640,111
34-RETUR,45.430757,28.046073,112
34-RETUR,45.430575,28.045673,113
34-RETUR,45.430512,28.045513,114
34-RETUR,45.430454,28.045355,115
34-RETUR,45.430408,28.045234,116
34-RETUR,45.430354,28.045067,117
34-RETUR,45.429529,28.042542,118
34-RETUR,45.429344,28.041886,119
34-RETUR,45.429236,28.041434,120
34-RETUR,45.429120,28.040858,121
34-RETUR,45.429082,28.040666,122
34-RETUR,45.429002,28.040194,123
34-RETUR,45.428911,28.039562,124
34-RETUR,45.428848,28.039082,125
34-RETUR,45.428713,28.037895,126
34-RETUR,45.428716,28.037758,127
34-RETUR,45.428738,28.037648,128
34-RETUR,45.428770,28.037521,129
34-RETUR,45.428809,28.037427,130
34-RETUR,45.428888,28.037270,131
34-RETUR,45.428976,28.037148,132
34-RETUR,45.429336,28.037024,133
34-RETUR,45.429421,28.037013,134
34-RETUR,45.429640,28.036994,135
34-RETUR,45.429799,28.036980,136
34-RETUR,45.430129,28.036952,137
34-RETUR,45.431740,28.036798,138
34-RETUR,45.433399,28.036654,139
34-RETUR,45.433654,28.036646,140
34-RETUR,45.433991,28.036616,141
34-RETUR,45.434351,28.036587,142
34-RETUR,45.434395,28.036584,143
34-RETUR,45.434569,28.036569,144
34-RETUR,45.435487,28.036491,145
34-RETUR,45.436464,28.036402,146
34-RETUR,45.437621,28.036296,147
34-RETUR,45.438182,28.036240,148
34-RETUR,45.438496,28.036217,149
34-RETUR,45.438874,28.036188,150
34-RETUR,45.439251,28.036144,151
34-RETUR,45.439425,28.036130,152
34-RETUR,45.440320,28.036031,153
34-RETUR,45.440496,28.036015,154
34-RETUR,45.440628,28.036002,155
34-RETUR,45.440947,28.035972,156
34-RETUR,45.441090,28.035957,157
34-RETUR,45.441208,28.035944,158
34-RETUR,45.441215,28.035943,159
34-RETUR,45.441223,28.035942,160
34-RETUR,45.441297,28.035934,161
34-RETUR,45.441467,28.035915,162
34-RETUR,45.442365,28.035816,163
34-RETUR,45.442492,28.035804,164
34-RETUR,45.442632,28.035789,165
34-RETUR,45.442728,28.035781,166
34-RETUR,45.442826,28.035771,167
34-RETUR,45.443025,28.035749,168
34-RETUR,45.443389,28.035705,169
34-RETUR,45.444528,28.035596,170
34-RETUR,45.446066,28.035462,171
34-RETUR,45.446439,28.035425,172
34-RETUR,45.446631,28.035405,173
34-RETUR,45.447314,28.035337,174
34-RETUR,45.447361,28.035335,175
34-RETUR,45.447455,28.035326,176
34-RETUR,45.447715,28.035292,177
34-RETUR,45.448445,28.035204,178
34-RETUR,45.448646,28.035185,179
34-RETUR,45.448704,28.035179,180
34-RETUR,45.448747,28.035177,181
34-RETUR,45.449189,28.035130,182
34-RETUR,45.449802,28.035061,183
34-RETUR,45.450428,28.034985,184
34-RETUR,45.451742,28.034859,185
34-RETUR,45.451951,28.034838,186
34-RETUR,45.452094,28.034819,187
34-RETUR,45.452186,28.034803,188
34-RETUR,45.452300,28.034776,189
34-RETUR,45.452362,28.034760,190
34-RETUR,45.452502,28.034766,191
34-RETUR,45.452581,28.034779,192
34-RETUR,45.452663,28.034796,193
34-RETUR,45.452688,28.034819,194
34-RETUR,45.452709,28.034831,195
34-RETUR,45.452731,28.034839,196
34-RETUR,45.452757,28.034840,197
34-RETUR,45.452778,28.034834,198
34-RETUR,45.452801,28.034823,199
34-RETUR,45.452904,28.034774,200
34-RETUR,45.452953,28.034756,201
34-RETUR,45.453022,28.034733,202
34-RETUR,45.453111,28.034704,203
34-RETUR,45.453231,28.034700,204
34-RETUR,45.453302,28.034696,205
34-RETUR,45.453483,28.034686,206
34-RETUR,45.453948,28.034660,207
34-RETUR,45.454106,28.034645,208
34-RETUR,45.454353,28.034622,209
34-RETUR,45.454842,28.034580,210
34-RETUR,45.455298,28.034516,211
34-RETUR,45.455415,28.034501,212
34-RETUR,45.455483,28.034483,213
34-RETUR,45.455508,28.034529,214
34-RETUR,45.455543,28.034559,215
34-RETUR,45.455583,28.034569,216
34-RETUR,45.455623,28.034558,217
34-RETUR,45.455658,28.034528,218
34-RETUR,45.455677,28.034502,219
34-RETUR,45.455686,28.034481,220
34-RETUR,45.455692,28.034455,221
34-RETUR,45.455697,28.034414,222
34-RETUR,45.455693,28.034366,223
34-RETUR,45.455680,28.034322,224
34-RETUR,45.455658,28.034285,225
34-RETUR,45.455645,28.034274,226
34-RETUR,45.455618,28.034148,227
34-RETUR,45.455602,28.034000,228
34-RETUR,45.455589,28.033685,229
34-RETUR,45.455570,28.033358,230
34-RETUR,45.455531,28.032683,231
34-RETUR,45.455503,28.032175,232
34-RETUR,45.455462,28.031469,233
34-RETUR,45.455354,28.029888,234
34-RETUR,45.455343,28.029718,235
34-RETUR,45.455328,28.029514,236
34-RETUR,45.455320,28.029311,237
34-RETUR,45.455314,28.029202,238
34-RETUR,45.455299,28.028965,239
34-RETUR,45.455280,28.028711,240
34-RETUR,45.455238,28.028146,241
34-RETUR,45.455225,28.027951,242
34-RETUR,45.455215,28.027799,243
34-RETUR,45.455200,28.027599,244
34-RETUR,45.455166,28.027118,245
34-RETUR,45.455155,28.026934,246
34-RETUR,45.455146,28.026763,247
34-RETUR,45.455118,28.026265,248
34-RETUR,45.455098,28.025927,249
34-RETUR,45.455075,28.025469,250
34-RETUR,45.455060,28.025196,251
34-RETUR,45.455045,28.024919,252
34-RETUR,45.455031,28.024574,253
34-RETUR,45.455016,28.024447,254
34-RETUR,45.455002,28.024375,255
34-RETUR,45.455018,28.024330,256
34-RETUR,45.455025,28.024280,257
34-RETUR,45.455022,28.024216,258
34-RETUR,45.455006,28.024157,259
34-RETUR,45.454977,28.024107,260
34-RETUR,45.454939,28.024073,261
34-RETUR,45.454894,28.024056,262
34-RETUR,45.454848,28.024060,263
34-RETUR,45.454805,28.024085,264
34-RETUR,45.454712,28.024069,265
34-RETUR,45.454618,28.024061,266
34-RETUR,45.454341,28.024014,267
34-RETUR,45.454036,28.023961,268
34-RETUR,45.453636,28.023902,269
34-RETUR,45.453151,28.023838,270
34-RETUR,45.452612,28.023759,271
34-RETUR,45.451633,28.023614,272
34-RETUR,45.451254,28.023562,273
34-RETUR,45.450931,28.023507,274
34-RETUR,45.450798,28.023487,275
34-RETUR,45.450531,28.023451,276
34-RETUR,45.450351,28.023404,277
34-RETUR,45.450325,28.023357,278
34-RETUR,45.450270,28.023296,279
34-RETUR,45.450200,28.023108,280
34-RETUR,45.450169,28.022966,281
34-RETUR,45.450158,28.022869,282
34-RETUR,45.450155,28.022762,283
34-RETUR,45.450166,28.022628,284
34-RETUR,45.450231,28.022020,285
34-RETUR,45.450285,28.021584,286
34-RETUR,45.450359,28.021034,287
34-RETUR,45.450370,28.020966,288
34-RETUR,45.450390,28.020815,289
34-RETUR,45.450443,28.020457,290
34-RETUR,45.450530,28.019689,291
34-RETUR,45.450539,28.019590,292
30-TUR,45.413284,28.012454,1
30-TUR,45.413199,28.012731,2
30-TUR,45.413284,28.012454,3
30-TUR,45.413356,28.012207,4
30-TUR,45.413340,28.012178,5
30-TUR,45.413164,28.011852,6
30-TUR,45.413287,28.011721,7
30-TUR,45.413696,28.011287,8
30-TUR,45.414078,28.010910,9
30-TUR,45.414657,28.010328,10
30-TUR,45.415222,28.009758,11
30-TUR,45.415329,28.009651,12
30-TUR,45.415261,28.009517,13
30-TUR,45.414998,28.008979,14
30-TUR,45.414897,28.008775,15
30-TUR,45.414426,28.007828,16
30-TUR,45.414336,28.007647,17
30-TUR,45.414175,28.007315,18
30-TUR,45.414162,28.007285,19
30-TUR,45.413996,28.006963,20
30-TUR,45.413897,28.006763,21
30-TUR,45.413699,28.006362,22
30-TUR,45.413637,28.006156,23
30-TUR,45.413614,28.006082,24
30-TUR,45.413629,28.006002,25
30-TUR,45.413617,28.005930,26
30-TUR,45.413584,28.005874,27
30-TUR,45.413537,28.005842,28
30-TUR,45.413500,28.005840,29
30-TUR,45.413352,28.005628,30
30-TUR,45.413224,28.005384,31
30-TUR,45.413108,28.005169,32
30-TUR,45.412969,28.004879,33
30-TUR,45.412722,28.004407,34
30-TUR,45.412531,28.004116,35
30-TUR,45.412335,28.003861,36
30-TUR,45.412138,28.003643,37
30-TUR,45.411052,28.002748,38
30-TUR,45.411004,28.002708,39
30-TUR,45.410765,28.002509,40
30-TUR,45.410730,28.002479,41
30-TUR,45.410485,28.002267,42
30-TUR,45.410107,28.001950,43
30-TUR,45.409909,28.001790,44
30-TUR,45.409787,28.001689,45
30-TUR,45.409669,28.001590,46
30-TUR,45.409595,28.001529,47
30-TUR,45.409476,28.001425,48
30-TUR,45.409411,28.001369,49
30-TUR,45.409255,28.001221,50
30-TUR,45.409101,28.001037,51
30-TUR,45.409019,28.000915,52
30-TUR,45.408960,28.000811,53
30-TUR,45.408841,28.000566,54
30-TUR,45.408734,28.000290,55
30-TUR,45.408659,28.000035,56
30-TUR,45.408602,27.999730,57
30-TUR,45.408578,27.999520,58
30-TUR,45.408560,27.999442,59
30-TUR,45.408541,27.999361,60
30-TUR,45.408546,27.999323,61
30-TUR,45.408546,27.999285,62
30-TUR,45.408539,27.999248,63
30-TUR,45.408564,27.999095,64
30-TUR,45.408576,27.998586,65
30-TUR,45.408578,27.997714,66
30-TUR,45.408578,27.996982,67
30-TUR,45.408579,27.996159,68
30-TUR,45.408580,27.995747,69
30-TUR,45.408543,27.995545,70
30-TUR,45.408542,27.995236,71
30-TUR,45.408538,27.994958,72
30-TUR,45.408507,27.994641,73
30-TUR,45.408477,27.994405,74
30-TUR,45.408439,27.994204,75
30-TUR,45.408419,27.994093,76
30-TUR,45.408403,27.994041,77
30-TUR,45.408389,27.993992,78
30-TUR,45.408375,27.993945,79
30-TUR,45.408228,27.993558,80
30-TUR,45.408092,27.993269,81
30-TUR,45.407832,27.992853,82
30-TUR,45.407640,27.992557,83
30-TUR,45.407412,27.992217,84
30-TUR,45.407224,27.991933,85
30-TUR,45.406999,27.991578,86
30-TUR,45.406794,27.991256,87
30-TUR,45.406683,27.991063,88
30-TUR,45.406579,27.990822,89
30-TUR,45.406495,27.990562,90
30-TUR,45.406423,27.990259,91
30-TUR,45.406389,27.990020,92
30-TUR,45.406378,27.989789,93
30-TUR,45.406376,27.989559,94
30-TUR,45.406389,27.989331,95
30-TUR,45.406408,27.989116,96
30-TUR,45.406440,27.988845,97
30-TUR,45.406499,27.988463,98
30-TUR,45.406506,27.988415,99
30-TUR,45.406531,27.988247,100
30-TUR,45.406540,27.988194,101
30-TUR,45.406602,27.987769,102
30-TUR,45.406646,27.987479,103
30-TUR,45.406653,27.987428,104
30-TUR,45.406724,27.986950,105
30-TUR,45.406764,27.986685,106
30-TUR,45.406771,27.986634,107
30-TUR,45.406795,27.986472,108
30-TUR,45.406869,27.985975,109
30-TUR,45.406906,27.985744,110
30-TUR,45.406999,27.985079,111
30-TUR,45.407033,27.984836,112
30-TUR,45.407065,27.984610,113
30-TUR,45.407076,27.984531,114
30-TUR,45.407204,27.983637,115
30-TUR,45.407245,27.983344,116
30-TUR,45.407284,27.983070,117
30-TUR,45.407360,27.982536,118
30-TUR,45.407464,27.981808,119
30-TUR,45.407554,27.981177,120
30-TUR,45.407629,27.980642,121
30-TUR,45.407747,27.979807,122
30-TUR,45.407825,27.979257,123
30-TUR,45.407895,27.978756,124
30-TUR,45.407912,27.978640,125
30-TUR,45.407962,27.978283,126
30-TUR,45.408017,27.977796,127
30-TUR,45.408033,27.977385,128
30-TUR,45.408017,27.977111,129
30-TUR,45.408016,27.977094,130
30-TUR,45.408009,27.977045,131
30-RETUR,45.408005,27.977015,1
30-RETUR,45.408009,27.977045,2
30-RETUR,45.408016,27.977094,3
30-RETUR,45.408017,27.977111,4
30-RETUR,45.408033,27.977385,5
30-RETUR,45.408017,27.977796,6
30-RETUR,45.407962,27.978283,7
30-RETUR,45.407912,27.978640,8
30-RETUR,45.407895,27.978756,9
30-RETUR,45.407825,27.979257,10
30-RETUR,45.407747,27.979807,11
30-RETUR,45.407629,27.980642,12
30-RETUR,45.407554,27.981177,13
30-RETUR,45.407464,27.981808,14
30-RETUR,45.407360,27.982536,15
30-RETUR,45.407284,27.983070,16
30-RETUR,45.407245,27.983344,17
30-RETUR,45.407204,27.983637,18
30-RETUR,45.407076,27.984531,19
30-RETUR,45.407065,27.984610,20
30-RETUR,45.407033,27.984836,21
30-RETUR,45.406999,27.985079,22
30-RETUR,45.406906,27.985744,23
30-RETUR,45.406869,27.985975,24
30-RETUR,45.406795,27.986472,25
30-RETUR,45.406771,27.986634,26
30-RETUR,45.406764,27.986685,27
30-RETUR,45.406724,27.986950,28
30-RETUR,45.406653,27.987428,29
30-RETUR,45.406646,27.987479,30
30-RETUR,45.406602,27.987769,31
30-RETUR,45.406540,27.988194,32
30-RETUR,45.406531,27.988247,33
30-RETUR,45.406506,27.988415,34
30-RETUR,45.406499,27.988463,35
30-RETUR,45.406440,27.988845,36
30-RETUR,45.406408,27.989116,37
30-RETUR,45.406389,27.989331,38
30-RETUR,45.406376,27.989559,39
30-RETUR,45.406378,27.989789,40
30-RETUR,45.406389,27.990020,41
30-RETUR,45.406423,27.990259,42
30-RETUR,45.406495,27.990562,43
30-RETUR,45.406579,27.990822,44
30-RETUR,45.406683,27.991063,45
30-RETUR,45.406794,27.991256,46
30-RETUR,45.406999,27.991578,47
30-RETUR,45.407224,27.991933,48
30-RETUR,45.407412,27.992217,49
30-RETUR,45.407640,27.992557,50
30-RETUR,45.407832,27.992853,51
30-RETUR,45.408092,27.993269,52
30-RETUR,45.408228,27.993558,53
30-RETUR,45.408375,27.993945,54
30-RETUR,45.408389,27.993992,55
30-RETUR,45.408403,27.994041,56
30-RETUR,45.408419,27.994093,57
30-RETUR,45.408439,27.994204,58
30-RETUR,45.408477,27.994405,59
30-RETUR,45.408507,27.994641,60
30-RETUR,45.408538,27.994958,61
30-RETUR,45.408542,27.995236,62
30-RETUR,45.408543,27.995545,63
30-RETUR,45.408501,27.995703,64
30-RETUR,45.408500,27.996118,65
30-RETUR,45.408499,27.996879,66
30-RETUR,45.408504,27.997636,67
30-RETUR,45.408495,27.998581,68
30-RETUR,45.408490,27.998841,69
30-RETUR,45.408474,27.998954,70
30-RETUR,45.408445,27.999038,71
30-RETUR,45.408420,27.999093,72
30-RETUR,45.408391,27.999154,73
30-RETUR,45.408368,27.999171,74
30-RETUR,45.408340,27.999209,75
30-RETUR,45.408323,27.999255,76
30-RETUR,45.408316,27.999306,77
30-RETUR,45.408322,27.999357,78
30-RETUR,45.408338,27.999404,79
30-RETUR,45.408364,27.999440,80
30-RETUR,45.408397,27.999464,81
30-RETUR,45.408422,27.999471,82
30-RETUR,45.408476,27.999569,83
30-RETUR,45.408512,27.999657,84
30-RETUR,45.408537,27.999755,85
30-RETUR,45.408595,28.000066,86
30-RETUR,45.408673,28.000332,87
30-RETUR,45.408784,28.000616,88
30-RETUR,45.408906,28.000869,89
30-RETUR,45.408969,28.000978,90
30-RETUR,45.409052,28.001103,91
30-RETUR,45.409212,28.001303,92
30-RETUR,45.409373,28.001456,93
30-RETUR,45.409558,28.001617,94
30-RETUR,45.409873,28.001879,95
30-RETUR,45.410071,28.002039,96
30-RETUR,45.410449,28.002355,97
30-RETUR,45.410693,28.002567,98
30-RETUR,45.412051,28.003723,99
30-RETUR,45.412281,28.003956,100
30-RETUR,45.412469,28.004199,101
30-RETUR,45.412656,28.004485,102
30-RETUR,45.412900,28.004950,103
30-RETUR,45.413027,28.005205,104
30-RETUR,45.413155,28.005456,105
30-RETUR,45.413281,28.005694,106
30-RETUR,45.413370,28.005899,107
30-RETUR,45.413399,28.005974,108
30-RETUR,45.413398,28.006016,109
30-RETUR,45.413407,28.006070,110
30-RETUR,45.413428,28.006116,111
30-RETUR,45.413459,28.006149,112
30-RETUR,45.413496,28.006166,113
30-RETUR,45.413517,28.006168,114
30-RETUR,45.413699,28.006362,115
30-RETUR,45.413897,28.006763,116
30-RETUR,45.413996,28.006963,117
30-RETUR,45.414162,28.007285,118
30-RETUR,45.414175,28.007315,119
30-RETUR,45.414336,28.007647,120
30-RETUR,45.414426,28.007828,121
30-RETUR,45.414897,28.008775,122
30-RETUR,45.414998,28.008979,123
30-RETUR,45.415261,28.009517,124
30-RETUR,45.415151,28.009626,125
30-RETUR,45.414917,28.009859,126
30-RETUR,45.414614,28.010160,127
30-RETUR,45.414015,28.010788,128
30-RETUR,45.413502,28.011325,129
30-RETUR,45.413232,28.011603,130
30-RETUR,45.413098,28.011750,131
30-RETUR,45.412945,28.011925,132
30-RETUR,45.412825,28.012091,133
30-RETUR,45.412894,28.012211,134
30-RETUR,45.413073,28.012523,135
30-RETUR,45.413132,28.012625,136
30-RETUR,45.413199,28.012731,137
30-RETUR,45.413284,28.012454,138
39-TUR,45.412809,28.016004,1
39-TUR,45.412900,28.016173,2
39-TUR,45.412943,28.016237,3
39-TUR,45.412973,28.016267,4
39-TUR,45.412991,28.016279,5
39-TUR,45.413035,28.016308,6
39-TUR,45.413057,28.016331,7
39-TUR,45.413073,28.016355,8
39-TUR,45.413113,28.016423,9
39-TUR,45.413322,28.016827,10
39-TUR,45.413591,28.017342,11
39-TUR,45.413732,28.017595,12
39-TUR,45.414182,28.018449,13
39-TUR,45.414316,28.018714,14
39-TUR,45.414818,28.019707,15
39-TUR,45.415039,28.020144,16
39-TUR,45.415329,28.020737,17
39-TUR,45.415435,28.020941,18
39-TUR,45.415599,28.021259,19
39-TUR,45.415832,28.021719,20
39-TUR,45.415886,28.021826,21
39-TUR,45.416288,28.022603,22
39-TUR,45.416311,28.022648,23
39-TUR,45.416556,28.023130,24
39-TUR,45.416606,28.023220,25
39-TUR,45.416646,28.023283,26
39-TUR,45.416683,28.023329,27
39-TUR,45.416732,28.023370,28
39-TUR,45.416829,28.023402,29
39-TUR,45.416847,28.023405,30
39-TUR,45.416881,28.023409,31
39-TUR,45.416951,28.023399,32
39-TUR,45.417017,28.023387,33
39-TUR,45.417541,28.023168,34
39-TUR,45.417640,28.023115,35
39-TUR,45.417729,28.023062,36
39-TUR,45.417828,28.023000,37
39-TUR,45.417920,28.022930,38
39-TUR,45.418036,28.022838,39
39-TUR,45.418122,28.022760,40
39-TUR,45.418236,28.022654,41
39-TUR,45.418332,28.022565,42
39-TUR,45.418503,28.022384,43
39-TUR,45.418988,28.021868,44
39-TUR,45.419066,28.021787,45
39-TUR,45.419652,28.021207,46
39-TUR,45.419685,28.021175,47
39-TUR,45.420179,28.020667,48
39-TUR,45.420475,28.020374,49
39-TUR,45.420600,28.020258,50
39-TUR,45.420699,28.020155,51
39-TUR,45.420750,28.020108,52
39-TUR,45.420801,28.020063,53
39-TUR,45.420851,28.020027,54
39-TUR,45.420920,28.019979,55
39-TUR,45.420996,28.019933,56
39-TUR,45.421075,28.019903,57
39-TUR,45.421162,28.019873,58
39-TUR,45.421262,28.019839,59
39-TUR,45.421384,28.019805,60
39-TUR,45.422002,28.019662,61
39-TUR,45.422120,28.019632,62
39-TUR,45.422224,28.019609,63
39-TUR,45.422267,28.019601,64
39-TUR,45.422309,28.019590,65
39-TUR,45.422345,28.019588,66
39-TUR,45.422396,28.019582,67
39-TUR,45.422813,28.019561,68
39-TUR,45.423163,28.019543,69
39-TUR,45.423626,28.019518,70
39-TUR,45.423697,28.019515,71
39-TUR,45.423763,28.019509,72
39-TUR,45.424611,28.019458,73
39-TUR,45.425093,28.019437,74
39-TUR,45.425127,28.019433,75
39-TUR,45.425569,28.019423,76
39-TUR,45.425690,28.019420,77
39-TUR,45.426154,28.019391,78
39-TUR,45.426265,28.019383,79
39-TUR,45.426328,28.019372,80
39-TUR,45.426361,28.019365,81
39-TUR,45.426398,28.019357,82
39-TUR,45.426432,28.019343,83
39-TUR,45.426468,28.019328,84
39-TUR,45.426553,28.019287,85
39-TUR,45.426630,28.019247,86
39-TUR,45.426749,28.019170,87
39-TUR,45.426945,28.019043,88
39-TUR,45.427063,28.018974,89
39-TUR,45.427091,28.018953,90
39-TUR,45.427225,28.018864,91
39-TUR,45.427253,28.018846,92
39-TUR,45.427330,28.018805,93
39-TUR,45.427386,28.018786,94
39-TUR,45.427462,28.018767,95
39-TUR,45.427548,28.018759,96
39-TUR,45.427636,28.018756,97
39-TUR,45.427780,28.018743,98
39-TUR,45.427867,28.018739,99
39-TUR,45.427949,28.018743,100
39-TUR,45.428044,28.018741,101
39-TUR,45.428509,28.018788,102
39-TUR,45.428594,28.018805,103
39-TUR,45.428740,28.018834,104
39-TUR,45.428854,28.018859,105
39-TUR,45.428936,28.018877,106
39-TUR,45.429045,28.018913,107
39-TUR,45.429515,28.019083,108
39-TUR,45.429579,28.019105,109
39-TUR,45.429595,28.019111,110
39-TUR,45.429706,28.019152,111
39-TUR,45.429803,28.019201,112
39-TUR,45.429935,28.019282,113
39-TUR,45.430020,28.019338,114
39-TUR,45.430101,28.019389,115
39-TUR,45.430213,28.019481,116
39-TUR,45.430314,28.019573,117
39-TUR,45.430419,28.019682,118
39-TUR,45.430508,28.019787,119
39-TUR,45.430590,28.019904,120
39-TUR,45.430691,28.020055,121
39-TUR,45.430765,28.020178,122
39-TUR,45.430836,28.020379,123
39-TUR,45.430854,28.020429,124
39-TUR,45.430918,28.020624,125
39-TUR,45.430961,28.020758,126
39-TUR,45.431001,28.020889,127
39-TUR,45.431034,28.021015,128
39-TUR,45.431046,28.021086,129
39-TUR,45.431063,28.021182,130
39-TUR,45.431080,28.021354,131
39-TUR,45.431094,28.021518,132
39-TUR,45.431100,28.021684,133
39-TUR,45.431095,28.021836,134
39-TUR,45.431079,28.022002,135
39-TUR,45.431055,28.022150,136
39-TUR,45.430860,28.023158,137
39-TUR,45.430746,28.023751,138
39-TUR,45.430658,28.024255,139
39-TUR,45.430638,28.024422,140
39-TUR,45.430646,28.024559,141
39-TUR,45.430660,28.024726,142
39-TUR,45.430672,28.024785,143
39-TUR,45.430713,28.024872,144
39-TUR,45.430775,28.024962,145
39-TUR,45.430845,28.025023,146
39-TUR,45.430933,28.025048,147
39-TUR,45.431015,28.025063,148
39-TUR,45.432702,28.025376,149
39-TUR,45.433174,28.025449,150
39-TUR,45.433546,28.025481,151
39-TUR,45.433790,28.025471,152
39-TUR,45.433841,28.025468,153
39-TUR,45.433960,28.025459,154
39-TUR,45.434070,28.025433,155
39-TUR,45.434173,28.025408,156
39-TUR,45.434350,28.025361,157
39-TUR,45.434513,28.025302,158
39-TUR,45.434677,28.025230,159
39-TUR,45.434997,28.025048,160
39-TUR,45.435214,28.024904,161
39-TUR,45.436384,28.023963,162
39-TUR,45.436437,28.023924,163
39-TUR,45.436663,28.023750,164
39-TUR,45.436907,28.023562,165
39-TUR,45.437888,28.022781,166
39-TUR,45.437981,28.022701,167
39-TUR,45.438949,28.021946,168
39-TUR,45.439742,28.021329,169
39-TUR,45.439809,28.021280,170
39-TUR,45.439915,28.021203,171
39-TUR,45.439976,28.021180,172
39-TUR,45.440082,28.021173,173
39-TUR,45.440141,28.021178,174
39-TUR,45.440154,28.021190,175
39-TUR,45.440213,28.021226,176
39-TUR,45.440277,28.021242,177
39-TUR,45.440341,28.021238,178
39-TUR,45.440403,28.021212,179
39-TUR,45.440461,28.021163,180
39-TUR,45.440510,28.021096,181
39-TUR,45.440546,28.021015,182
39-TUR,45.440567,28.020923,183
39-TUR,45.440653,28.020851,184
39-TUR,45.440673,28.020831,185
39-TUR,45.440748,28.020804,186
39-TUR,45.440787,28.020799,187
39-TUR,45.440879,28.020816,188
39-TUR,45.442116,28.021516,189
39-TUR,45.442229,28.021577,190
39-TUR,45.442415,28.021681,191
39-TUR,45.442559,28.021762,192
39-TUR,45.444231,28.022734,193
39-TUR,45.444666,28.022976,194
39-TUR,45.444775,28.023038,195
39-TUR,45.444849,28.023080,196
39-TUR,45.446231,28.023895,197
39-TUR,45.447922,28.024853,198
39-TUR,45.448100,28.024964,199
39-TUR,45.448371,28.025124,200
39-TUR,45.448421,28.025153,201
39-TUR,45.448545,28.025223,202
39-TUR,45.449022,28.025494,203
39-TUR,45.449268,28.025627,204
39-TUR,45.449390,28.025698,205
39-TUR,45.449429,28.025729,206
39-TUR,45.449478,28.025759,207
39-TUR,45.449528,28.025772,208
39-TUR,45.449587,28.025767,209
39-TUR,45.449642,28.025741,210
39-TUR,45.449700,28.025687,211
39-TUR,45.449737,28.025625,212
39-TUR,45.449764,28.025546,213
39-TUR,45.449775,28.025478,214
39-TUR,45.449777,28.025406,215
39-TUR,45.449812,28.025265,216
39-TUR,45.449931,28.024654,217
39-TUR,45.450095,28.023808,218
39-TUR,45.450123,28.023721,219
39-TUR,45.450187,28.023639,220
39-TUR,45.450247,28.023602,221
39-TUR,45.450308,28.023584,222
39-TUR,45.450375,28.023596,223
39-TUR,45.450722,28.023636,224
39-TUR,45.454528,28.024165,225
39-TUR,45.454619,28.024179,226
39-TUR,45.454740,28.024207,227
39-TUR,45.454807,28.024246,228
39-TUR,45.454854,28.024299,229
39-TUR,45.454880,28.024344,230
39-TUR,45.454910,28.024465,231
39-TUR,45.454923,28.024583,232
39-TUR,45.454937,28.024831,233
39-TUR,45.455024,28.026045,234
39-TUR,45.455128,28.027796,235
39-TUR,45.455158,28.028157,236
39-TUR,45.455195,28.028728,237
39-TUR,45.455216,28.029057,238
39-TUR,45.455224,28.029201,239
39-TUR,45.455232,28.029291,240
39-TUR,45.455265,28.029737,241
39-TUR,45.455277,28.029871,242
39-TUR,45.455341,28.030760,243
39-TUR,45.455391,28.031478,244
39-TUR,45.455467,28.032687,245
39-TUR,45.455526,28.033958,246
39-TUR,45.455526,28.034015,247
39-TUR,45.455555,28.034250,248
39-TUR,45.455590,28.034352,249
39-TUR,45.455635,28.034429,250
39-TUR,45.455672,28.034472,251
39-TUR,45.455686,28.034481,252
39-TUR,45.455710,28.034496,253
39-TUR,45.455757,28.034509,254
39-TUR,45.455805,28.034509,255
39-TUR,45.456086,28.034484,256
39-TUR,45.456936,28.034400,257
39-TUR,45.457629,28.034329,258
39-TUR,45.458242,28.034271,259
39-TUR,45.458694,28.034229,260
39-TUR,45.459898,28.034122,261
39-TUR,45.460215,28.034090,262
39-TUR,45.460419,28.034070,263
39-TUR,45.460511,28.034061,264
39-TUR,45.460831,28.034034,265
39-TUR,45.460988,28.034022,266
39-TUR,45.461120,28.034013,267
39-TUR,45.461391,28.033994,268
39-TUR,45.461874,28.033942,269
39-TUR,45.462026,28.033915,270
39-TUR,45.462699,28.033802,271
39-TUR,45.463504,28.033670,272
39-TUR,45.464189,28.033543,273
39-TUR,45.464393,28.033502,274
39-TUR,45.464434,28.033486,275
39-TUR,45.464459,28.033475,276
39-TUR,45.464480,28.033456,277
39-TUR,45.464503,28.033429,278
39-TUR,45.464526,28.033403,279
39-TUR,45.464547,28.033368,280
39-TUR,45.464568,28.033330,281
39-TUR,45.464592,28.033267,282
39-TUR,45.464607,28.033218,283
39-TUR,45.464636,28.033099,284
39-TUR,45.464650,28.033048,285
39-TUR,45.464661,28.033008,286
39-TUR,45.464667,28.032982,287
39-TUR,45.464719,28.032870,288
39-TUR,45.464768,28.032811,289
39-TUR,45.464800,28.032780,290
39-TUR,45.464845,28.032752,291
39-TUR,45.465101,28.032625,292
39-RETUR,45.464679,28.032543,1
39-RETUR,45.464677,28.032650,2
39-RETUR,45.464665,28.032778,3
39-RETUR,45.464653,28.032832,4
39-RETUR,45.464643,28.032876,5
39-RETUR,45.464626,28.032956,6
39-RETUR,45.464604,28.033051,7
39-RETUR,45.464560,28.033206,8
39-RETUR,45.464532,28.033280,9
39-RETUR,45.464500,28.033341,10
39-RETUR,45.464465,28.033383,11
39-RETUR,45.464430,28.033414,12
39-RETUR,45.464382,28.033449,13
39-RETUR,45.463842,28.033547,14
39-RETUR,45.463481,28.033605,15
39-RETUR,45.463176,28.033655,16
39-RETUR,45.462405,28.033775,17
39-RETUR,45.461950,28.033856,18
39-RETUR,45.461929,28.033859,19
39-RETUR,45.461846,28.033872,20
39-RETUR,45.461814,28.033877,21
39-RETUR,45.461508,28.033907,22
39-RETUR,45.461427,28.033914,23
39-RETUR,45.460922,28.033953,24
39-RETUR,45.460919,28.033954,25
39-RETUR,45.460284,28.034013,26
39-RETUR,45.460160,28.034026,27
39-RETUR,45.459556,28.034087,28
39-RETUR,45.458944,28.034142,29
39-RETUR,45.458446,28.034190,30
39-RETUR,45.457840,28.034248,31
39-RETUR,45.457390,28.034296,32
39-RETUR,45.457354,28.034299,33
39-RETUR,45.456965,28.034328,34
39-RETUR,45.456780,28.034352,35
39-RETUR,45.456579,28.034370,36
39-RETUR,45.456539,28.034375,37
39-RETUR,45.455860,28.034442,38
39-RETUR,45.455804,28.034445,39
39-RETUR,45.455730,28.034433,40
39-RETUR,45.455697,28.034414,41
39-RETUR,45.455687,28.034408,42
39-RETUR,45.455653,28.034372,43
39-RETUR,45.455622,28.034322,44
39-RETUR,45.455600,28.034270,45
39-RETUR,45.455596,28.034246,46
39-RETUR,45.455585,28.034192,47
39-RETUR,45.455571,28.033997,48
39-RETUR,45.455569,28.033960,49
39-RETUR,45.455498,28.032686,50
39-RETUR,45.455470,28.032180,51
39-RETUR,45.455424,28.031475,52
39-RETUR,45.455401,28.031121,53
39-RETUR,45.455317,28.029879,54
39-RETUR,45.455307,28.029728,55
39-RETUR,45.455289,28.029475,56
39-RETUR,45.455276,28.029261,57
39-RETUR,45.455238,28.028720,58
39-RETUR,45.455198,28.028151,59
39-RETUR,45.455179,28.027799,60
39-RETUR,45.455177,28.027771,61
39-RETUR,45.455177,28.027752,62
39-RETUR,45.455172,28.027671,63
39-RETUR,45.455066,28.026128,64
39-RETUR,45.455011,28.025326,65
39-RETUR,45.454967,28.024676,66
39-RETUR,45.454963,28.024580,67
39-RETUR,45.454947,28.024446,68
39-RETUR,45.454928,28.024351,69
39-RETUR,45.454893,28.024282,70
39-RETUR,45.454855,28.024225,71
39-RETUR,45.454808,28.024181,72
39-RETUR,45.454759,28.024147,73
39-RETUR,45.454622,28.024120,74
39-RETUR,45.454346,28.024078,75
39-RETUR,45.453757,28.023976,76
39-RETUR,45.453136,28.023889,77
39-RETUR,45.451264,28.023629,78
39-RETUR,45.450780,28.023567,79
39-RETUR,45.450572,28.023541,80
39-RETUR,45.450376,28.023518,81
39-RETUR,45.450310,28.023520,82
39-RETUR,45.450241,28.023533,83
39-RETUR,45.450168,28.023571,84
39-RETUR,45.450113,28.023627,85
39-RETUR,45.450064,28.023701,86
39-RETUR,45.450043,28.023758,87
39-RETUR,45.450020,28.023851,88
39-RETUR,45.449923,28.024347,89
39-RETUR,45.449863,28.024630,90
39-RETUR,45.449783,28.024826,91
39-RETUR,45.449691,28.024960,92
39-RETUR,45.449614,28.025040,93
39-RETUR,45.449567,28.025076,94
39-RETUR,45.449482,28.025123,95
39-RETUR,45.449446,28.025142,96
39-RETUR,45.449413,28.025169,97
39-RETUR,45.449384,28.025203,98
39-RETUR,45.449265,28.025299,99
39-RETUR,45.449131,28.025365,100
39-RETUR,45.449049,28.025387,101
39-RETUR,45.448948,28.025377,102
39-RETUR,45.448829,28.025326,103
39-RETUR,45.448378,28.025074,104
39-RETUR,45.448113,28.024913,105
39-RETUR,45.447938,28.024807,106
39-RETUR,45.444863,28.023030,107
39-RETUR,45.444788,28.022986,108
39-RETUR,45.444681,28.022925,109
39-RETUR,45.442574,28.021721,110
39-RETUR,45.442429,28.021636,111
39-RETUR,45.442240,28.021534,112
39-RETUR,45.441943,28.021370,113
39-RETUR,45.440890,28.020757,114
39-RETUR,45.440794,28.020710,115
39-RETUR,45.440651,28.020669,116
39-RETUR,45.440579,28.020647,117
39-RETUR,45.440514,28.020609,118
39-RETUR,45.440495,28.020575,119
39-RETUR,45.440446,28.020516,120
39-RETUR,45.440389,28.020475,121
39-RETUR,45.440351,28.020460,122
39-RETUR,45.440259,28.020454,123
39-RETUR,45.440194,28.020478,124
39-RETUR,45.440134,28.020523,125
39-RETUR,45.440084,28.020588,126
39-RETUR,45.440047,28.020667,127
39-RETUR,45.440023,28.020757,128
39-RETUR,45.440016,28.020853,129
39-RETUR,45.440019,28.020923,130
39-RETUR,45.439987,28.021001,131
39-RETUR,45.439938,28.021082,132
39-RETUR,45.439886,28.021150,133
39-RETUR,45.439791,28.021226,134
39-RETUR,45.439531,28.021435,135
39-RETUR,45.439425,28.021515,136
39-RETUR,45.438934,28.021894,137
39-RETUR,45.437868,28.022731,138
39-RETUR,45.436888,28.023512,139
39-RETUR,45.436612,28.023730,140
39-RETUR,45.436421,28.023883,141
39-RETUR,45.436147,28.024102,142
39-RETUR,45.435367,28.024722,143
39-RETUR,45.435192,28.024858,144
39-RETUR,45.434983,28.024994,145
39-RETUR,45.434661,28.025174,146
39-RETUR,45.434342,28.025300,147
39-RETUR,45.434167,28.025351,148
39-RETUR,45.434072,28.025372,149
39-RETUR,45.433963,28.025397,150
39-RETUR,45.433843,28.025415,151
39-RETUR,45.433789,28.025416,152
39-RETUR,45.433549,28.025430,153
39-RETUR,45.433171,28.025406,154
39-RETUR,45.432708,28.025325,155
39-RETUR,45.431015,28.025018,156
39-RETUR,45.430936,28.025003,157
39-RETUR,45.430851,28.024983,158
39-RETUR,45.430798,28.024939,159
39-RETUR,45.430759,28.024882,160
39-RETUR,45.430735,28.024837,161
39-RETUR,45.430703,28.024764,162
39-RETUR,45.430681,28.024667,163
39-RETUR,45.430679,28.024535,164
39-RETUR,45.430684,28.024437,165
39-RETUR,45.430690,28.024393,166
39-RETUR,45.430743,28.024063,167
39-RETUR,45.430899,28.023184,168
39-RETUR,45.430960,28.022857,169
39-RETUR,45.431077,28.022271,170
39-RETUR,45.431107,28.022123,171
39-RETUR,45.431126,28.022008,172
39-RETUR,45.431139,28.021914,173
39-RETUR,45.431148,28.021803,174
39-RETUR,45.431147,28.021691,175
39-RETUR,45.431144,28.021592,176
39-RETUR,45.431144,28.021453,177
39-RETUR,45.431128,28.021250,178
39-RETUR,45.431107,28.021050,179
39-RETUR,45.431085,28.020935,180
39-RETUR,45.431063,28.020830,181
39-RETUR,45.430985,28.020598,182
39-RETUR,45.430895,28.020343,183
39-RETUR,45.430876,28.020289,184
39-RETUR,45.430825,28.020154,185
39-RETUR,45.430756,28.020028,186
39-RETUR,45.430692,28.019913,187
39-RETUR,45.430613,28.019800,188
39-RETUR,45.430529,28.019693,189
39-RETUR,45.430443,28.019595,190
39-RETUR,45.430383,28.019530,191
39-RETUR,45.430296,28.019453,192
39-RETUR,45.430231,28.019396,193
39-RETUR,45.430125,28.019321,194
39-RETUR,45.430032,28.019266,195
39-RETUR,45.429917,28.019190,196
39-RETUR,45.429788,28.019119,197
39-RETUR,45.429680,28.019070,198
39-RETUR,45.429563,28.019012,199
39-RETUR,45.429440,28.018968,200
39-RETUR,45.429336,28.018934,201
39-RETUR,45.429082,28.018843,202
39-RETUR,45.428900,28.018794,203
39-RETUR,45.428758,28.018756,204
39-RETUR,45.428638,28.018732,205
39-RETUR,45.428568,28.018724,206
39-RETUR,45.428433,28.018709,207
39-RETUR,45.428005,28.018675,208
39-RETUR,45.427891,28.018670,209
39-RETUR,45.427798,28.018670,210
39-RETUR,45.427606,28.018686,211
39-RETUR,45.427470,28.018695,212
39-RETUR,45.427364,28.018715,213
39-RETUR,45.427287,28.018742,214
39-RETUR,45.427282,28.018744,215
39-RETUR,45.427214,28.018778,216
39-RETUR,45.427054,28.018876,217
39-RETUR,45.426927,28.018961,218
39-RETUR,45.426643,28.019152,219
39-RETUR,45.426539,28.019218,220
39-RETUR,45.426454,28.019253,221
39-RETUR,45.426431,28.019264,222
39-RETUR,45.426377,28.019288,223
39-RETUR,45.426351,28.019302,224
39-RETUR,45.426261,28.019318,225
39-RETUR,45.426166,28.019330,226
39-RETUR,45.425763,28.019355,227
39-RETUR,45.425604,28.019363,228
39-RETUR,45.425346,28.019367,229
39-RETUR,45.425127,28.019367,230
39-RETUR,45.425092,28.019369,231
39-RETUR,45.424588,28.019394,232
39-RETUR,45.423728,28.019440,233
39-RETUR,45.423624,28.019442,234
39-RETUR,45.423114,28.019481,235
39-RETUR,45.422803,28.019500,236
39-RETUR,45.422311,28.019522,237
39-RETUR,45.422259,28.019531,238
39-RETUR,45.422222,28.019533,239
39-RETUR,45.422138,28.019552,240
39-RETUR,45.421314,28.019765,241
39-RETUR,45.421184,28.019792,242
39-RETUR,45.421052,28.019830,243
39-RETUR,45.420963,28.019869,244
39-RETUR,45.420809,28.019935,245
39-RETUR,45.420798,28.019941,246
39-RETUR,45.420757,28.019972,247
39-RETUR,45.420648,28.020050,248
39-RETUR,45.420549,28.020147,249
39-RETUR,45.419395,28.021367,250
39-RETUR,45.419132,28.021637,251
39-RETUR,45.418469,28.022315,252
39-RETUR,45.418282,28.022513,253
39-RETUR,45.418138,28.022649,254
39-RETUR,45.418013,28.022766,255
39-RETUR,45.417898,28.022861,256
39-RETUR,45.417791,28.022936,257
39-RETUR,45.417666,28.023014,258
39-RETUR,45.417614,28.023045,259
39-RETUR,45.417206,28.023243,260
39-RETUR,45.416957,28.023341,261
39-RETUR,45.416896,28.023355,262
39-RETUR,45.416852,28.023352,263
39-RETUR,45.416840,28.023350,264
39-RETUR,45.416795,28.023335,265
39-RETUR,45.416733,28.023291,266
39-RETUR,45.416670,28.023213,267
39-RETUR,45.416632,28.023155,268
39-RETUR,45.416335,28.022594,269
39-RETUR,45.416193,28.022308,270
39-RETUR,45.415910,28.021806,271
39-RETUR,45.415623,28.021237,272
39-RETUR,45.415345,28.020693,273
39-RETUR,45.415065,28.020118,274
39-RETUR,45.414845,28.019654,275
39-RETUR,45.414352,28.018674,276
39-RETUR,45.414221,28.018411,277
39-RETUR,45.413763,28.017563,278
39-RETUR,45.413620,28.017309,279
39-RETUR,45.413350,28.016800,280
39-RETUR,45.413127,28.016368,281
39-RETUR,45.413069,28.016277,282
39-RETUR,45.413018,28.016185,283
39-RETUR,45.412721,28.015603,284
7-TUR,45.412809,28.016004,1
7-TUR,45.412900,28.016173,2
7-TUR,45.412943,28.016237,3
7-TUR,45.412973,28.016267,4
7-TUR,45.412991,28.016279,5
7-TUR,45.413035,28.016308,6
7-TUR,45.413057,28.016331,7
7-TUR,45.413073,28.016355,8
7-TUR,45.413113,28.016423,9
7-TUR,45.413322,28.016827,10
7-TUR,45.413591,28.017342,11
7-TUR,45.413732,28.017595,12
7-TUR,45.414182,28.018449,13
7-TUR,45.414316,28.018714,14
7-TUR,45.414818,28.019707,15
7-TUR,45.415039,28.020144,16
7-TUR,45.415329,28.020737,17
7-TUR,45.415435,28.020941,18
7-TUR,45.415599,28.021259,19
7-TUR,45.415832,28.021719,20
7-TUR,45.415886,28.021826,21
7-TUR,45.416288,28.022603,22
7-TUR,45.416311,28.022648,23
7-TUR,45.416556,28.023130,24
7-TUR,45.416606,28.023220,25
7-TUR,45.416646,28.023283,26
7-TUR,45.416683,28.023329,27
7-TUR,45.416732,28.023370,28
7-TUR,45.416829,28.023402,29
7-TUR,45.416847,28.023405,30
7-TUR,45.416881,28.023409,31
7-TUR,45.416951,28.023399,32
7-TUR,45.417017,28.023387,33
7-TUR,45.417541,28.023168,34
7-TUR,45.417640,28.023115,35
7-TUR,45.417729,28.023062,36
7-TUR,45.417828,28.023000,37
7-TUR,45.417920,28.022930,38
7-TUR,45.418036,28.022838,39
7-TUR,45.418122,28.022760,40
7-TUR,45.418236,28.022654,41
7-TUR,45.418332,28.022565,42
7-TUR,45.418503,28.022384,43
7-TUR,45.418988,28.021868,44
7-TUR,45.419066,28.021787,45
7-TUR,45.419652,28.021207,46
7-TUR,45.419685,28.021175,47
7-TUR,45.420179,28.020667,48
7-TUR,45.420475,28.020374,49
7-TUR,45.420600,28.020258,50
7-TUR,45.420699,28.020155,51
7-TUR,45.420750,28.020108,52
7-TUR,45.420801,28.020063,53
7-TUR,45.420851,28.020027,54
7-TUR,45.420920,28.019979,55
7-TUR,45.420996,28.019933,56
7-TUR,45.421075,28.019903,57
7-TUR,45.421162,28.019873,58
7-TUR,45.421262,28.019839,59
7-TUR,45.421384,28.019805,60
7-TUR,45.422002,28.019662,61
7-TUR,45.422120,28.019632,62
7-TUR,45.422224,28.019609,63
7-TUR,45.422267,28.019601,64
7-TUR,45.422309,28.019590,65
7-TUR,45.422345,28.019588,66
7-TUR,45.422396,28.019582,67
7-TUR,45.422813,28.019561,68
7-TUR,45.423163,28.019543,69
7-TUR,45.423626,28.019518,70
7-TUR,45.423697,28.019515,71
7-TUR,45.423763,28.019509,72
7-TUR,45.424611,28.019458,73
7-TUR,45.425093,28.019435,74
7-TUR,45.425127,28.019433,75
7-TUR,45.425569,28.019423,76
7-TUR,45.425690,28.019420,77
7-TUR,45.426154,28.019391,78
7-TUR,45.426265,28.019383,79
7-TUR,45.426328,28.019372,80
7-TUR,45.426361,28.019365,81
7-TUR,45.426398,28.019357,82
7-TUR,45.426432,28.019343,83
7-TUR,45.426468,28.019328,84
7-TUR,45.426553,28.019287,85
7-TUR,45.426630,28.019247,86
7-TUR,45.426749,28.019170,87
7-TUR,45.426945,28.019043,88
7-TUR,45.427063,28.018974,89
7-TUR,45.427091,28.018953,90
7-TUR,45.427225,28.018864,91
7-TUR,45.427253,28.018846,92
7-TUR,45.427330,28.018805,93
7-TUR,45.427386,28.018786,94
7-TUR,45.427462,28.018767,95
7-TUR,45.427548,28.018759,96
7-TUR,45.427636,28.018756,97
7-TUR,45.427780,28.018743,98
7-TUR,45.427867,28.018739,99
7-TUR,45.427949,28.018743,100
7-TUR,45.428044,28.018741,101
7-TUR,45.428509,28.018788,102
7-TUR,45.428594,28.018805,103
7-TUR,45.428740,28.018834,104
7-TUR,45.428854,28.018859,105
7-TUR,45.428936,28.018877,106
7-TUR,45.429045,28.018913,107
7-TUR,45.429515,28.019083,108
7-TUR,45.429579,28.019105,109
7-TUR,45.429595,28.019111,110
7-TUR,45.429706,28.019152,111
7-TUR,45.429803,28.019201,112
7-TUR,45.429935,28.019282,113
7-TUR,45.430020,28.019338,114
7-TUR,45.430101,28.019389,115
7-TUR,45.430213,28.019481,116
7-TUR,45.430314,28.019573,117
7-TUR,45.430419,28.019682,118
7-TUR,45.430508,28.019787,119
7-TUR,45.430590,28.019904,120
7-TUR,45.430691,28.020055,121
7-TUR,45.430765,28.020178,122
7-TUR,45.430836,28.020379,123
7-TUR,45.430854,28.020429,124
7-TUR,45.430918,28.020624,125
7-TUR,45.430961,28.020758,126
7-TUR,45.431001,28.020889,127
7-TUR,45.431034,28.021015,128
7-TUR,45.431046,28.021086,129
7-TUR,45.431063,28.021182,130
7-TUR,45.431080,28.021354,131
7-TUR,45.431094,28.021518,132
7-TUR,45.431100,28.021684,133
7-TUR,45.431095,28.021836,134
7-TUR,45.431079,28.022002,135
7-TUR,45.431055,28.022150,136
7-TUR,45.430860,28.023158,137
7-TUR,45.430746,28.023751,138
7-TUR,45.430658,28.024255,139
7-TUR,45.430638,28.024422,140
7-TUR,45.430646,28.024559,141
7-TUR,45.430660,28.024726,142
7-TUR,45.430672,28.024785,143
7-TUR,45.430713,28.024872,144
7-TUR,45.430775,28.024962,145
7-TUR,45.430845,28.025023,146
7-TUR,45.430933,28.025048,147
7-TUR,45.431015,28.025063,148
7-TUR,45.432702,28.025376,149
7-TUR,45.433174,28.025449,150
7-TUR,45.433546,28.025481,151
7-TUR,45.433790,28.025471,152
7-TUR,45.433841,28.025468,153
7-TUR,45.433960,28.025459,154
7-TUR,45.434070,28.025433,155
7-TUR,45.434173,28.025408,156
7-TUR,45.434350,28.025361,157
7-TUR,45.434513,28.025302,158
7-TUR,45.434677,28.025230,159
7-TUR,45.434997,28.025048,160
7-TUR,45.435214,28.024904,161
7-TUR,45.436384,28.023963,162
7-TUR,45.436437,28.023924,163
7-TUR,45.436663,28.023750,164
7-TUR,45.436907,28.023562,165
7-TUR,45.437888,28.022781,166
7-TUR,45.437981,28.022701,167
7-TUR,45.438949,28.021946,168
7-TUR,45.439742,28.021329,169
7-TUR,45.439809,28.021280,170
7-TUR,45.439915,28.021203,171
7-TUR,45.439976,28.021180,172
7-TUR,45.440082,28.021173,173
7-TUR,45.440141,28.021178,174
7-TUR,45.440154,28.021190,175
7-TUR,45.440233,28.021331,176
7-TUR,45.440260,28.021408,177
7-TUR,45.440300,28.021511,178
7-TUR,45.440317,28.021699,179
7-TUR,45.440321,28.021809,180
7-TUR,45.440323,28.021892,181
7-TUR,45.440323,28.021909,182
7-TUR,45.440348,28.022785,183
7-TUR,45.440349,28.022816,184
7-TUR,45.440414,28.024405,185
7-TUR,45.440417,28.024490,186
7-TUR,45.440443,28.025218,187
7-TUR,45.440459,28.025594,188
7-TUR,45.440483,28.026089,189
7-TUR,45.440509,28.026651,190
7-TUR,45.440512,28.026720,191
7-TUR,45.440545,28.027647,192
7-TUR,45.440568,28.028166,193
7-TUR,45.440609,28.028975,194
7-TUR,45.440643,28.029792,195
7-TUR,45.440646,28.029850,196
7-TUR,45.440655,28.030086,197
7-TUR,45.440670,28.030448,198
7-TUR,45.440676,28.030555,199
7-TUR,45.440727,28.031591,200
7-TUR,45.440746,28.031958,201
7-TUR,45.440743,28.032005,202
7-TUR,45.440841,28.033871,203
7-TUR,45.440851,28.034065,204
7-TUR,45.440896,28.034440,205
7-TUR,45.440985,28.034941,206
7-TUR,45.441082,28.035396,207
7-TUR,45.441141,28.035653,208
7-TUR,45.441208,28.035944,209
7-TUR,45.441305,28.036368,210
7-TUR,45.441686,28.037870,211
7-TUR,45.441790,28.038260,212
7-TUR,45.441841,28.038453,213
7-TUR,45.441970,28.038939,214
7-TUR,45.441976,28.038963,215
7-TUR,45.442121,28.039531,216
7-TUR,45.442315,28.040314,217
7-TUR,45.442415,28.040719,218
7-TUR,45.442420,28.040738,219
7-TUR,45.442821,28.042312,220
7-TUR,45.442939,28.042776,221
7-TUR,45.443267,28.044050,222
7-TUR,45.443465,28.044830,223
7-TUR,45.443773,28.046048,224
7-TUR,45.443834,28.046291,225
7-TUR,45.443848,28.046400,226
7-TUR,45.443851,28.046450,227
7-TUR,45.443849,28.046488,228
7-TUR,45.443842,28.046530,229
7-TUR,45.443827,28.046568,230
7-TUR,45.443826,28.046571,231
7-TUR,45.443758,28.046692,232
7-TUR,45.443678,28.046795,233
7-TUR,45.443590,28.046878,234
7-TUR,45.443506,28.046920,235
7-TUR,45.443035,28.047158,236
7-TUR,45.442938,28.047207,237
7-TUR,45.442794,28.047280,238
7-TUR,45.442514,28.047424,239
7-TUR,45.442264,28.047539,240
7-TUR,45.442003,28.047677,241
7-TUR,45.441697,28.047828,242
7-TUR,45.441577,28.047889,243
7-TUR,45.441519,28.047918,244
7-TUR,45.440691,28.048340,245
7-TUR,45.440303,28.048537,246
7-TUR,45.440265,28.048556,247
7-TUR,45.439874,28.048753,248
7-TUR,45.439592,28.048899,249
7-TUR,45.439550,28.048920,250
7-TUR,45.439469,28.048963,251
7-TUR,45.439407,28.048997,252
7-TUR,45.439094,28.049164,253
7-TUR,45.438858,28.049290,254
7-TUR,45.438471,28.049486,255
7-TUR,45.438380,28.049506,256
7-TUR,45.438296,28.049481,257
7-TUR,45.438253,28.049443,258
7-TUR,45.438226,28.049400,259
7-TUR,45.438195,28.049251,260
7-TUR,45.438175,28.049189,261
7-TUR,45.438170,28.049174,262
7-TUR,45.438158,28.049159,263
7-TUR,45.438127,28.049121,264
7-TUR,45.438074,28.049090,265
7-TUR,45.438018,28.049081,266
7-TUR,45.437967,28.049097,267
7-TUR,45.437917,28.049138,268
7-TUR,45.437883,28.049190,269
7-TUR,45.437861,28.049278,270
7-TUR,45.437850,28.049366,271
7-TUR,45.437846,28.049462,272
7-RETUR,45.437846,28.049462,1
7-RETUR,45.437856,28.049568,2
7-RETUR,45.437882,28.049638,3
7-RETUR,45.437898,28.049655,4
7-RETUR,45.437931,28.049688,5
7-RETUR,45.437980,28.049711,6
7-RETUR,45.438059,28.049709,7
7-RETUR,45.438087,28.049709,8
7-RETUR,45.438243,28.049639,9
7-RETUR,45.438306,28.049611,10
7-RETUR,45.438867,28.049317,11
7-RETUR,45.439016,28.049239,12
7-RETUR,45.439353,28.049061,13
7-RETUR,45.439409,28.049032,14
7-RETUR,45.439478,28.048996,15
7-RETUR,45.439556,28.048955,16
7-RETUR,45.440269,28.048580,17
7-RETUR,45.440695,28.048368,18
7-RETUR,45.440834,28.048297,19
7-RETUR,45.440959,28.048233,20
7-RETUR,45.441085,28.048168,21
7-RETUR,45.441525,28.047944,22
7-RETUR,45.441703,28.047853,23
7-RETUR,45.441713,28.047848,24
7-RETUR,45.442007,28.047696,25
7-RETUR,45.442519,28.047444,26
7-RETUR,45.442597,28.047405,27
7-RETUR,45.443041,28.047184,28
7-RETUR,45.443053,28.047178,29
7-RETUR,45.443547,28.046923,30
7-RETUR,45.443589,28.046901,31
7-RETUR,45.443608,28.046883,32
7-RETUR,45.443645,28.046849,33
7-RETUR,45.443685,28.046807,34
7-RETUR,45.443768,28.046702,35
7-RETUR,45.443837,28.046581,36
7-RETUR,45.443856,28.046535,37
7-RETUR,45.443863,28.046494,38
7-RETUR,45.443864,28.046448,39
7-RETUR,45.443860,28.046403,40
7-RETUR,45.443854,28.046351,41
7-RETUR,45.443848,28.046286,42
7-RETUR,45.443478,28.044824,43
7-RETUR,45.443276,28.044045,44
7-RETUR,45.442952,28.042769,45
7-RETUR,45.442947,28.042748,46
7-RETUR,45.442436,28.040730,47
7-RETUR,45.442431,28.040711,48
7-RETUR,45.442352,28.040396,49
7-RETUR,45.442134,28.039526,50
7-RETUR,45.441994,28.038955,51
7-RETUR,45.441989,28.038931,52
7-RETUR,45.441812,28.038274,53
7-RETUR,45.441701,28.037862,54
7-RETUR,45.441678,28.037772,55
7-RETUR,45.441336,28.036438,56
7-RETUR,45.441281,28.036198,57
7-RETUR,45.441223,28.035942,58
7-RETUR,45.441158,28.035658,59
7-RETUR,45.441097,28.035389,60
7-RETUR,45.441001,28.034935,61
7-RETUR,45.440909,28.034429,62
7-RETUR,45.440868,28.034062,63
7-RETUR,45.440765,28.031955,64
7-RETUR,45.440747,28.031589,65
7-RETUR,45.440693,28.030554,66
7-RETUR,45.440688,28.030447,67
7-RETUR,45.440658,28.029791,68
7-RETUR,45.440636,28.029280,69
7-RETUR,45.440623,28.028966,70
7-RETUR,45.440616,28.028818,71
7-RETUR,45.440587,28.028176,72
7-RETUR,45.440584,28.028100,73
7-RETUR,45.440576,28.027917,74
7-RETUR,45.440534,28.026814,75
7-RETUR,45.440525,28.026607,76
7-RETUR,45.440495,28.025905,77
7-RETUR,45.440488,28.025737,78
7-RETUR,45.440482,28.025607,79
7-RETUR,45.440469,28.025340,80
7-RETUR,45.440460,28.025145,81
7-RETUR,45.440459,28.025134,82
7-RETUR,45.440448,28.024847,83
7-RETUR,45.440442,28.024704,84
7-RETUR,45.440403,28.023706,85
7-RETUR,45.440367,28.022791,86
7-RETUR,45.440362,28.022669,87
7-RETUR,45.440340,28.021970,88
7-RETUR,45.440339,28.021908,89
7-RETUR,45.440335,28.021786,90
7-RETUR,45.440332,28.021697,91
7-RETUR,45.440338,28.021467,92
7-RETUR,45.440349,28.021403,93
7-RETUR,45.440366,28.021282,94
7-RETUR,45.440403,28.021212,95
7-RETUR,45.440461,28.021163,96
7-RETUR,45.440510,28.021096,97
7-RETUR,45.440546,28.021015,98
7-RETUR,45.440567,28.020923,99
7-RETUR,45.440568,28.020827,100
7-RETUR,45.440556,28.020734,101
7-RETUR,45.440536,28.020661,102
7-RETUR,45.440514,28.020609,103
7-RETUR,45.440495,28.020575,104
7-RETUR,45.440446,28.020516,105
7-RETUR,45.440389,28.020475,106
7-RETUR,45.440351,28.020460,107
7-RETUR,45.440259,28.020454,108
7-RETUR,45.440194,28.020478,109
7-RETUR,45.440134,28.020523,110
7-RETUR,45.440084,28.020588,111
7-RETUR,45.440047,28.020667,112
7-RETUR,45.440023,28.020757,113
7-RETUR,45.440016,28.020853,114
7-RETUR,45.440019,28.020923,115
7-RETUR,45.439987,28.021001,116
7-RETUR,45.439938,28.021082,117
7-RETUR,45.439886,28.021150,118
7-RETUR,45.439791,28.021226,119
7-RETUR,45.439531,28.021435,120
7-RETUR,45.439425,28.021515,121
7-RETUR,45.438934,28.021894,122
7-RETUR,45.437868,28.022731,123
7-RETUR,45.436888,28.023512,124
7-RETUR,45.436612,28.023730,125
7-RETUR,45.436421,28.023883,126
7-RETUR,45.436147,28.024102,127
7-RETUR,45.435367,28.024722,128
7-RETUR,45.435192,28.024858,129
7-RETUR,45.434983,28.024994,130
7-RETUR,45.434661,28.025174,131
7-RETUR,45.434342,28.025300,132
7-RETUR,45.434167,28.025351,133
7-RETUR,45.434072,28.025372,134
7-RETUR,45.433963,28.025397,135
7-RETUR,45.433843,28.025415,136
7-RETUR,45.433789,28.025416,137
7-RETUR,45.433549,28.025430,138
7-RETUR,45.433171,28.025406,139
7-RETUR,45.432708,28.025325,140
7-RETUR,45.431015,28.025018,141
7-RETUR,45.430936,28.025003,142
7-RETUR,45.430851,28.024983,143
7-RETUR,45.430798,28.024939,144
7-RETUR,45.430759,28.024882,145
7-RETUR,45.430735,28.024837,146
7-RETUR,45.430703,28.024764,147
7-RETUR,45.430681,28.024667,148
7-RETUR,45.430679,28.024535,149
7-RETUR,45.430684,28.024437,150
7-RETUR,45.430690,28.024393,151
7-RETUR,45.430743,28.024063,152
7-RETUR,45.430899,28.023184,153
7-RETUR,45.430960,28.022857,154
7-RETUR,45.431077,28.022271,155
7-RETUR,45.431107,28.022123,156
7-RETUR,45.431126,28.022008,157
7-RETUR,45.431139,28.021914,158
7-RETUR,45.431148,28.021803,159
7-RETUR,45.431147,28.021691,160
7-RETUR,45.431144,28.021592,161
7-RETUR,45.431144,28.021453,162
7-RETUR,45.431128,28.021250,163
7-RETUR,45.431107,28.021050,164
7-RETUR,45.431085,28.020935,165
7-RETUR,45.431063,28.020830,166
7-RETUR,45.430985,28.020598,167
7-RETUR,45.430895,28.020343,168
7-RETUR,45.430876,28.020289,169
7-RETUR,45.430825,28.020154,170
7-RETUR,45.430756,28.020028,171
7-RETUR,45.430692,28.019913,172
7-RETUR,45.430613,28.019800,173
7-RETUR,45.430529,28.019693,174
7-RETUR,45.430443,28.019595,175
7-RETUR,45.430383,28.019530,176
7-RETUR,45.430296,28.019453,177
7-RETUR,45.430231,28.019396,178
7-RETUR,45.430125,28.019321,179
7-RETUR,45.430032,28.019266,180
7-RETUR,45.429917,28.019190,181
7-RETUR,45.429788,28.019119,182
7-RETUR,45.429680,28.019070,183
7-RETUR,45.429563,28.019012,184
7-RETUR,45.429440,28.018968,185
7-RETUR,45.429336,28.018934,186
7-RETUR,45.429082,28.018843,187
7-RETUR,45.428900,28.018794,188
7-RETUR,45.428758,28.018756,189
7-RETUR,45.428638,28.018732,190
7-RETUR,45.428568,28.018724,191
7-RETUR,45.428433,28.018709,192
7-RETUR,45.428005,28.018675,193
7-RETUR,45.427891,28.018670,194
7-RETUR,45.427798,28.018670,195
7-RETUR,45.427606,28.018686,196
7-RETUR,45.427470,28.018695,197
7-RETUR,45.427364,28.018715,198
7-RETUR,45.427287,28.018742,199
7-RETUR,45.427282,28.018744,200
7-RETUR,45.427214,28.018778,201
7-RETUR,45.427054,28.018876,202
7-RETUR,45.426927,28.018961,203
7-RETUR,45.426643,28.019152,204
7-RETUR,45.426539,28.019218,205
7-RETUR,45.426454,28.019253,206
7-RETUR,45.426431,28.019264,207
7-RETUR,45.426377,28.019288,208
7-RETUR,45.426351,28.019302,209
7-RETUR,45.426261,28.019318,210
7-RETUR,45.426166,28.019330,211
7-RETUR,45.425763,28.019355,212
7-RETUR,45.425604,28.019363,213
7-RETUR,45.425346,28.019367,214
7-RETUR,45.425127,28.019367,215
7-RETUR,45.425092,28.019369,216
7-RETUR,45.424588,28.019394,217
7-RETUR,45.423728,28.019440,218
7-RETUR,45.423624,28.019442,219
7-RETUR,45.423114,28.019481,220
7-RETUR,45.422803,28.019500,221
7-RETUR,45.422311,28.019522,222
7-RETUR,45.422259,28.019531,223
7-RETUR,45.422222,28.019533,224
7-RETUR,45.422138,28.019552,225
7-RETUR,45.421314,28.019765,226
7-RETUR,45.421184,28.019792,227
7-RETUR,45.421052,28.019830,228
7-RETUR,45.420963,28.019869,229
7-RETUR,45.420809,28.019935,230
7-RETUR,45.420798,28.019941,231
7-RETUR,45.420757,28.019972,232
7-RETUR,45.420648,28.020050,233
7-RETUR,45.420549,28.020147,234
7-RETUR,45.419395,28.021367,235
7-RETUR,45.419132,28.021637,236
7-RETUR,45.418469,28.022315,237
7-RETUR,45.418282,28.022513,238
7-RETUR,45.418138,28.022649,239
7-RETUR,45.418013,28.022766,240
7-RETUR,45.417898,28.022861,241
7-RETUR,45.417791,28.022936,242
7-RETUR,45.417666,28.023014,243
7-RETUR,45.417614,28.023045,244
7-RETUR,45.417206,28.023243,245
7-RETUR,45.416957,28.023341,246
7-RETUR,45.416896,28.023355,247
7-RETUR,45.416852,28.023352,248
7-RETUR,45.416840,28.023350,249
7-RETUR,45.416795,28.023335,250
7-RETUR,45.416733,28.023291,251
7-RETUR,45.416670,28.023213,252
7-RETUR,45.416632,28.023155,253
7-RETUR,45.416335,28.022594,254
7-RETUR,45.416193,28.022308,255
7-RETUR,45.415910,28.021806,256
7-RETUR,45.415623,28.021237,257
7-RETUR,45.415345,28.020693,258
7-RETUR,45.415065,28.020118,259
7-RETUR,45.414845,28.019654,260
7-RETUR,45.414352,28.018674,261
7-RETUR,45.414221,28.018411,262
7-RETUR,45.413763,28.017563,263
7-RETUR,45.413620,28.017309,264
7-RETUR,45.413350,28.016800,265
7-RETUR,45.413127,28.016368,266
7-RETUR,45.413069,28.016277,267
7-RETUR,45.413018,28.016185,268
7-RETUR,45.412721,28.015603,269
44-TUR,45.455476,28.028651,1
44-TUR,45.455316,28.028175,2
44-TUR,45.455301,28.028139,3
44-TUR,45.455225,28.027951,4
44-TUR,45.455195,28.027862,5
44-TUR,45.455182,28.027799,6
44-TUR,45.455177,28.027771,7
44-TUR,45.455177,28.027752,8
44-TUR,45.455172,28.027671,9
44-TUR,45.455066,28.026128,10
44-TUR,45.455011,28.025326,11
44-TUR,45.454967,28.024676,12
44-TUR,45.454963,28.024580,13
44-TUR,45.454947,28.024446,14
44-TUR,45.454928,28.024351,15
44-TUR,45.454893,28.024282,16
44-TUR,45.454855,28.024225,17
44-TUR,45.454808,28.024181,18
44-TUR,45.454759,28.024147,19
44-TUR,45.454622,28.024120,20
44-TUR,45.454346,28.024078,21
44-TUR,45.453757,28.023976,22
44-TUR,45.453136,28.023889,23
44-TUR,45.451264,28.023629,24
44-TUR,45.450780,28.023567,25
44-TUR,45.450572,28.023541,26
44-TUR,45.450376,28.023518,27
44-TUR,45.450310,28.023520,28
44-TUR,45.450241,28.023533,29
44-TUR,45.450168,28.023571,30
44-TUR,45.450113,28.023627,31
44-TUR,45.450064,28.023701,32
44-TUR,45.450043,28.023758,33
44-TUR,45.450020,28.023851,34
44-TUR,45.449923,28.024347,35
44-TUR,45.449863,28.024630,36
44-TUR,45.449783,28.024826,37
44-TUR,45.449691,28.024960,38
44-TUR,45.449614,28.025040,39
44-TUR,45.449567,28.025076,40
44-TUR,45.449482,28.025123,41
44-TUR,45.449446,28.025142,42
44-TUR,45.449413,28.025169,43
44-TUR,45.449384,28.025203,44
44-TUR,45.449265,28.025299,45
44-TUR,45.449131,28.025365,46
44-TUR,45.449049,28.025387,47
44-TUR,45.448948,28.025377,48
44-TUR,45.448829,28.025326,49
44-TUR,45.448378,28.025074,50
44-TUR,45.448113,28.024913,51
44-TUR,45.447938,28.024807,52
44-TUR,45.444863,28.023030,53
44-TUR,45.444788,28.022986,54
44-TUR,45.444681,28.022925,55
44-TUR,45.442574,28.021721,56
44-TUR,45.442429,28.021636,57
44-TUR,45.442240,28.021534,58
44-TUR,45.441943,28.021370,59
44-TUR,45.440890,28.020757,60
44-TUR,45.440794,28.020710,61
44-TUR,45.440651,28.020669,62
44-TUR,45.440579,28.020647,63
44-TUR,45.440514,28.020609,64
44-TUR,45.440495,28.020575,65
44-TUR,45.440446,28.020516,66
44-TUR,45.440389,28.020475,67
44-TUR,45.440351,28.020460,68
44-TUR,45.440259,28.020454,69
44-TUR,45.440194,28.020478,70
44-TUR,45.440134,28.020523,71
44-TUR,45.440084,28.020588,72
44-TUR,45.440047,28.020667,73
44-TUR,45.440023,28.020757,74
44-TUR,45.440016,28.020853,75
44-TUR,45.440019,28.020923,76
44-TUR,45.440050,28.021037,77
44-TUR,45.440089,28.021115,78
44-TUR,45.440141,28.021178,79
44-TUR,45.440154,28.021190,80
44-TUR,45.440233,28.021331,81
44-TUR,45.440260,28.021408,82
44-TUR,45.440300,28.021511,83
44-TUR,45.440317,28.021699,84
44-TUR,45.440321,28.021809,85
44-TUR,45.440323,28.021892,86
44-TUR,45.440323,28.021909,87
44-TUR,45.440348,28.022785,88
44-TUR,45.440349,28.022816,89
44-TUR,45.440414,28.024405,90
44-TUR,45.440417,28.024490,91
44-TUR,45.440443,28.025218,92
44-TUR,45.440459,28.025594,93
44-TUR,45.440483,28.026089,94
44-TUR,45.440509,28.026651,95
44-TUR,45.440512,28.026720,96
44-TUR,45.440545,28.027647,97
44-TUR,45.440568,28.028166,98
44-TUR,45.440609,28.028975,99
44-TUR,45.440643,28.029792,100
44-TUR,45.440646,28.029850,101
44-TUR,45.440655,28.030086,102
44-TUR,45.440670,28.030448,103
44-TUR,45.440676,28.030555,104
44-TUR,45.440727,28.031591,105
44-TUR,45.440746,28.031958,106
44-TUR,45.440743,28.032005,107
44-TUR,45.440841,28.033871,108
44-TUR,45.440851,28.034065,109
44-TUR,45.440896,28.034440,110
44-TUR,45.440985,28.034941,111
44-TUR,45.441082,28.035396,112
44-TUR,45.441141,28.035653,113
44-TUR,45.441208,28.035944,114
44-TUR,45.441305,28.036368,115
44-TUR,45.441686,28.037870,116
44-TUR,45.441790,28.038260,117
44-TUR,45.441841,28.038453,118
44-TUR,45.441970,28.038939,119
44-TUR,45.441976,28.038963,120
44-TUR,45.442121,28.039531,121
44-TUR,45.442315,28.040314,122
44-TUR,45.442415,28.040719,123
44-TUR,45.442420,28.040738,124
44-TUR,45.442821,28.042312,125
44-TUR,45.442939,28.042776,126
44-TUR,45.443267,28.044050,127
44-TUR,45.443465,28.044830,128
44-TUR,45.443773,28.046048,129
44-TUR,45.443834,28.046291,130
44-TUR,45.443848,28.046400,131
44-TUR,45.443851,28.046450,132
44-TUR,45.443849,28.046488,133
44-TUR,45.443842,28.046530,134
44-TUR,45.443827,28.046568,135
44-TUR,45.443826,28.046571,136
44-TUR,45.443758,28.046692,137
44-TUR,45.443678,28.046795,138
44-TUR,45.443590,28.046878,139
44-TUR,45.443506,28.046920,140
44-TUR,45.443035,28.047158,141
44-TUR,45.442938,28.047207,142
44-TUR,45.442794,28.047280,143
44-TUR,45.442514,28.047424,144
44-TUR,45.442264,28.047539,145
44-TUR,45.442003,28.047677,146
44-TUR,45.441697,28.047828,147
44-TUR,45.441577,28.047889,148
44-TUR,45.441519,28.047918,149
44-TUR,45.440691,28.048340,150
44-TUR,45.440303,28.048537,151
44-TUR,45.440265,28.048556,152
44-TUR,45.439874,28.048753,153
44-TUR,45.439592,28.048899,154
44-TUR,45.439550,28.048920,155
44-TUR,45.439469,28.048963,156
44-TUR,45.439407,28.048997,157
44-TUR,45.439094,28.049164,158
44-TUR,45.438858,28.049290,159
44-TUR,45.438471,28.049486,160
44-TUR,45.438380,28.049506,161
44-TUR,45.438296,28.049481,162
44-TUR,45.438253,28.049443,163
44-TUR,45.438226,28.049400,164
44-TUR,45.438195,28.049251,165
44-TUR,45.438175,28.049189,166
44-TUR,45.438170,28.049174,167
44-TUR,45.438158,28.049159,168
44-TUR,45.438127,28.049121,169
44-TUR,45.438074,28.049090,170
44-TUR,45.438018,28.049081,171
44-TUR,45.437967,28.049097,172
44-TUR,45.437917,28.049138,173
44-TUR,45.437883,28.049190,174
44-TUR,45.437861,28.049278,175
44-TUR,45.437850,28.049366,176
44-TUR,45.437846,28.049462,177
44-RETUR,45.437846,28.049462,1
44-RETUR,45.437856,28.049568,2
44-RETUR,45.437882,28.049638,3
44-RETUR,45.437898,28.049655,4
44-RETUR,45.437931,28.049688,5
44-RETUR,45.437980,28.049711,6
44-RETUR,45.438059,28.049709,7
44-RETUR,45.438087,28.049709,8
44-RETUR,45.438243,28.049639,9
44-RETUR,45.438306,28.049611,10
44-RETUR,45.438867,28.049317,11
44-RETUR,45.439016,28.049239,12
44-RETUR,45.439353,28.049061,13
44-RETUR,45.439409,28.049032,14
44-RETUR,45.439478,28.048996,15
44-RETUR,45.439556,28.048955,16
44-RETUR,45.440269,28.048580,17
44-RETUR,45.440695,28.048368,18
44-RETUR,45.440834,28.048297,19
44-RETUR,45.440959,28.048233,20
44-RETUR,45.441085,28.048168,21
44-RETUR,45.441525,28.047944,22
44-RETUR,45.441703,28.047853,23
44-RETUR,45.441713,28.047848,24
44-RETUR,45.442007,28.047696,25
44-RETUR,45.442519,28.047444,26
44-RETUR,45.442597,28.047405,27
44-RETUR,45.443041,28.047184,28
44-RETUR,45.443053,28.047178,29
44-RETUR,45.443547,28.046923,30
44-RETUR,45.443589,28.046901,31
44-RETUR,45.443608,28.046883,32
44-RETUR,45.443645,28.046849,33
44-RETUR,45.443685,28.046807,34
44-RETUR,45.443768,28.046702,35
44-RETUR,45.443837,28.046581,36
44-RETUR,45.443856,28.046535,37
44-RETUR,45.443863,28.046494,38
44-RETUR,45.443864,28.046448,39
44-RETUR,45.443860,28.046403,40
44-RETUR,45.443854,28.046351,41
44-RETUR,45.443848,28.046286,42
44-RETUR,45.443478,28.044824,43
44-RETUR,45.443276,28.044045,44
44-RETUR,45.442952,28.042769,45
44-RETUR,45.442947,28.042748,46
44-RETUR,45.442436,28.040730,47
44-RETUR,45.442431,28.040711,48
44-RETUR,45.442352,28.040396,49
44-RETUR,45.442134,28.039526,50
44-RETUR,45.441994,28.038955,51
44-RETUR,45.441989,28.038931,52
44-RETUR,45.441812,28.038274,53
44-RETUR,45.441701,28.037862,54
44-RETUR,45.441678,28.037772,55
44-RETUR,45.441336,28.036438,56
44-RETUR,45.441281,28.036198,57
44-RETUR,45.441223,28.035942,58
44-RETUR,45.441158,28.035658,59
44-RETUR,45.441097,28.035389,60
44-RETUR,45.441001,28.034935,61
44-RETUR,45.440909,28.034429,62
44-RETUR,45.440868,28.034062,63
44-RETUR,45.440765,28.031955,64
44-RETUR,45.440747,28.031589,65
44-RETUR,45.440693,28.030554,66
44-RETUR,45.440688,28.030447,67
44-RETUR,45.440658,28.029791,68
44-RETUR,45.440636,28.029280,69
44-RETUR,45.440623,28.028966,70
44-RETUR,45.440616,28.028818,71
44-RETUR,45.440587,28.028176,72
44-RETUR,45.440584,28.028100,73
44-RETUR,45.440576,28.027917,74
44-RETUR,45.440534,28.026814,75
44-RETUR,45.440525,28.026607,76
44-RETUR,45.440495,28.025905,77
44-RETUR,45.440488,28.025737,78
44-RETUR,45.440482,28.025607,79
44-RETUR,45.440469,28.025340,80
44-RETUR,45.440460,28.025145,81
44-RETUR,45.440459,28.025134,82
44-RETUR,45.440448,28.024847,83
44-RETUR,45.440442,28.024704,84
44-RETUR,45.440403,28.023706,85
44-RETUR,45.440367,28.022791,86
44-RETUR,45.440362,28.022669,87
44-RETUR,45.440340,28.021970,88
44-RETUR,45.440339,28.021908,89
44-RETUR,45.440335,28.021786,90
44-RETUR,45.440332,28.021697,91
44-RETUR,45.440338,28.021467,92
44-RETUR,45.440349,28.021403,93
44-RETUR,45.440366,28.021282,94
44-RETUR,45.440403,28.021212,95
44-RETUR,45.440461,28.021163,96
44-RETUR,45.440510,28.021096,97
44-RETUR,45.440546,28.021015,98
44-RETUR,45.440567,28.020923,99
44-RETUR,45.440653,28.020851,100
44-RETUR,45.440673,28.020831,101
44-RETUR,45.440748,28.020804,102
44-RETUR,45.440787,28.020799,103
44-RETUR,45.440879,28.020816,104
44-RETUR,45.442116,28.021516,105
44-RETUR,45.442229,28.021577,106
44-RETUR,45.442415,28.021681,107
44-RETUR,45.442559,28.021762,108
44-RETUR,45.444231,28.022734,109
44-RETUR,45.444666,28.022976,110
44-RETUR,45.444775,28.023038,111
44-RETUR,45.444849,28.023080,112
44-RETUR,45.446231,28.023895,113
44-RETUR,45.447922,28.024853,114
44-RETUR,45.448100,28.024964,115
44-RETUR,45.448371,28.025124,116
44-RETUR,45.448421,28.025153,117
44-RETUR,45.448545,28.025223,118
44-RETUR,45.449022,28.025494,119
44-RETUR,45.449268,28.025627,120
44-RETUR,45.449390,28.025698,121
44-RETUR,45.449429,28.025729,122
44-RETUR,45.449478,28.025759,123
44-RETUR,45.449528,28.025772,124
44-RETUR,45.449587,28.025767,125
44-RETUR,45.449642,28.025741,126
44-RETUR,45.449700,28.025687,127
44-RETUR,45.449737,28.025625,128
44-RETUR,45.449764,28.025546,129
44-RETUR,45.449775,28.025478,130
44-RETUR,45.449777,28.025406,131
44-RETUR,45.449812,28.025265,132
44-RETUR,45.449931,28.024654,133
44-RETUR,45.450095,28.023808,134
44-RETUR,45.450123,28.023721,135
44-RETUR,45.450187,28.023639,136
44-RETUR,45.450247,28.023602,137
44-RETUR,45.450308,28.023584,138
44-RETUR,45.450375,28.023596,139
44-RETUR,45.450722,28.023636,140
44-RETUR,45.454528,28.024165,141
44-RETUR,45.454619,28.024179,142
44-RETUR,45.454740,28.024207,143
44-RETUR,45.454807,28.024246,144
44-RETUR,45.454854,28.024299,145
44-RETUR,45.454880,28.024344,146
44-RETUR,45.454910,28.024465,147
44-RETUR,45.454923,28.024583,148
44-RETUR,45.454937,28.024831,149
44-RETUR,45.455024,28.026045,150
44-RETUR,45.455128,28.027796,151
44-RETUR,45.455158,28.028157,152
44-RETUR,45.455195,28.028728,153
44-RETUR,45.455224,28.029201,154
44-RETUR,45.455232,28.029291,155
44-RETUR,45.455256,28.029391,156
44-RETUR,45.455272,28.029442,157
44-RETUR,45.455289,28.029475,158
44-RETUR,45.455328,28.029514,159
44-RETUR,45.455371,28.029530,160
44-RETUR,45.455408,28.029535,161
44-RETUR,45.455451,28.029536,162
44-RETUR,45.455492,28.029526,163
44-RETUR,45.455540,28.029505,164
44-RETUR,45.455589,28.029448,165
44-RETUR,45.455620,28.029386,166
44-RETUR,45.455642,28.029306,167
44-RETUR,45.455648,28.029232,168
44-RETUR,45.455642,28.029151,169
44-RETUR,45.455630,28.029099,170
44-RETUR,45.455578,28.028937,171
44-RETUR,45.455476,28.028651,172
39B-TUR,45.465238,28.036181,1
39B-TUR,45.465260,28.036093,2
39B-TUR,45.465265,28.036031,3
39B-TUR,45.465263,28.035929,4
39B-TUR,45.465261,28.035865,5
39B-TUR,45.465292,28.035866,6
39B-TUR,45.465324,28.035861,7
39B-TUR,45.465350,28.035843,8
39B-TUR,45.465373,28.035825,9
39B-TUR,45.465394,28.035794,10
39B-TUR,45.465408,28.035765,11
39B-TUR,45.465419,28.035730,12
39B-TUR,45.465425,28.035663,13
39B-TUR,45.465415,28.035598,14
39B-TUR,45.465390,28.035541,15
39B-TUR,45.465363,28.035507,16
39B-TUR,45.465331,28.035485,17
39B-TUR,45.465296,28.035475,18
39B-TUR,45.465260,28.035478,19
39B-TUR,45.465194,28.035326,20
39B-TUR,45.465174,28.035260,21
39B-TUR,45.465088,28.034911,22
39B-TUR,45.465000,28.034533,23
39B-TUR,45.464896,28.034209,24
39B-TUR,45.464805,28.033807,25
39B-TUR,45.464738,28.033546,26
39B-TUR,45.464709,28.033438,27
39B-TUR,45.464705,28.033411,28
39B-TUR,45.464757,28.033390,29
39B-TUR,45.464795,28.033365,30
39B-TUR,45.464831,28.033336,31
39B-TUR,45.464912,28.033261,32
39B-TUR,45.465292,28.032899,33
39B-TUR,45.465442,28.032736,34
39B-TUR,45.465555,28.032614,35
39B-TUR,45.465627,28.032519,36
39B-TUR,45.465673,28.032436,37
39B-TUR,45.465691,28.032370,38
39B-TUR,45.465692,28.032345,39
39B-TUR,45.465695,28.032249,40
39B-TUR,45.465689,28.032046,41
39B-TUR,45.465678,28.031160,42
39B-TUR,45.465677,28.031140,43
39B-TUR,45.465669,28.030477,44
39B-TUR,45.465666,28.030274,45
39B-TUR,45.465649,28.028917,46
39B-TUR,45.465644,28.028503,47
39B-TUR,45.465641,28.028299,48
39B-TUR,45.465639,28.028135,49
39B-TUR,45.465624,28.026923,50
39B-TUR,45.465618,28.026490,51
39B-TUR,45.465597,28.024820,52
39B-TUR,45.465587,28.023946,53
39B-TUR,45.465576,28.023195,54
39B-TUR,45.465575,28.023097,55
39B-TUR,45.465569,28.022587,56
39B-TUR,45.465565,28.022122,57
39B-TUR,45.465559,28.021604,58
39B-TUR,45.465544,28.020526,59
39B-TUR,45.465541,28.020379,60
39B-TUR,45.465540,28.020331,61
39B-TUR,45.465508,28.020333,62
39B-TUR,45.465406,28.020332,63
39B-TUR,45.464339,28.020301,64
39B-TUR,45.463531,28.020278,65
39B-TUR,45.461918,28.020336,66
39B-RETUR,45.461918,28.020336,1
39B-RETUR,45.463531,28.020278,2
39B-RETUR,45.464339,28.020301,3
39B-RETUR,45.465406,28.020332,4
39B-RETUR,45.465508,28.020333,5
39B-RETUR,45.465540,28.020331,6
39B-RETUR,45.465541,28.020379,7
39B-RETUR,45.465544,28.020526,8
39B-RETUR,45.465559,28.021604,9
39B-RETUR,45.465565,28.022122,10
39B-RETUR,45.465569,28.022587,11
39B-RETUR,45.465575,28.023097,12
39B-RETUR,45.465576,28.023195,13
39B-RETUR,45.465587,28.023946,14
39B-RETUR,45.465597,28.024820,15
39B-RETUR,45.465618,28.026490,16
39B-RETUR,45.465624,28.026923,17
39B-RETUR,45.465639,28.028135,18
39B-RETUR,45.465641,28.028299,19
39B-RETUR,45.465644,28.028503,20
39B-RETUR,45.465649,28.028917,21
39B-RETUR,45.465666,28.030274,22
39B-RETUR,45.465669,28.030477,23
39B-RETUR,45.465677,28.031140,24
39B-RETUR,45.465678,28.031160,25
39B-RETUR,45.465689,28.032046,26
39B-RETUR,45.465695,28.032249,27
39B-RETUR,45.465692,28.032345,28
39B-RETUR,45.465691,28.032370,29
39B-RETUR,45.465673,28.032436,30
39B-RETUR,45.465627,28.032519,31
39B-RETUR,45.465555,28.032614,32
39B-RETUR,45.465442,28.032736,33
39B-RETUR,45.465292,28.032899,34
39B-RETUR,45.464912,28.033261,35
39B-RETUR,45.464831,28.033336,36
39B-RETUR,45.464795,28.033365,37
39B-RETUR,45.464757,28.033390,38
39B-RETUR,45.464705,28.033411,39
39B-RETUR,45.464709,28.033438,40
39B-RETUR,45.464738,28.033546,41
39B-RETUR,45.464805,28.033807,42
39B-RETUR,45.464896,28.034209,43
39B-RETUR,45.464957,28.034618,44
39B-RETUR,45.465066,28.035147,45
39B-RETUR,45.465104,28.035292,46
39B-RETUR,45.465137,28.035418,47
39B-RETUR,45.465172,28.035563,48
39B-RETUR,45.465154,28.035620,49
39B-RETUR,45.465149,28.035682,50
39B-RETUR,45.465059,28.035761,51
39B-RETUR,45.464882,28.035889,52
39B-RETUR,45.464736,28.036000,53
39B-RETUR,45.464701,28.036019,54
39B-RETUR,45.464665,28.036039,55
39B-RETUR,45.464727,28.036207,56
39B-RETUR,45.464791,28.036302,57
39B-RETUR,45.464849,28.036355,58
39B-RETUR,45.464906,28.036383,59
39B-RETUR,45.464969,28.036395,60
39B-RETUR,45.465026,28.036394,61
39B-RETUR,45.465092,28.036376,62
39B-RETUR,45.465155,28.036330,63
39B-RETUR,45.465201,28.036259,64
39B-RETUR,45.465238,28.036181,65
55-TUR,45.493033,28.026240,1
55-TUR,45.493031,28.026213,2
55-TUR,45.493021,28.025441,3
55-TUR,45.493021,28.025242,4
55-TUR,45.493011,28.024891,5
55-TUR,45.493008,28.024745,6
55-TUR,45.493004,28.024462,7
55-TUR,45.493006,28.023693,8
55-TUR,45.493008,28.023603,9
55-TUR,45.493007,28.023530,10
55-TUR,45.493012,28.023041,11
55-TUR,45.493017,28.022466,12
55-TUR,45.493023,28.021683,13
55-TUR,45.493028,28.021167,14
55-TUR,45.493031,28.020719,15
55-TUR,45.493032,28.020630,16
55-TUR,45.493044,28.019261,17
55-TUR,45.493340,28.019295,18
55-TUR,45.494501,28.019434,19
55-TUR,45.494825,28.019432,20
55-TUR,45.495187,28.019439,21
55-TUR,45.495500,28.019416,22
55-TUR,45.495773,28.019346,23
55-TUR,45.495845,28.019326,24
55-TUR,45.495891,28.019314,25
55-TUR,45.495803,28.017236,26
55-TUR,45.496165,28.017120,27
55-TUR,45.496417,28.017039,28
55-TUR,45.496429,28.016219,29
55-TUR,45.496436,28.015453,30
55-TUR,45.496509,28.015404,31
55-TUR,45.496687,28.015338,32
55-TUR,45.496823,28.015252,33
55-TUR,45.497149,28.015091,34
55-TUR,45.497392,28.015052,35
55-TUR,45.497634,28.015056,36
55-TUR,45.497765,28.015070,37
55-TUR,45.497886,28.015147,38
55-TUR,45.498038,28.015310,39
55-TUR,45.498120,28.015504,40
55-TUR,45.498292,28.016196,41
55-TUR,45.498279,28.016203,42
55-TUR,45.498228,28.016232,43
55-TUR,45.498119,28.016291,44
55-TUR,45.497856,28.016415,45
55-TUR,45.498054,28.018953,46
55-TUR,45.498606,28.018824,47
55-TUR,45.498954,28.018719,48
55-TUR,45.499037,28.018694,49
55-TUR,45.499043,28.018800,50
55-TUR,45.499046,28.018935,51
55-TUR,45.499066,28.019562,52
55-TUR,45.499117,28.021486,53
55-TUR,45.499133,28.021801,54
55-TUR,45.499178,28.022602,55
55-TUR,45.499223,28.023177,56
55-TUR,45.499319,28.024678,57
55-TUR,45.499330,28.024847,58
55-TUR,45.499359,28.025214,59
55-TUR,45.499373,28.025393,60
55-TUR,45.499406,28.025781,61
55-TUR,45.499421,28.025919,62
55-TUR,45.499436,28.026163,63
55-TUR,45.499470,28.026316,64
55-TUR,45.499520,28.026469,65
55-TUR,45.499581,28.026601,66
55-TUR,45.499656,28.026740,67
55-TUR,45.499760,28.027000,68
55-TUR,45.499876,28.027313,69
55-TUR,45.499988,28.027699,70
55-TUR,45.500001,28.027748,71
55-TUR,45.500058,28.027946,72
55-TUR,45.500112,28.028211,73
55-TUR,45.500122,28.028257,74
55-TUR,45.500146,28.028386,75
55-TUR,45.500157,28.028477,76
55-TUR,45.500162,28.028585,77
55-TUR,45.500161,28.028803,78
55-TUR,45.500126,28.029208,79
55-TUR,45.499949,28.030700,80
55-TUR,45.499846,28.031717,81
55-TUR,45.499829,28.031895,82
55-TUR,45.499801,28.032352,83
55-TUR,45.499799,28.032395,84
55-TUR,45.499762,28.032391,85
55-TUR,45.499727,28.032409,86
55-TUR,45.499701,28.032446,87
55-TUR,45.499687,28.032496,88
55-TUR,45.498861,28.032542,89
55-TUR,45.498499,28.032561,90
55-TUR,45.497704,28.032601,91
55-TUR,45.497419,28.032609,92
55-TUR,45.497122,28.032626,93
55-TUR,45.496590,28.032659,94
55-TUR,45.495918,28.032699,95
55-TUR,45.493565,28.032820,96
55-TUR,45.493363,28.032830,97
55-TUR,45.492913,28.032851,98
55-TUR,45.492702,28.032857,99
55-TUR,45.491568,28.032891,100
55-TUR,45.491460,28.032897,101
55-TUR,45.490136,28.032985,102
55-TUR,45.489593,28.033003,103
55-TUR,45.489348,28.033014,104
55-TUR,45.488472,28.033075,105
55-TUR,45.488183,28.033091,106
55-TUR,45.488159,28.033092,107
55-TUR,45.487676,28.033116,108
55-TUR,45.487170,28.033131,109
55-TUR,45.485394,28.033226,110
55-TUR,45.485376,28.033206,111
55-TUR,45.485353,28.033198,112
55-TUR,45.485329,28.033207,113
55-TUR,45.485310,28.033230,114
55-TUR,45.484797,28.033259,115
55-TUR,45.484708,28.033307,116
55-TUR,45.484428,28.033311,117
55-TUR,45.484292,28.033140,118
55-TUR,45.484162,28.032863,119
55-TUR,45.484159,28.032756,120
55-TUR,45.484203,28.032709,121
55-TUR,45.484233,28.032643,122
55-TUR,45.484245,28.032567,123
55-TUR,45.484239,28.032489,124
55-TUR,45.484214,28.032416,125
55-TUR,45.484171,28.032361,126
55-TUR,45.484118,28.032330,127
55-TUR,45.484061,28.032328,128
55-TUR,45.484006,28.032355,129
55-TUR,45.483962,28.032408,130
55-TUR,45.483934,28.032479,131
55-TUR,45.483926,28.032570,132
55-TUR,45.483944,28.032658,133
55-TUR,45.483984,28.032730,134
55-TUR,45.484038,28.032770,135
55-TUR,45.484039,28.032863,136
55-TUR,45.483958,28.033102,137
55-TUR,45.483792,28.033333,138
55-TUR,45.483713,28.033338,139
55-TUR,45.483375,28.033361,140
55-TUR,45.483207,28.033372,141
55-TUR,45.482745,28.033407,142
55-TUR,45.481916,28.033470,143
55-TUR,45.481585,28.033490,144
55-TUR,45.481538,28.033490,145
55-TUR,45.481293,28.033505,146
55-TUR,45.480502,28.033547,147
55-TUR,45.480338,28.033555,148
55-TUR,45.480165,28.033565,149
55-TUR,45.480043,28.033571,150
55-TUR,45.479964,28.033574,151
55-TUR,45.479389,28.033602,152
55-TUR,45.479176,28.033611,153
55-TUR,45.478225,28.033656,154
55-TUR,45.478177,28.033658,155
55-TUR,45.477684,28.033675,156
55-TUR,45.477423,28.033690,157
55-TUR,45.476865,28.033721,158
55-TUR,45.476484,28.033743,159
55-TUR,45.475688,28.033788,160
55-TUR,45.475421,28.033803,161
55-TUR,45.475271,28.033811,162
55-TUR,45.474806,28.033837,163
55-TUR,45.474574,28.033850,164
55-TUR,45.474537,28.033852,165
55-TUR,45.474456,28.033856,166
55-TUR,45.474405,28.033858,167
55-TUR,45.474359,28.033860,168
55-TUR,45.474112,28.033873,169
55-TUR,45.473646,28.033887,170
55-TUR,45.473354,28.033897,171
55-TUR,45.473310,28.033900,172
55-TUR,45.472972,28.033919,173
55-TUR,45.472756,28.033932,174
55-TUR,45.472698,28.033934,175
55-TUR,45.472374,28.033951,176
55-TUR,45.472243,28.033958,177
55-TUR,45.471841,28.033977,178
55-TUR,45.471645,28.033985,179
55-TUR,45.471456,28.033989,180
55-TUR,45.471087,28.034016,181
55-TUR,45.470651,28.034048,182
55-TUR,45.470233,28.034071,183
55-TUR,45.469952,28.034086,184
55-TUR,45.469656,28.034101,185
55-TUR,45.469583,28.034105,186
55-TUR,45.469527,28.034109,187
55-TUR,45.469346,28.034118,188
55-TUR,45.469296,28.034121,189
55-TUR,45.469028,28.034131,190
55-TUR,45.468813,28.034156,191
55-TUR,45.468515,28.034199,192
55-TUR,45.468269,28.034264,193
55-TUR,45.468092,28.034322,194
55-TUR,45.467961,28.034375,195
55-TUR,45.467855,28.034428,196
55-TUR,45.467359,28.034673,197
55-TUR,45.467221,28.034742,198
55-TUR,45.466333,28.035198,199
55-TUR,45.466139,28.035303,200
55-TUR,45.465923,28.035425,201
55-TUR,45.465762,28.035490,202
55-TUR,45.465646,28.035507,203
55-TUR,45.465491,28.035549,204
55-TUR,45.465390,28.035541,205
55-TUR,45.465363,28.035507,206
55-TUR,45.465331,28.035485,207
55-TUR,45.465296,28.035475,208
55-TUR,45.465260,28.035478,209
55-TUR,45.465226,28.035495,210
55-TUR,45.465196,28.035524,211
55-TUR,45.465172,28.035563,212
55-TUR,45.465154,28.035620,213
55-TUR,45.465149,28.035682,214
55-TUR,45.465059,28.035761,215
55-TUR,45.464882,28.035889,216
55-TUR,45.464736,28.036000,217
55-TUR,45.464701,28.036019,218
55-TUR,45.464665,28.036039,219
55-TUR,45.464539,28.036105,220
55-TUR,45.463036,28.036892,221
55-TUR,45.463020,28.036900,222
55-TUR,45.462688,28.037085,223
55-TUR,45.462512,28.037182,224
55-TUR,45.462438,28.037223,225
55-TUR,45.462361,28.037262,226
55-TUR,45.460709,28.038095,227
55-TUR,45.459592,28.038648,228
55-TUR,45.459460,28.038716,229
55-TUR,45.459339,28.038779,230
55-TUR,45.459277,28.038811,231
55-TUR,45.459188,28.038856,232
55-TUR,45.458448,28.039223,233
55-TUR,45.457976,28.039485,234
55-TUR,45.456892,28.040037,235
55-TUR,45.456770,28.040100,236
55-TUR,45.456711,28.040134,237
55-TUR,45.456429,28.040280,238
55-TUR,45.455712,28.040653,239
55-TUR,45.454987,28.041017,240
55-TUR,45.453858,28.041597,241
55-TUR,45.453711,28.041673,242
55-TUR,45.453061,28.042003,243
55-TUR,45.453001,28.042036,244
55-TUR,45.452799,28.042146,245
55-TUR,45.452633,28.042230,246
55-TUR,45.452518,28.042292,247
55-TUR,45.451090,28.043004,248
55-TUR,45.450076,28.043523,249
55-TUR,45.449500,28.043812,250
55-TUR,45.448884,28.044125,251
55-TUR,45.448294,28.044430,252
55-TUR,45.448187,28.044484,253
55-TUR,45.446939,28.045176,254
55-TUR,45.446517,28.045382,255
55-TUR,45.446432,28.045423,256
55-TUR,45.446198,28.045537,257
55-TUR,45.446101,28.045585,258
55-TUR,45.446080,28.045593,259
55-TUR,45.445175,28.046058,260
55-TUR,45.444930,28.046184,261
55-TUR,45.444826,28.046238,262
55-TUR,45.444659,28.046324,263
55-TUR,45.444127,28.046588,264
55-TUR,45.444059,28.046623,265
55-TUR,45.443944,28.046684,266
55-TUR,45.443935,28.046688,267
55-TUR,45.443926,28.046693,268
55-TUR,45.443645,28.046849,269
55-TUR,45.443590,28.046878,270
55-TUR,45.443541,28.046912,271
55-TUR,45.443356,28.047005,272
55-TUR,45.443251,28.047057,273
55-TUR,45.443049,28.047162,274
55-TUR,45.442942,28.047219,275
55-TUR,45.442798,28.047290,276
55-TUR,45.442596,28.047391,277
55-TUR,45.442267,28.047546,278
55-TUR,45.441699,28.047837,279
55-TUR,45.441582,28.047897,280
55-TUR,45.441479,28.047950,281
55-TUR,45.440954,28.048218,282
55-TUR,45.440829,28.048282,283
55-TUR,45.440424,28.048489,284
55-TUR,45.440307,28.048547,285
55-TUR,45.439874,28.048763,286
55-TUR,45.439598,28.048913,287
55-TUR,45.439552,28.048937,288
55-TUR,45.439474,28.048981,289
55-TUR,45.439408,28.049016,290
55-TUR,45.439349,28.049047,291
55-TUR,45.439098,28.049180,292
55-TUR,45.439012,28.049225,293
55-TUR,45.438289,28.049589,294
55-TUR,45.438260,28.049541,295
55-TUR,45.438231,28.049504,296
55-TUR,45.438209,28.049464,297
55-TUR,45.438191,28.049402,298
55-TUR,45.438176,28.049285,299
55-TUR,45.438163,28.049195,300
55-TUR,45.438069,28.049126,301
55-TUR,45.437999,28.049119,302
55-TUR,45.437935,28.049170,303
55-RETUR,45.437935,28.049170,1
55-RETUR,45.437894,28.049212,2
55-RETUR,45.437864,28.049401,3
55-RETUR,45.437870,28.049547,4
55-RETUR,45.437890,28.049624,5
55-RETUR,45.437898,28.049655,6
55-RETUR,45.437929,28.049774,7
55-RETUR,45.438059,28.049709,8
55-RETUR,45.438237,28.049621,9
55-RETUR,45.438289,28.049589,10
55-RETUR,45.439012,28.049225,11
55-RETUR,45.439098,28.049180,12
55-RETUR,45.439349,28.049047,13
55-RETUR,45.439408,28.049016,14
55-RETUR,45.439474,28.048981,15
55-RETUR,45.439552,28.048937,16
55-RETUR,45.439598,28.048913,17
55-RETUR,45.439874,28.048763,18
55-RETUR,45.440307,28.048547,19
55-RETUR,45.440424,28.048489,20
55-RETUR,45.440829,28.048282,21
55-RETUR,45.440954,28.048218,22
55-RETUR,45.441479,28.047950,23
55-RETUR,45.441582,28.047897,24
55-RETUR,45.441699,28.047837,25
55-RETUR,45.442267,28.047546,26
55-RETUR,45.442596,28.047391,27
55-RETUR,45.442798,28.047290,28
55-RETUR,45.442942,28.047219,29
55-RETUR,45.443049,28.047162,30
55-RETUR,45.443251,28.047057,31
55-RETUR,45.443356,28.047005,32
55-RETUR,45.443541,28.046912,33
55-RETUR,45.443590,28.046878,34
55-RETUR,45.443645,28.046849,35
55-RETUR,45.443926,28.046693,36
55-RETUR,45.443935,28.046688,37
55-RETUR,45.443944,28.046684,38
55-RETUR,45.444059,28.046623,39
55-RETUR,45.444127,28.046588,40
55-RETUR,45.444659,28.046324,41
55-RETUR,45.444826,28.046238,42
55-RETUR,45.444930,28.046184,43
55-RETUR,45.445175,28.046058,44
55-RETUR,45.446080,28.045593,45
55-RETUR,45.446101,28.045585,46
55-RETUR,45.446198,28.045537,47
55-RETUR,45.446432,28.045423,48
55-RETUR,45.446517,28.045382,49
55-RETUR,45.446939,28.045176,50
55-RETUR,45.448187,28.044484,51
55-RETUR,45.448294,28.044430,52
55-RETUR,45.448884,28.044125,53
55-RETUR,45.449500,28.043812,54
55-RETUR,45.450076,28.043523,55
55-RETUR,45.451090,28.043004,56
55-RETUR,45.452518,28.042292,57
55-RETUR,45.452633,28.042230,58
55-RETUR,45.452799,28.042146,59
55-RETUR,45.453001,28.042036,60
55-RETUR,45.453061,28.042003,61
55-RETUR,45.453711,28.041673,62
55-RETUR,45.453858,28.041597,63
55-RETUR,45.454987,28.041017,64
55-RETUR,45.455712,28.040653,65
55-RETUR,45.456429,28.040280,66
55-RETUR,45.456711,28.040134,67
55-RETUR,45.456770,28.040100,68
55-RETUR,45.456892,28.040037,69
55-RETUR,45.457976,28.039485,70
55-RETUR,45.458448,28.039223,71
55-RETUR,45.459188,28.038856,72
55-RETUR,45.459277,28.038811,73
55-RETUR,45.459339,28.038779,74
55-RETUR,45.459460,28.038716,75
55-RETUR,45.459592,28.038648,76
55-RETUR,45.460709,28.038095,77
55-RETUR,45.462361,28.037262,78
55-RETUR,45.462438,28.037223,79
55-RETUR,45.462512,28.037182,80
55-RETUR,45.462688,28.037085,81
55-RETUR,45.463020,28.036900,82
55-RETUR,45.463036,28.036892,83
55-RETUR,45.464539,28.036105,84
55-RETUR,45.464665,28.036039,85
55-RETUR,45.464701,28.036019,86
55-RETUR,45.464736,28.036000,87
55-RETUR,45.464897,28.035940,88
55-RETUR,45.465081,28.035864,89
55-RETUR,45.465196,28.035820,90
55-RETUR,45.465227,28.035849,91
55-RETUR,45.465261,28.035865,92
55-RETUR,45.465292,28.035866,93
55-RETUR,45.465324,28.035861,94
55-RETUR,45.465350,28.035843,95
55-RETUR,45.465373,28.035825,96
55-RETUR,45.465394,28.035794,97
55-RETUR,45.465408,28.035765,98
55-RETUR,45.465419,28.035730,99
55-RETUR,45.465536,28.035679,100
55-RETUR,45.465668,28.035589,101
55-RETUR,45.465762,28.035490,102
55-RETUR,45.465923,28.035425,103
55-RETUR,45.466139,28.035303,104
55-RETUR,45.466333,28.035198,105
55-RETUR,45.467221,28.034742,106
55-RETUR,45.467359,28.034673,107
55-RETUR,45.467855,28.034428,108
55-RETUR,45.467961,28.034375,109
55-RETUR,45.468092,28.034322,110
55-RETUR,45.468269,28.034264,111
55-RETUR,45.468515,28.034199,112
55-RETUR,45.468813,28.034156,113
55-RETUR,45.469028,28.034131,114
55-RETUR,45.469296,28.034121,115
55-RETUR,45.469346,28.034118,116
55-RETUR,45.469527,28.034109,117
55-RETUR,45.469583,28.034105,118
55-RETUR,45.469656,28.034101,119
55-RETUR,45.469952,28.034086,120
55-RETUR,45.470233,28.034071,121
55-RETUR,45.470651,28.034048,122
55-RETUR,45.471087,28.034016,123
55-RETUR,45.471456,28.033989,124
55-RETUR,45.471645,28.033985,125
55-RETUR,45.471841,28.033977,126
55-RETUR,45.472243,28.033958,127
55-RETUR,45.472374,28.033951,128
55-RETUR,45.472698,28.033934,129
55-RETUR,45.472756,28.033932,130
55-RETUR,45.472972,28.033919,131
55-RETUR,45.473310,28.033900,132
55-RETUR,45.473354,28.033897,133
55-RETUR,45.473646,28.033887,134
55-RETUR,45.474112,28.033873,135
55-RETUR,45.474359,28.033860,136
55-RETUR,45.474405,28.033858,137
55-RETUR,45.474456,28.033856,138
55-RETUR,45.474537,28.033852,139
55-RETUR,45.474574,28.033850,140
55-RETUR,45.474806,28.033837,141
55-RETUR,45.475271,28.033811,142
55-RETUR,45.475421,28.033803,143
55-RETUR,45.475688,28.033788,144
55-RETUR,45.476484,28.033743,145
55-RETUR,45.476865,28.033721,146
55-RETUR,45.477423,28.033690,147
55-RETUR,45.477684,28.033675,148
55-RETUR,45.478177,28.033658,149
55-RETUR,45.478225,28.033656,150
55-RETUR,45.479176,28.033611,151
55-RETUR,45.479389,28.033602,152
55-RETUR,45.479964,28.033574,153
55-RETUR,45.480043,28.033571,154
55-RETUR,45.480165,28.033565,155
55-RETUR,45.480338,28.033555,156
55-RETUR,45.480502,28.033547,157
55-RETUR,45.481293,28.033505,158
55-RETUR,45.481538,28.033490,159
55-RETUR,45.481585,28.033490,160
55-RETUR,45.481916,28.033470,161
55-RETUR,45.482745,28.033407,162
55-RETUR,45.483207,28.033372,163
55-RETUR,45.483375,28.033361,164
55-RETUR,45.483713,28.033338,165
55-RETUR,45.483792,28.033333,166
55-RETUR,45.484105,28.033320,167
55-RETUR,45.484155,28.033144,168
55-RETUR,45.484162,28.032863,169
55-RETUR,45.484159,28.032756,170
55-RETUR,45.484203,28.032709,171
55-RETUR,45.484233,28.032643,172
55-RETUR,45.484245,28.032567,173
55-RETUR,45.484239,28.032489,174
55-RETUR,45.484214,28.032416,175
55-RETUR,45.484171,28.032361,176
55-RETUR,45.484118,28.032330,177
55-RETUR,45.484061,28.032328,178
55-RETUR,45.484006,28.032355,179
55-RETUR,45.483962,28.032408,180
55-RETUR,45.483934,28.032479,181
55-RETUR,45.483926,28.032570,182
55-RETUR,45.483944,28.032658,183
55-RETUR,45.483984,28.032730,184
55-RETUR,45.484038,28.032770,185
55-RETUR,45.484039,28.032863,186
55-RETUR,45.484054,28.033145,187
55-RETUR,45.484105,28.033320,188
55-RETUR,45.484428,28.033311,189
55-RETUR,45.484708,28.033307,190
55-RETUR,45.484803,28.033354,191
55-RETUR,45.485134,28.033335,192
55-RETUR,45.485316,28.033329,193
55-RETUR,45.485335,28.033346,194
55-RETUR,45.485357,28.033350,195
55-RETUR,45.485377,28.033342,196
55-RETUR,45.485394,28.033324,197
55-RETUR,45.485733,28.033310,198
55-RETUR,45.486681,28.033258,199
55-RETUR,45.487930,28.033190,200
55-RETUR,45.488239,28.033172,201
55-RETUR,45.488786,28.033142,202
55-RETUR,45.489596,28.033086,203
55-RETUR,45.491608,28.033002,204
55-RETUR,45.492668,28.032959,205
55-RETUR,45.492975,28.032943,206
55-RETUR,45.493223,28.032930,207
55-RETUR,45.498321,28.032664,208
55-RETUR,45.499046,28.032630,209
55-RETUR,45.499677,28.032591,210
55-RETUR,45.499703,28.032590,211
55-RETUR,45.499726,28.032620,212
55-RETUR,45.499755,28.032637,213
55-RETUR,45.499786,28.032639,214
55-RETUR,45.499812,28.032628,215
55-RETUR,45.499835,28.032605,216
55-RETUR,45.499852,28.032573,217
55-RETUR,45.499859,28.032545,218
55-RETUR,45.499862,28.032515,219
55-RETUR,45.499859,28.032485,220
55-RETUR,45.499847,28.032445,221
55-RETUR,45.499826,28.032414,222
55-RETUR,45.499799,28.032395,223
55-RETUR,45.499762,28.032391,224
55-RETUR,45.499727,28.032409,225
55-RETUR,45.499701,28.032446,226
55-RETUR,45.499687,28.032496,227
55-RETUR,45.498861,28.032542,228
55-RETUR,45.498499,28.032561,229
55-RETUR,45.497704,28.032601,230
55-RETUR,45.497419,28.032609,231
55-RETUR,45.497122,28.032626,232
55-RETUR,45.496590,28.032659,233
55-RETUR,45.495918,28.032699,234
55-RETUR,45.493565,28.032820,235
55-RETUR,45.493363,28.032830,236
55-RETUR,45.492913,28.032851,237
55-RETUR,45.492791,28.029755,238
55-RETUR,45.492828,28.029650,239
55-RETUR,45.492892,28.029558,240
55-RETUR,45.493156,28.029212,241
55-RETUR,45.493178,28.029131,242
55-RETUR,45.493141,28.027624,243
55-RETUR,45.493162,28.027075,244
55-RETUR,45.493072,28.026717,245
55-RETUR,45.493033,28.026240,246
